2026-03-22 10:15:03,518 [WARNING] kirannn: prometheus-client not installed — metrics disabled
2026-03-22 10:16:14,209 [WARNING] kirannn: prometheus-client not installed — metrics disabled
2026-03-22 10:17:28,304 [WARNING] kirannn: prometheus-client not installed — metrics disabled
2026-03-22 10:17:35,464 [WARNING] kirannn: prometheus-client not installed — metrics disabled
2026-03-22 10:18:03,970 [WARNING] kirannn: prometheus-client not installed — metrics disabled
2026-03-22 10:18:56,730 [WARNING] kirannn: prometheus-client not installed — metrics disabled
2026-03-22 10:29:33,092 [WARNING] kirannn: prometheus-client not installed — metrics disabled
2026-03-22 10:36:27,716 [WARNING] kirannn: prometheus-client not installed — metrics disabled
2026-03-22 10:37:56,981 [INFO] kirannn: Agent run: research — ok (50.13s)
2026-03-22 10:44:01,349 [WARNING] kirannn: prometheus-client not installed — metrics disabled
2026-03-22 10:49:50,981 [WARNING] kirannn: prometheus-client not installed — metrics disabled
2026-03-22 10:55:37,388 [WARNING] kirannn: prometheus-client not installed — metrics disabled
2026-03-22 16:24:18,350 [WARNING] kirannn: prometheus-client not installed — metrics disabled
2026-03-22 16:25:29,154 [WARNING] kirannn: prometheus-client not installed — metrics disabled
2026-03-22 16:26:50,380 [WARNING] kirannn: prometheus-client not installed — metrics disabled
2026-03-22 16:26:52,408 [WARNING] kirannn: prometheus-client not installed — metrics disabled
2026-03-22 16:28:03,130 [WARNING] kirannn: prometheus-client not installed — metrics disabled
2026-03-22 16:29:24,021 [WARNING] kirannn: prometheus-client not installed — metrics disabled
2026-03-22 16:30:45,156 [WARNING] kirannn: prometheus-client not installed — metrics disabled
2026-03-22 16:32:11,600 [WARNING] kirannn: prometheus-client not installed — metrics disabled
2026-03-22 16:32:55,941 [WARNING] kirannn: prometheus-client not installed — metrics disabled
2026-03-22 16:33:13,484 [WARNING] kirannn: prometheus-client not installed — metrics disabled
2026-03-22 16:33:29,925 [WARNING] kirannn: prometheus-client not installed — metrics disabled
2026-03-22 16:33:51,904 [WARNING] kirannn: prometheus-client not installed — metrics disabled
2026-03-22 16:34:14,653 [WARNING] kirannn: prometheus-client not installed — metrics disabled
2026-03-22 16:35:25,255 [WARNING] kirannn: prometheus-client not installed — metrics disabled
2026-03-22 16:35:46,704 [INFO] kirannn: Agent run: master — ok (22.76s)
2026-03-22 16:36:46,203 [WARNING] kirannn: prometheus-client not installed — metrics disabled
2026-03-22 16:37:50,933 [INFO] kirannn: Agent run: master — ok (22.70s)
2026-03-22 16:38:07,390 [WARNING] kirannn: prometheus-client not installed — metrics disabled
2026-03-22 16:42:39,538 [INFO] kirannn: Agent run: master — ok (22.70s)
2026-03-22 17:10:55,675 [WARNING] kirannn: prometheus-client not installed — metrics disabled
2026-03-22 17:10:57,901 [WARNING] kirannn: prometheus-client not installed — metrics disabled
2026-03-22 17:11:02,279 [WARNING] kirannn: prometheus-client not installed — metrics disabled
2026-03-22 17:11:18,647 [WARNING] kirannn: prometheus-client not installed — metrics disabled
2026-03-22 17:12:39,367 [WARNING] kirannn: prometheus-client not installed — metrics disabled
2026-03-22 17:14:20,597 [WARNING] kirannn: prometheus-client not installed — metrics disabled
2026-03-22 17:16:01,562 [WARNING] kirannn: prometheus-client not installed — metrics disabled
2026-03-22 17:16:48,789 [INFO] kirannn: Agent run: master — ok (22.56s)
2026-03-22 17:24:21,036 [WARNING] kirannn: prometheus-client not installed — metrics disabled
2026-03-22 18:41:24,406 [WARNING] kirannn: prometheus-client not installed — metrics disabled
2026-03-22 18:42:44,593 [WARNING] kirannn: prometheus-client not installed — metrics disabled
2026-03-22 18:44:25,860 [WARNING] kirannn: prometheus-client not installed — metrics disabled
2026-03-22 18:46:06,965 [WARNING] kirannn: prometheus-client not installed — metrics disabled
2026-03-22 18:55:45,293 [WARNING] kirannn: prometheus-client not installed — metrics disabled
2026-03-22 18:58:23,605 [WARNING] kirannn: prometheus-client not installed — metrics disabled
2026-03-22 19:01:01,774 [WARNING] kirannn: prometheus-client not installed — metrics disabled
2026-03-22 19:03:40,063 [WARNING] kirannn: prometheus-client not installed — metrics disabled
2026-03-22 19:06:18,335 [WARNING] kirannn: prometheus-client not installed — metrics disabled
2026-06-06 21:17:41,489 [INFO] httpx: HTTP Request: POST https://api.telegram.org/botyour_bot_token_here/getMe "HTTP/1.1 404 Not Found"
2026-06-06 21:17:41,493 [ERROR] telegram.ext: Network Retry Loop (Bootstrap Initialize Application): Invalid token. Aborting retry loop.
Traceback (most recent call last):
  File "C:\Users\Sai kiran\AppData\Local\Programs\Python\Python314\Lib\site-packages\telegram\_bot.py", line 856, in initialize
    await self.get_me()
  File "C:\Users\Sai kiran\AppData\Local\Programs\Python\Python314\Lib\site-packages\telegram\ext\_extbot.py", line 2007, in get_me
    return await super().get_me(
           ^^^^^^^^^^^^^^^^^^^^^
    ...<5 lines>...
    )
    ^
  File "C:\Users\Sai kiran\AppData\Local\Programs\Python\Python314\Lib\site-packages\telegram\_bot.py", line 989, in get_me
    result = await self._post(
             ^^^^^^^^^^^^^^^^^
    ...<6 lines>...
    )
    ^
  File "C:\Users\Sai kiran\AppData\Local\Programs\Python\Python314\Lib\site-packages\telegram\_bot.py", line 703, in _post
    return await self._do_post(
           ^^^^^^^^^^^^^^^^^^^^
    ...<6 lines>...
    )
    ^
  File "C:\Users\Sai kiran\AppData\Local\Programs\Python\Python314\Lib\site-packages\telegram\ext\_extbot.py", line 369, in _do_post
    return await super()._do_post(
           ^^^^^^^^^^^^^^^^^^^^^^^
    ...<6 lines>...
    )
    ^
  File "C:\Users\Sai kiran\AppData\Local\Programs\Python\Python314\Lib\site-packages\telegram\_bot.py", line 732, in _do_post
    result = await request.post(
             ^^^^^^^^^^^^^^^^^^^
    ...<6 lines>...
    )
    ^
  File "C:\Users\Sai kiran\AppData\Local\Programs\Python\Python314\Lib\site-packages\telegram\request\_baserequest.py", line 198, in post
    result = await self._request_wrapper(
             ^^^^^^^^^^^^^^^^^^^^^^^^^^^^
    ...<7 lines>...
    )
    ^
  File "C:\Users\Sai kiran\AppData\Local\Programs\Python\Python314\Lib\site-packages\telegram\request\_baserequest.py", line 375, in _request_wrapper
    raise exception
telegram.error.InvalidToken: Not Found

The above exception was the direct cause of the following exception:

Traceback (most recent call last):
  File "C:\Users\Sai kiran\AppData\Local\Programs\Python\Python314\Lib\site-packages\telegram\ext\_utils\networkloop.py", line 161, in network_retry_loop
    await do_action()
  File "C:\Users\Sai kiran\AppData\Local\Programs\Python\Python314\Lib\site-packages\telegram\ext\_utils\networkloop.py", line 136, in do_action
    await action_cb()
  File "C:\Users\Sai kiran\AppData\Local\Programs\Python\Python314\Lib\site-packages\telegram\ext\_application.py", line 489, in initialize
    await self.bot.initialize()
  File "C:\Users\Sai kiran\AppData\Local\Programs\Python\Python314\Lib\site-packages\telegram\ext\_extbot.py", line 315, in initialize
    await super().initialize()
  File "C:\Users\Sai kiran\AppData\Local\Programs\Python\Python314\Lib\site-packages\telegram\_bot.py", line 859, in initialize
    raise InvalidToken(f"The token `{self._token}` was rejected by the server.") from exc
telegram.error.InvalidToken: The token `your_bot_token_here` was rejected by the server.
2026-06-06 21:23:42,813 [INFO] httpx: HTTP Request: POST https://api.telegram.org/botyour_bot_token_here/getMe "HTTP/1.1 404 Not Found"
2026-06-06 21:23:42,814 [ERROR] telegram.ext: Network Retry Loop (Bootstrap Initialize Application): Invalid token. Aborting retry loop.
Traceback (most recent call last):
  File "C:\Users\Sai kiran\AppData\Local\Programs\Python\Python314\Lib\site-packages\telegram\_bot.py", line 856, in initialize
    await self.get_me()
  File "C:\Users\Sai kiran\AppData\Local\Programs\Python\Python314\Lib\site-packages\telegram\ext\_extbot.py", line 2007, in get_me
    return await super().get_me(
           ^^^^^^^^^^^^^^^^^^^^^
    ...<5 lines>...
    )
    ^
  File "C:\Users\Sai kiran\AppData\Local\Programs\Python\Python314\Lib\site-packages\telegram\_bot.py", line 989, in get_me
    result = await self._post(
             ^^^^^^^^^^^^^^^^^
    ...<6 lines>...
    )
    ^
  File "C:\Users\Sai kiran\AppData\Local\Programs\Python\Python314\Lib\site-packages\telegram\_bot.py", line 703, in _post
    return await self._do_post(
           ^^^^^^^^^^^^^^^^^^^^
    ...<6 lines>...
    )
    ^
  File "C:\Users\Sai kiran\AppData\Local\Programs\Python\Python314\Lib\site-packages\telegram\ext\_extbot.py", line 369, in _do_post
    return await super()._do_post(
           ^^^^^^^^^^^^^^^^^^^^^^^
    ...<6 lines>...
    )
    ^
  File "C:\Users\Sai kiran\AppData\Local\Programs\Python\Python314\Lib\site-packages\telegram\_bot.py", line 732, in _do_post
    result = await request.post(
             ^^^^^^^^^^^^^^^^^^^
    ...<6 lines>...
    )
    ^
  File "C:\Users\Sai kiran\AppData\Local\Programs\Python\Python314\Lib\site-packages\telegram\request\_baserequest.py", line 198, in post
    result = await self._request_wrapper(
             ^^^^^^^^^^^^^^^^^^^^^^^^^^^^
    ...<7 lines>...
    )
    ^
  File "C:\Users\Sai kiran\AppData\Local\Programs\Python\Python314\Lib\site-packages\telegram\request\_baserequest.py", line 375, in _request_wrapper
    raise exception
telegram.error.InvalidToken: Not Found

The above exception was the direct cause of the following exception:

Traceback (most recent call last):
  File "C:\Users\Sai kiran\AppData\Local\Programs\Python\Python314\Lib\site-packages\telegram\ext\_utils\networkloop.py", line 161, in network_retry_loop
    await do_action()
  File "C:\Users\Sai kiran\AppData\Local\Programs\Python\Python314\Lib\site-packages\telegram\ext\_utils\networkloop.py", line 136, in do_action
    await action_cb()
  File "C:\Users\Sai kiran\AppData\Local\Programs\Python\Python314\Lib\site-packages\telegram\ext\_application.py", line 489, in initialize
    await self.bot.initialize()
  File "C:\Users\Sai kiran\AppData\Local\Programs\Python\Python314\Lib\site-packages\telegram\ext\_extbot.py", line 315, in initialize
    await super().initialize()
  File "C:\Users\Sai kiran\AppData\Local\Programs\Python\Python314\Lib\site-packages\telegram\_bot.py", line 859, in initialize
    raise InvalidToken(f"The token `{self._token}` was rejected by the server.") from exc
telegram.error.InvalidToken: The token `your_bot_token_here` was rejected by the server.
2026-06-06 21:24:43,889 [INFO] httpx: HTTP Request: POST http://localhost:11434/api/embed "HTTP/1.1 200 OK"
2026-06-06 21:27:03,125 [INFO] httpx: HTTP Request: HEAD https://huggingface.co/cross-encoder/ms-marco-MiniLM-L-6-v2/resolve/main/config.json "HTTP/1.1 307 Temporary Redirect"
2026-06-06 21:27:03,497 [INFO] httpx: HTTP Request: HEAD https://huggingface.co/cross-encoder/ms-marco-MiniLM-L6-v2/resolve/main/config.json "HTTP/1.1 307 Temporary Redirect"
2026-06-06 21:27:03,499 [WARNING] huggingface_hub.utils._http: Warning: You are sending unauthenticated requests to the HF Hub. Please set a HF_TOKEN to enable higher rate limits and faster downloads.
2026-06-06 21:27:03,529 [INFO] httpx: HTTP Request: HEAD https://huggingface.co/api/resolve-cache/models/cross-encoder/ms-marco-MiniLM-L6-v2/c5ee24cb16019beea0893ab7796b1df96625c6b8/config.json "HTTP/1.1 200 OK"
2026-06-06 21:27:03,569 [INFO] httpx: HTTP Request: GET https://huggingface.co/api/resolve-cache/models/cross-encoder/ms-marco-MiniLM-L6-v2/c5ee24cb16019beea0893ab7796b1df96625c6b8/config.json "HTTP/1.1 200 OK"
2026-06-06 21:27:04,125 [INFO] httpx: HTTP Request: HEAD https://huggingface.co/cross-encoder/ms-marco-MiniLM-L-6-v2/resolve/main/model.safetensors "HTTP/1.1 307 Temporary Redirect"
2026-06-06 21:27:04,534 [INFO] httpx: HTTP Request: HEAD https://huggingface.co/cross-encoder/ms-marco-MiniLM-L6-v2/resolve/main/model.safetensors "HTTP/1.1 302 Found"
2026-06-06 21:27:05,015 [INFO] httpx: HTTP Request: GET https://huggingface.co/api/models/cross-encoder/ms-marco-MiniLM-L6-v2/xet-read-token/c5ee24cb16019beea0893ab7796b1df96625c6b8 "HTTP/1.1 200 OK"
2026-06-06 21:27:35,089 [INFO] httpx: HTTP Request: HEAD https://huggingface.co/cross-encoder/ms-marco-MiniLM-L-6-v2/resolve/main/config.json "HTTP/1.1 307 Temporary Redirect"
2026-06-06 21:27:35,495 [INFO] httpx: HTTP Request: HEAD https://huggingface.co/cross-encoder/ms-marco-MiniLM-L6-v2/resolve/main/config.json "HTTP/1.1 307 Temporary Redirect"
2026-06-06 21:27:35,526 [INFO] httpx: HTTP Request: HEAD https://huggingface.co/api/resolve-cache/models/cross-encoder/ms-marco-MiniLM-L6-v2/c5ee24cb16019beea0893ab7796b1df96625c6b8/config.json "HTTP/1.1 200 OK"
2026-06-06 21:27:35,925 [INFO] httpx: HTTP Request: HEAD https://huggingface.co/cross-encoder/ms-marco-MiniLM-L-6-v2/resolve/main/tokenizer_config.json "HTTP/1.1 307 Temporary Redirect"
2026-06-06 21:27:36,181 [INFO] httpx: HTTP Request: HEAD https://huggingface.co/cross-encoder/ms-marco-MiniLM-L6-v2/resolve/main/tokenizer_config.json "HTTP/1.1 307 Temporary Redirect"
2026-06-06 21:27:36,218 [INFO] httpx: HTTP Request: HEAD https://huggingface.co/api/resolve-cache/models/cross-encoder/ms-marco-MiniLM-L6-v2/c5ee24cb16019beea0893ab7796b1df96625c6b8/tokenizer_config.json "HTTP/1.1 200 OK"
2026-06-06 21:27:36,260 [INFO] httpx: HTTP Request: GET https://huggingface.co/api/resolve-cache/models/cross-encoder/ms-marco-MiniLM-L6-v2/c5ee24cb16019beea0893ab7796b1df96625c6b8/tokenizer_config.json "HTTP/1.1 200 OK"
2026-06-06 21:27:36,687 [INFO] httpx: HTTP Request: GET https://huggingface.co/api/models/cross-encoder/ms-marco-MiniLM-L-6-v2/tree/main/additional_chat_templates?recursive=false&expand=false "HTTP/1.1 307 Temporary Redirect"
2026-06-06 21:27:37,056 [INFO] httpx: HTTP Request: GET https://huggingface.co/api/models/cross-encoder/ms-marco-MiniLM-L6-v2/tree/main/additional_chat_templates?recursive=false&expand=false "HTTP/1.1 404 Not Found"
2026-06-06 21:27:37,434 [INFO] httpx: HTTP Request: GET https://huggingface.co/api/models/cross-encoder/ms-marco-MiniLM-L-6-v2/tree/main?recursive=true&expand=false "HTTP/1.1 307 Temporary Redirect"
2026-06-06 21:27:37,829 [INFO] httpx: HTTP Request: GET https://huggingface.co/api/models/cross-encoder/ms-marco-MiniLM-L6-v2/tree/main?recursive=true&expand=false "HTTP/1.1 200 OK"
2026-06-06 21:27:38,223 [INFO] httpx: HTTP Request: HEAD https://huggingface.co/cross-encoder/ms-marco-MiniLM-L-6-v2/resolve/main/vocab.txt "HTTP/1.1 307 Temporary Redirect"
2026-06-06 21:27:38,666 [INFO] httpx: HTTP Request: HEAD https://huggingface.co/cross-encoder/ms-marco-MiniLM-L6-v2/resolve/main/vocab.txt "HTTP/1.1 307 Temporary Redirect"
2026-06-06 21:27:38,732 [INFO] httpx: HTTP Request: HEAD https://huggingface.co/api/resolve-cache/models/cross-encoder/ms-marco-MiniLM-L6-v2/c5ee24cb16019beea0893ab7796b1df96625c6b8/vocab.txt "HTTP/1.1 200 OK"
2026-06-06 21:27:38,768 [INFO] httpx: HTTP Request: GET https://huggingface.co/api/resolve-cache/models/cross-encoder/ms-marco-MiniLM-L6-v2/c5ee24cb16019beea0893ab7796b1df96625c6b8/vocab.txt "HTTP/1.1 200 OK"
2026-06-06 21:27:39,328 [INFO] httpx: HTTP Request: HEAD https://huggingface.co/cross-encoder/ms-marco-MiniLM-L-6-v2/resolve/main/tokenizer.json "HTTP/1.1 307 Temporary Redirect"
2026-06-06 21:27:39,758 [INFO] httpx: HTTP Request: HEAD https://huggingface.co/cross-encoder/ms-marco-MiniLM-L6-v2/resolve/main/tokenizer.json "HTTP/1.1 307 Temporary Redirect"
2026-06-06 21:27:39,863 [INFO] httpx: HTTP Request: HEAD https://huggingface.co/api/resolve-cache/models/cross-encoder/ms-marco-MiniLM-L6-v2/c5ee24cb16019beea0893ab7796b1df96625c6b8/tokenizer.json "HTTP/1.1 200 OK"
2026-06-06 21:27:39,916 [INFO] httpx: HTTP Request: GET https://huggingface.co/api/resolve-cache/models/cross-encoder/ms-marco-MiniLM-L6-v2/c5ee24cb16019beea0893ab7796b1df96625c6b8/tokenizer.json "HTTP/1.1 200 OK"
2026-06-06 21:27:40,377 [INFO] httpx: HTTP Request: HEAD https://huggingface.co/cross-encoder/ms-marco-MiniLM-L-6-v2/resolve/main/added_tokens.json "HTTP/1.1 307 Temporary Redirect"
2026-06-06 21:27:40,644 [INFO] httpx: HTTP Request: HEAD https://huggingface.co/cross-encoder/ms-marco-MiniLM-L6-v2/resolve/main/added_tokens.json "HTTP/1.1 404 Not Found"
2026-06-06 21:27:41,048 [INFO] httpx: HTTP Request: HEAD https://huggingface.co/cross-encoder/ms-marco-MiniLM-L-6-v2/resolve/main/special_tokens_map.json "HTTP/1.1 307 Temporary Redirect"
2026-06-06 21:27:41,451 [INFO] httpx: HTTP Request: HEAD https://huggingface.co/cross-encoder/ms-marco-MiniLM-L6-v2/resolve/main/special_tokens_map.json "HTTP/1.1 307 Temporary Redirect"
2026-06-06 21:27:41,490 [INFO] httpx: HTTP Request: HEAD https://huggingface.co/api/resolve-cache/models/cross-encoder/ms-marco-MiniLM-L6-v2/c5ee24cb16019beea0893ab7796b1df96625c6b8/special_tokens_map.json "HTTP/1.1 200 OK"
2026-06-06 21:27:41,541 [INFO] httpx: HTTP Request: GET https://huggingface.co/api/resolve-cache/models/cross-encoder/ms-marco-MiniLM-L6-v2/c5ee24cb16019beea0893ab7796b1df96625c6b8/special_tokens_map.json "HTTP/1.1 200 OK"
2026-06-06 21:27:41,937 [INFO] httpx: HTTP Request: HEAD https://huggingface.co/cross-encoder/ms-marco-MiniLM-L-6-v2/resolve/main/chat_template.jinja "HTTP/1.1 307 Temporary Redirect"
2026-06-06 21:27:42,267 [INFO] httpx: HTTP Request: HEAD https://huggingface.co/cross-encoder/ms-marco-MiniLM-L6-v2/resolve/main/chat_template.jinja "HTTP/1.1 404 Not Found"
2026-06-06 21:27:42,756 [INFO] httpx: HTTP Request: HEAD https://huggingface.co/cross-encoder/ms-marco-MiniLM-L-6-v2/resolve/main/README.md "HTTP/1.1 307 Temporary Redirect"
2026-06-06 21:27:43,110 [INFO] httpx: HTTP Request: HEAD https://huggingface.co/cross-encoder/ms-marco-MiniLM-L6-v2/resolve/main/README.md "HTTP/1.1 307 Temporary Redirect"
2026-06-06 21:27:43,148 [INFO] httpx: HTTP Request: HEAD https://huggingface.co/api/resolve-cache/models/cross-encoder/ms-marco-MiniLM-L6-v2/c5ee24cb16019beea0893ab7796b1df96625c6b8/README.md "HTTP/1.1 200 OK"
2026-06-06 21:27:43,197 [INFO] httpx: HTTP Request: GET https://huggingface.co/api/resolve-cache/models/cross-encoder/ms-marco-MiniLM-L6-v2/c5ee24cb16019beea0893ab7796b1df96625c6b8/README.md "HTTP/1.1 200 OK"
2026-06-06 21:27:43,255 [INFO] sentence_transformers.cross_encoder.CrossEncoder: Use pytorch device: cpu
2026-06-06 21:27:43,667 [INFO] httpx: HTTP Request: GET https://huggingface.co/api/models/cross-encoder/ms-marco-MiniLM-L-6-v2 "HTTP/1.1 307 Temporary Redirect"
2026-06-06 21:27:43,997 [INFO] httpx: HTTP Request: GET https://huggingface.co/api/models/cross-encoder/ms-marco-MiniLM-L6-v2 "HTTP/1.1 200 OK"
2026-06-06 21:27:46,358 [INFO] httpx: HTTP Request: POST http://localhost:11434/api/embed "HTTP/1.1 200 OK"
2026-06-06 21:27:50,609 [INFO] httpx: HTTP Request: POST http://localhost:11434/api/embed "HTTP/1.1 200 OK"
2026-06-06 21:27:51,671 [INFO] httpx: HTTP Request: POST http://localhost:11434/api/embed "HTTP/1.1 200 OK"
2026-06-06 21:27:52,440 [INFO] httpx: HTTP Request: POST http://localhost:11434/api/embed "HTTP/1.1 200 OK"
2026-06-06 21:32:23,287 [INFO] httpx: HTTP Request: POST https://api.telegram.org/botyour_bot_token_here/getMe "HTTP/1.1 404 Not Found"
2026-06-06 21:32:23,288 [ERROR] telegram.ext: Network Retry Loop (Bootstrap Initialize Application): Invalid token. Aborting retry loop.
Traceback (most recent call last):
  File "C:\Users\Sai kiran\AppData\Local\Programs\Python\Python314\Lib\site-packages\telegram\_bot.py", line 856, in initialize
    await self.get_me()
  File "C:\Users\Sai kiran\AppData\Local\Programs\Python\Python314\Lib\site-packages\telegram\ext\_extbot.py", line 2007, in get_me
    return await super().get_me(
           ^^^^^^^^^^^^^^^^^^^^^
    ...<5 lines>...
    )
    ^
  File "C:\Users\Sai kiran\AppData\Local\Programs\Python\Python314\Lib\site-packages\telegram\_bot.py", line 989, in get_me
    result = await self._post(
             ^^^^^^^^^^^^^^^^^
    ...<6 lines>...
    )
    ^
  File "C:\Users\Sai kiran\AppData\Local\Programs\Python\Python314\Lib\site-packages\telegram\_bot.py", line 703, in _post
    return await self._do_post(
           ^^^^^^^^^^^^^^^^^^^^
    ...<6 lines>...
    )
    ^
  File "C:\Users\Sai kiran\AppData\Local\Programs\Python\Python314\Lib\site-packages\telegram\ext\_extbot.py", line 369, in _do_post
    return await super()._do_post(
           ^^^^^^^^^^^^^^^^^^^^^^^
    ...<6 lines>...
    )
    ^
  File "C:\Users\Sai kiran\AppData\Local\Programs\Python\Python314\Lib\site-packages\telegram\_bot.py", line 732, in _do_post
    result = await request.post(
             ^^^^^^^^^^^^^^^^^^^
    ...<6 lines>...
    )
    ^
  File "C:\Users\Sai kiran\AppData\Local\Programs\Python\Python314\Lib\site-packages\telegram\request\_baserequest.py", line 198, in post
    result = await self._request_wrapper(
             ^^^^^^^^^^^^^^^^^^^^^^^^^^^^
    ...<7 lines>...
    )
    ^
  File "C:\Users\Sai kiran\AppData\Local\Programs\Python\Python314\Lib\site-packages\telegram\request\_baserequest.py", line 375, in _request_wrapper
    raise exception
telegram.error.InvalidToken: Not Found

The above exception was the direct cause of the following exception:

Traceback (most recent call last):
  File "C:\Users\Sai kiran\AppData\Local\Programs\Python\Python314\Lib\site-packages\telegram\ext\_utils\networkloop.py", line 161, in network_retry_loop
    await do_action()
  File "C:\Users\Sai kiran\AppData\Local\Programs\Python\Python314\Lib\site-packages\telegram\ext\_utils\networkloop.py", line 136, in do_action
    await action_cb()
  File "C:\Users\Sai kiran\AppData\Local\Programs\Python\Python314\Lib\site-packages\telegram\ext\_application.py", line 489, in initialize
    await self.bot.initialize()
  File "C:\Users\Sai kiran\AppData\Local\Programs\Python\Python314\Lib\site-packages\telegram\ext\_extbot.py", line 315, in initialize
    await super().initialize()
  File "C:\Users\Sai kiran\AppData\Local\Programs\Python\Python314\Lib\site-packages\telegram\_bot.py", line 859, in initialize
    raise InvalidToken(f"The token `{self._token}` was rejected by the server.") from exc
telegram.error.InvalidToken: The token `your_bot_token_here` was rejected by the server.
2026-06-06 21:34:13,867 [INFO] httpx: HTTP Request: POST http://localhost:11434/api/embed "HTTP/1.1 200 OK"
2026-06-06 21:34:27,709 [INFO] httpx: HTTP Request: HEAD https://huggingface.co/cross-encoder/ms-marco-MiniLM-L-6-v2/resolve/main/config.json "HTTP/1.1 307 Temporary Redirect"
2026-06-06 21:34:27,951 [INFO] httpx: HTTP Request: HEAD https://huggingface.co/cross-encoder/ms-marco-MiniLM-L6-v2/resolve/main/config.json "HTTP/1.1 307 Temporary Redirect"
2026-06-06 21:34:27,952 [WARNING] huggingface_hub.utils._http: Warning: You are sending unauthenticated requests to the HF Hub. Please set a HF_TOKEN to enable higher rate limits and faster downloads.
2026-06-06 21:34:27,974 [INFO] httpx: HTTP Request: HEAD https://huggingface.co/api/resolve-cache/models/cross-encoder/ms-marco-MiniLM-L6-v2/c5ee24cb16019beea0893ab7796b1df96625c6b8/config.json "HTTP/1.1 200 OK"
2026-06-06 21:34:28,409 [INFO] httpx: HTTP Request: HEAD https://huggingface.co/cross-encoder/ms-marco-MiniLM-L-6-v2/resolve/main/config.json "HTTP/1.1 307 Temporary Redirect"
2026-06-06 21:34:28,658 [INFO] httpx: HTTP Request: HEAD https://huggingface.co/cross-encoder/ms-marco-MiniLM-L6-v2/resolve/main/config.json "HTTP/1.1 307 Temporary Redirect"
2026-06-06 21:34:28,680 [INFO] httpx: HTTP Request: HEAD https://huggingface.co/api/resolve-cache/models/cross-encoder/ms-marco-MiniLM-L6-v2/c5ee24cb16019beea0893ab7796b1df96625c6b8/config.json "HTTP/1.1 200 OK"
2026-06-06 21:34:28,925 [INFO] httpx: HTTP Request: HEAD https://huggingface.co/cross-encoder/ms-marco-MiniLM-L-6-v2/resolve/main/tokenizer_config.json "HTTP/1.1 307 Temporary Redirect"
2026-06-06 21:34:29,159 [INFO] httpx: HTTP Request: HEAD https://huggingface.co/cross-encoder/ms-marco-MiniLM-L6-v2/resolve/main/tokenizer_config.json "HTTP/1.1 307 Temporary Redirect"
2026-06-06 21:34:29,193 [INFO] httpx: HTTP Request: HEAD https://huggingface.co/api/resolve-cache/models/cross-encoder/ms-marco-MiniLM-L6-v2/c5ee24cb16019beea0893ab7796b1df96625c6b8/tokenizer_config.json "HTTP/1.1 200 OK"
2026-06-06 21:34:29,444 [INFO] httpx: HTTP Request: GET https://huggingface.co/api/models/cross-encoder/ms-marco-MiniLM-L-6-v2/tree/main/additional_chat_templates?recursive=false&expand=false "HTTP/1.1 307 Temporary Redirect"
2026-06-06 21:34:29,692 [INFO] httpx: HTTP Request: GET https://huggingface.co/api/models/cross-encoder/ms-marco-MiniLM-L6-v2/tree/main/additional_chat_templates?recursive=false&expand=false "HTTP/1.1 404 Not Found"
2026-06-06 21:34:29,928 [INFO] httpx: HTTP Request: GET https://huggingface.co/api/models/cross-encoder/ms-marco-MiniLM-L-6-v2/tree/main?recursive=true&expand=false "HTTP/1.1 307 Temporary Redirect"
2026-06-06 21:34:30,166 [INFO] httpx: HTTP Request: GET https://huggingface.co/api/models/cross-encoder/ms-marco-MiniLM-L6-v2/tree/main?recursive=true&expand=false "HTTP/1.1 200 OK"
2026-06-06 21:34:30,502 [INFO] httpx: HTTP Request: HEAD https://huggingface.co/cross-encoder/ms-marco-MiniLM-L-6-v2/resolve/main/README.md "HTTP/1.1 307 Temporary Redirect"
2026-06-06 21:34:30,743 [INFO] httpx: HTTP Request: HEAD https://huggingface.co/cross-encoder/ms-marco-MiniLM-L6-v2/resolve/main/README.md "HTTP/1.1 307 Temporary Redirect"
2026-06-06 21:34:30,765 [INFO] httpx: HTTP Request: HEAD https://huggingface.co/api/resolve-cache/models/cross-encoder/ms-marco-MiniLM-L6-v2/c5ee24cb16019beea0893ab7796b1df96625c6b8/README.md "HTTP/1.1 200 OK"
2026-06-06 21:34:30,771 [INFO] sentence_transformers.cross_encoder.CrossEncoder: Use pytorch device: cpu
2026-06-06 21:34:31,019 [INFO] httpx: HTTP Request: GET https://huggingface.co/api/models/cross-encoder/ms-marco-MiniLM-L-6-v2 "HTTP/1.1 307 Temporary Redirect"
2026-06-06 21:34:31,261 [INFO] httpx: HTTP Request: GET https://huggingface.co/api/models/cross-encoder/ms-marco-MiniLM-L6-v2 "HTTP/1.1 200 OK"
2026-06-06 21:34:33,458 [INFO] httpx: HTTP Request: POST http://localhost:11434/api/embed "HTTP/1.1 200 OK"
2026-06-06 21:34:33,573 [INFO] httpx: HTTP Request: POST http://localhost:11434/api/embed "HTTP/1.1 200 OK"
2026-06-06 21:36:48,280 [INFO] httpx: HTTP Request: POST https://api.telegram.org/botyour_bot_token_here/getMe "HTTP/1.1 404 Not Found"
2026-06-06 21:36:48,282 [ERROR] telegram.ext: Network Retry Loop (Bootstrap Initialize Application): Invalid token. Aborting retry loop.
Traceback (most recent call last):
  File "C:\Users\Sai kiran\AppData\Local\Programs\Python\Python314\Lib\site-packages\telegram\_bot.py", line 856, in initialize
    await self.get_me()
  File "C:\Users\Sai kiran\AppData\Local\Programs\Python\Python314\Lib\site-packages\telegram\ext\_extbot.py", line 2007, in get_me
    return await super().get_me(
           ^^^^^^^^^^^^^^^^^^^^^
    ...<5 lines>...
    )
    ^
  File "C:\Users\Sai kiran\AppData\Local\Programs\Python\Python314\Lib\site-packages\telegram\_bot.py", line 989, in get_me
    result = await self._post(
             ^^^^^^^^^^^^^^^^^
    ...<6 lines>...
    )
    ^
  File "C:\Users\Sai kiran\AppData\Local\Programs\Python\Python314\Lib\site-packages\telegram\_bot.py", line 703, in _post
    return await self._do_post(
           ^^^^^^^^^^^^^^^^^^^^
    ...<6 lines>...
    )
    ^
  File "C:\Users\Sai kiran\AppData\Local\Programs\Python\Python314\Lib\site-packages\telegram\ext\_extbot.py", line 369, in _do_post
    return await super()._do_post(
           ^^^^^^^^^^^^^^^^^^^^^^^
    ...<6 lines>...
    )
    ^
  File "C:\Users\Sai kiran\AppData\Local\Programs\Python\Python314\Lib\site-packages\telegram\_bot.py", line 732, in _do_post
    result = await request.post(
             ^^^^^^^^^^^^^^^^^^^
    ...<6 lines>...
    )
    ^
  File "C:\Users\Sai kiran\AppData\Local\Programs\Python\Python314\Lib\site-packages\telegram\request\_baserequest.py", line 198, in post
    result = await self._request_wrapper(
             ^^^^^^^^^^^^^^^^^^^^^^^^^^^^
    ...<7 lines>...
    )
    ^
  File "C:\Users\Sai kiran\AppData\Local\Programs\Python\Python314\Lib\site-packages\telegram\request\_baserequest.py", line 375, in _request_wrapper
    raise exception
telegram.error.InvalidToken: Not Found

The above exception was the direct cause of the following exception:

Traceback (most recent call last):
  File "C:\Users\Sai kiran\AppData\Local\Programs\Python\Python314\Lib\site-packages\telegram\ext\_utils\networkloop.py", line 161, in network_retry_loop
    await do_action()
  File "C:\Users\Sai kiran\AppData\Local\Programs\Python\Python314\Lib\site-packages\telegram\ext\_utils\networkloop.py", line 136, in do_action
    await action_cb()
  File "C:\Users\Sai kiran\AppData\Local\Programs\Python\Python314\Lib\site-packages\telegram\ext\_application.py", line 489, in initialize
    await self.bot.initialize()
  File "C:\Users\Sai kiran\AppData\Local\Programs\Python\Python314\Lib\site-packages\telegram\ext\_extbot.py", line 315, in initialize
    await super().initialize()
  File "C:\Users\Sai kiran\AppData\Local\Programs\Python\Python314\Lib\site-packages\telegram\_bot.py", line 859, in initialize
    raise InvalidToken(f"The token `{self._token}` was rejected by the server.") from exc
telegram.error.InvalidToken: The token `your_bot_token_here` was rejected by the server.
2026-06-06 21:37:13,472 [INFO] httpx: HTTP Request: POST http://localhost:11434/api/embed "HTTP/1.1 200 OK"
2026-06-06 21:37:32,061 [INFO] httpx: HTTP Request: HEAD https://huggingface.co/cross-encoder/ms-marco-MiniLM-L-6-v2/resolve/main/config.json "HTTP/1.1 307 Temporary Redirect"
2026-06-06 21:37:32,304 [INFO] httpx: HTTP Request: HEAD https://huggingface.co/cross-encoder/ms-marco-MiniLM-L6-v2/resolve/main/config.json "HTTP/1.1 307 Temporary Redirect"
2026-06-06 21:37:32,305 [WARNING] huggingface_hub.utils._http: Warning: You are sending unauthenticated requests to the HF Hub. Please set a HF_TOKEN to enable higher rate limits and faster downloads.
2026-06-06 21:37:32,333 [INFO] httpx: HTTP Request: HEAD https://huggingface.co/api/resolve-cache/models/cross-encoder/ms-marco-MiniLM-L6-v2/c5ee24cb16019beea0893ab7796b1df96625c6b8/config.json "HTTP/1.1 200 OK"
2026-06-06 21:37:32,851 [INFO] httpx: HTTP Request: HEAD https://huggingface.co/cross-encoder/ms-marco-MiniLM-L-6-v2/resolve/main/config.json "HTTP/1.1 307 Temporary Redirect"
2026-06-06 21:37:33,099 [INFO] httpx: HTTP Request: HEAD https://huggingface.co/cross-encoder/ms-marco-MiniLM-L6-v2/resolve/main/config.json "HTTP/1.1 307 Temporary Redirect"
2026-06-06 21:37:33,123 [INFO] httpx: HTTP Request: HEAD https://huggingface.co/api/resolve-cache/models/cross-encoder/ms-marco-MiniLM-L6-v2/c5ee24cb16019beea0893ab7796b1df96625c6b8/config.json "HTTP/1.1 200 OK"
2026-06-06 21:37:33,370 [INFO] httpx: HTTP Request: HEAD https://huggingface.co/cross-encoder/ms-marco-MiniLM-L-6-v2/resolve/main/tokenizer_config.json "HTTP/1.1 307 Temporary Redirect"
2026-06-06 21:37:33,606 [INFO] httpx: HTTP Request: HEAD https://huggingface.co/cross-encoder/ms-marco-MiniLM-L6-v2/resolve/main/tokenizer_config.json "HTTP/1.1 307 Temporary Redirect"
2026-06-06 21:37:33,633 [INFO] httpx: HTTP Request: HEAD https://huggingface.co/api/resolve-cache/models/cross-encoder/ms-marco-MiniLM-L6-v2/c5ee24cb16019beea0893ab7796b1df96625c6b8/tokenizer_config.json "HTTP/1.1 200 OK"
2026-06-06 21:37:34,127 [INFO] httpx: HTTP Request: GET https://huggingface.co/api/models/cross-encoder/ms-marco-MiniLM-L-6-v2/tree/main/additional_chat_templates?recursive=false&expand=false "HTTP/1.1 307 Temporary Redirect"
2026-06-06 21:37:34,387 [INFO] httpx: HTTP Request: GET https://huggingface.co/api/models/cross-encoder/ms-marco-MiniLM-L6-v2/tree/main/additional_chat_templates?recursive=false&expand=false "HTTP/1.1 404 Not Found"
2026-06-06 21:37:34,623 [INFO] httpx: HTTP Request: GET https://huggingface.co/api/models/cross-encoder/ms-marco-MiniLM-L-6-v2/tree/main?recursive=true&expand=false "HTTP/1.1 307 Temporary Redirect"
2026-06-06 21:37:34,862 [INFO] httpx: HTTP Request: GET https://huggingface.co/api/models/cross-encoder/ms-marco-MiniLM-L6-v2/tree/main?recursive=true&expand=false "HTTP/1.1 200 OK"
2026-06-06 21:37:35,167 [INFO] httpx: HTTP Request: HEAD https://huggingface.co/cross-encoder/ms-marco-MiniLM-L-6-v2/resolve/main/README.md "HTTP/1.1 307 Temporary Redirect"
2026-06-06 21:37:35,415 [INFO] httpx: HTTP Request: HEAD https://huggingface.co/cross-encoder/ms-marco-MiniLM-L6-v2/resolve/main/README.md "HTTP/1.1 307 Temporary Redirect"
2026-06-06 21:37:35,458 [INFO] httpx: HTTP Request: HEAD https://huggingface.co/api/resolve-cache/models/cross-encoder/ms-marco-MiniLM-L6-v2/c5ee24cb16019beea0893ab7796b1df96625c6b8/README.md "HTTP/1.1 200 OK"
2026-06-06 21:37:35,469 [INFO] sentence_transformers.cross_encoder.CrossEncoder: Use pytorch device: cpu
2026-06-06 21:37:35,958 [INFO] httpx: HTTP Request: GET https://huggingface.co/api/models/cross-encoder/ms-marco-MiniLM-L-6-v2 "HTTP/1.1 307 Temporary Redirect"
2026-06-06 21:37:36,194 [INFO] httpx: HTTP Request: GET https://huggingface.co/api/models/cross-encoder/ms-marco-MiniLM-L6-v2 "HTTP/1.1 200 OK"
2026-06-06 21:37:37,284 [INFO] httpx: HTTP Request: POST http://localhost:11434/api/embed "HTTP/1.1 200 OK"
2026-06-06 21:37:37,418 [INFO] httpx: HTTP Request: POST http://localhost:11434/api/embed "HTTP/1.1 200 OK"
2026-06-06 21:37:37,530 [INFO] httpx: HTTP Request: POST http://localhost:11434/api/embed "HTTP/1.1 200 OK"
2026-06-06 21:37:38,398 [INFO] httpx: HTTP Request: POST http://localhost:11434/api/embed "HTTP/1.1 200 OK"
2026-06-06 21:37:38,510 [INFO] httpx: HTTP Request: POST http://localhost:11434/api/embed "HTTP/1.1 200 OK"
2026-06-06 21:38:43,545 [INFO] httpx: HTTP Request: POST http://localhost:11434/api/embed "HTTP/1.1 200 OK"
2026-06-06 21:38:44,558 [INFO] httpx: HTTP Request: POST http://localhost:11434/api/embed "HTTP/1.1 200 OK"
2026-06-06 21:39:00,190 [INFO] httpx: HTTP Request: POST http://localhost:11434/api/embed "HTTP/1.1 200 OK"
2026-06-06 21:39:00,446 [INFO] httpx: HTTP Request: POST http://localhost:11434/api/embed "HTTP/1.1 200 OK"
2026-06-06 21:39:28,966 [INFO] httpx: HTTP Request: POST http://localhost:11434/api/embed "HTTP/1.1 200 OK"
2026-06-06 21:39:30,046 [INFO] httpx: HTTP Request: POST http://localhost:11434/api/embed "HTTP/1.1 200 OK"
2026-06-06 21:44:30,174 [INFO] httpx: HTTP Request: POST https://api.telegram.org/botyour_bot_token_here/getMe "HTTP/1.1 404 Not Found"
2026-06-06 21:44:30,176 [ERROR] telegram.ext: Network Retry Loop (Bootstrap Initialize Application): Invalid token. Aborting retry loop.
Traceback (most recent call last):
  File "C:\Users\Sai kiran\AppData\Local\Programs\Python\Python314\Lib\site-packages\telegram\_bot.py", line 856, in initialize
    await self.get_me()
  File "C:\Users\Sai kiran\AppData\Local\Programs\Python\Python314\Lib\site-packages\telegram\ext\_extbot.py", line 2007, in get_me
    return await super().get_me(
           ^^^^^^^^^^^^^^^^^^^^^
    ...<5 lines>...
    )
    ^
  File "C:\Users\Sai kiran\AppData\Local\Programs\Python\Python314\Lib\site-packages\telegram\_bot.py", line 989, in get_me
    result = await self._post(
             ^^^^^^^^^^^^^^^^^
    ...<6 lines>...
    )
    ^
  File "C:\Users\Sai kiran\AppData\Local\Programs\Python\Python314\Lib\site-packages\telegram\_bot.py", line 703, in _post
    return await self._do_post(
           ^^^^^^^^^^^^^^^^^^^^
    ...<6 lines>...
    )
    ^
  File "C:\Users\Sai kiran\AppData\Local\Programs\Python\Python314\Lib\site-packages\telegram\ext\_extbot.py", line 369, in _do_post
    return await super()._do_post(
           ^^^^^^^^^^^^^^^^^^^^^^^
    ...<6 lines>...
    )
    ^
  File "C:\Users\Sai kiran\AppData\Local\Programs\Python\Python314\Lib\site-packages\telegram\_bot.py", line 732, in _do_post
    result = await request.post(
             ^^^^^^^^^^^^^^^^^^^
    ...<6 lines>...
    )
    ^
  File "C:\Users\Sai kiran\AppData\Local\Programs\Python\Python314\Lib\site-packages\telegram\request\_baserequest.py", line 198, in post
    result = await self._request_wrapper(
             ^^^^^^^^^^^^^^^^^^^^^^^^^^^^
    ...<7 lines>...
    )
    ^
  File "C:\Users\Sai kiran\AppData\Local\Programs\Python\Python314\Lib\site-packages\telegram\request\_baserequest.py", line 375, in _request_wrapper
    raise exception
telegram.error.InvalidToken: Not Found

The above exception was the direct cause of the following exception:

Traceback (most recent call last):
  File "C:\Users\Sai kiran\AppData\Local\Programs\Python\Python314\Lib\site-packages\telegram\ext\_utils\networkloop.py", line 161, in network_retry_loop
    await do_action()
  File "C:\Users\Sai kiran\AppData\Local\Programs\Python\Python314\Lib\site-packages\telegram\ext\_utils\networkloop.py", line 136, in do_action
    await action_cb()
  File "C:\Users\Sai kiran\AppData\Local\Programs\Python\Python314\Lib\site-packages\telegram\ext\_application.py", line 489, in initialize
    await self.bot.initialize()
  File "C:\Users\Sai kiran\AppData\Local\Programs\Python\Python314\Lib\site-packages\telegram\ext\_extbot.py", line 315, in initialize
    await super().initialize()
  File "C:\Users\Sai kiran\AppData\Local\Programs\Python\Python314\Lib\site-packages\telegram\_bot.py", line 859, in initialize
    raise InvalidToken(f"The token `{self._token}` was rejected by the server.") from exc
telegram.error.InvalidToken: The token `your_bot_token_here` was rejected by the server.
2026-06-06 21:49:18,068 [INFO] httpx: HTTP Request: POST https://api.telegram.org/botyour_bot_token_here/getMe "HTTP/1.1 404 Not Found"
2026-06-06 21:49:18,070 [ERROR] telegram.ext: Network Retry Loop (Bootstrap Initialize Application): Invalid token. Aborting retry loop.
Traceback (most recent call last):
  File "C:\Users\Sai kiran\AppData\Local\Programs\Python\Python314\Lib\site-packages\telegram\_bot.py", line 856, in initialize
    await self.get_me()
  File "C:\Users\Sai kiran\AppData\Local\Programs\Python\Python314\Lib\site-packages\telegram\ext\_extbot.py", line 2007, in get_me
    return await super().get_me(
           ^^^^^^^^^^^^^^^^^^^^^
    ...<5 lines>...
    )
    ^
  File "C:\Users\Sai kiran\AppData\Local\Programs\Python\Python314\Lib\site-packages\telegram\_bot.py", line 989, in get_me
    result = await self._post(
             ^^^^^^^^^^^^^^^^^
    ...<6 lines>...
    )
    ^
  File "C:\Users\Sai kiran\AppData\Local\Programs\Python\Python314\Lib\site-packages\telegram\_bot.py", line 703, in _post
    return await self._do_post(
           ^^^^^^^^^^^^^^^^^^^^
    ...<6 lines>...
    )
    ^
  File "C:\Users\Sai kiran\AppData\Local\Programs\Python\Python314\Lib\site-packages\telegram\ext\_extbot.py", line 369, in _do_post
    return await super()._do_post(
           ^^^^^^^^^^^^^^^^^^^^^^^
    ...<6 lines>...
    )
    ^
  File "C:\Users\Sai kiran\AppData\Local\Programs\Python\Python314\Lib\site-packages\telegram\_bot.py", line 732, in _do_post
    result = await request.post(
             ^^^^^^^^^^^^^^^^^^^
    ...<6 lines>...
    )
    ^
  File "C:\Users\Sai kiran\AppData\Local\Programs\Python\Python314\Lib\site-packages\telegram\request\_baserequest.py", line 198, in post
    result = await self._request_wrapper(
             ^^^^^^^^^^^^^^^^^^^^^^^^^^^^
    ...<7 lines>...
    )
    ^
  File "C:\Users\Sai kiran\AppData\Local\Programs\Python\Python314\Lib\site-packages\telegram\request\_baserequest.py", line 375, in _request_wrapper
    raise exception
telegram.error.InvalidToken: Not Found

The above exception was the direct cause of the following exception:

Traceback (most recent call last):
  File "C:\Users\Sai kiran\AppData\Local\Programs\Python\Python314\Lib\site-packages\telegram\ext\_utils\networkloop.py", line 161, in network_retry_loop
    await do_action()
  File "C:\Users\Sai kiran\AppData\Local\Programs\Python\Python314\Lib\site-packages\telegram\ext\_utils\networkloop.py", line 136, in do_action
    await action_cb()
  File "C:\Users\Sai kiran\AppData\Local\Programs\Python\Python314\Lib\site-packages\telegram\ext\_application.py", line 489, in initialize
    await self.bot.initialize()
  File "C:\Users\Sai kiran\AppData\Local\Programs\Python\Python314\Lib\site-packages\telegram\ext\_extbot.py", line 315, in initialize
    await super().initialize()
  File "C:\Users\Sai kiran\AppData\Local\Programs\Python\Python314\Lib\site-packages\telegram\_bot.py", line 859, in initialize
    raise InvalidToken(f"The token `{self._token}` was rejected by the server.") from exc
telegram.error.InvalidToken: The token `your_bot_token_here` was rejected by the server.
2026-06-06 21:52:33,564 [INFO] httpx: HTTP Request: POST https://api.telegram.org/botyour_bot_token_here/getMe "HTTP/1.1 404 Not Found"
2026-06-06 21:52:33,565 [ERROR] telegram.ext: Network Retry Loop (Bootstrap Initialize Application): Invalid token. Aborting retry loop.
Traceback (most recent call last):
  File "C:\Users\Sai kiran\AppData\Local\Programs\Python\Python314\Lib\site-packages\telegram\_bot.py", line 856, in initialize
    await self.get_me()
  File "C:\Users\Sai kiran\AppData\Local\Programs\Python\Python314\Lib\site-packages\telegram\ext\_extbot.py", line 2007, in get_me
    return await super().get_me(
           ^^^^^^^^^^^^^^^^^^^^^
    ...<5 lines>...
    )
    ^
  File "C:\Users\Sai kiran\AppData\Local\Programs\Python\Python314\Lib\site-packages\telegram\_bot.py", line 989, in get_me
    result = await self._post(
             ^^^^^^^^^^^^^^^^^
    ...<6 lines>...
    )
    ^
  File "C:\Users\Sai kiran\AppData\Local\Programs\Python\Python314\Lib\site-packages\telegram\_bot.py", line 703, in _post
    return await self._do_post(
           ^^^^^^^^^^^^^^^^^^^^
    ...<6 lines>...
    )
    ^
  File "C:\Users\Sai kiran\AppData\Local\Programs\Python\Python314\Lib\site-packages\telegram\ext\_extbot.py", line 369, in _do_post
    return await super()._do_post(
           ^^^^^^^^^^^^^^^^^^^^^^^
    ...<6 lines>...
    )
    ^
  File "C:\Users\Sai kiran\AppData\Local\Programs\Python\Python314\Lib\site-packages\telegram\_bot.py", line 732, in _do_post
    result = await request.post(
             ^^^^^^^^^^^^^^^^^^^
    ...<6 lines>...
    )
    ^
  File "C:\Users\Sai kiran\AppData\Local\Programs\Python\Python314\Lib\site-packages\telegram\request\_baserequest.py", line 198, in post
    result = await self._request_wrapper(
             ^^^^^^^^^^^^^^^^^^^^^^^^^^^^
    ...<7 lines>...
    )
    ^
  File "C:\Users\Sai kiran\AppData\Local\Programs\Python\Python314\Lib\site-packages\telegram\request\_baserequest.py", line 375, in _request_wrapper
    raise exception
telegram.error.InvalidToken: Not Found

The above exception was the direct cause of the following exception:

Traceback (most recent call last):
  File "C:\Users\Sai kiran\AppData\Local\Programs\Python\Python314\Lib\site-packages\telegram\ext\_utils\networkloop.py", line 161, in network_retry_loop
    await do_action()
  File "C:\Users\Sai kiran\AppData\Local\Programs\Python\Python314\Lib\site-packages\telegram\ext\_utils\networkloop.py", line 136, in do_action
    await action_cb()
  File "C:\Users\Sai kiran\AppData\Local\Programs\Python\Python314\Lib\site-packages\telegram\ext\_application.py", line 489, in initialize
    await self.bot.initialize()
  File "C:\Users\Sai kiran\AppData\Local\Programs\Python\Python314\Lib\site-packages\telegram\ext\_extbot.py", line 315, in initialize
    await super().initialize()
  File "C:\Users\Sai kiran\AppData\Local\Programs\Python\Python314\Lib\site-packages\telegram\_bot.py", line 859, in initialize
    raise InvalidToken(f"The token `{self._token}` was rejected by the server.") from exc
telegram.error.InvalidToken: The token `your_bot_token_here` was rejected by the server.
2026-06-06 21:56:19,461 [INFO] httpx: HTTP Request: POST http://localhost:11434/api/embed "HTTP/1.1 200 OK"
2026-06-06 21:56:44,216 [INFO] httpx: HTTP Request: HEAD https://huggingface.co/cross-encoder/ms-marco-MiniLM-L-6-v2/resolve/main/config.json "HTTP/1.1 307 Temporary Redirect"
2026-06-06 21:56:44,483 [INFO] httpx: HTTP Request: HEAD https://huggingface.co/cross-encoder/ms-marco-MiniLM-L6-v2/resolve/main/config.json "HTTP/1.1 307 Temporary Redirect"
2026-06-06 21:56:44,484 [WARNING] huggingface_hub.utils._http: Warning: You are sending unauthenticated requests to the HF Hub. Please set a HF_TOKEN to enable higher rate limits and faster downloads.
2026-06-06 21:56:44,503 [INFO] httpx: HTTP Request: HEAD https://huggingface.co/api/resolve-cache/models/cross-encoder/ms-marco-MiniLM-L6-v2/c5ee24cb16019beea0893ab7796b1df96625c6b8/config.json "HTTP/1.1 200 OK"
2026-06-06 21:56:44,905 [INFO] httpx: HTTP Request: HEAD https://huggingface.co/cross-encoder/ms-marco-MiniLM-L-6-v2/resolve/main/config.json "HTTP/1.1 307 Temporary Redirect"
2026-06-06 21:56:45,139 [INFO] httpx: HTTP Request: HEAD https://huggingface.co/cross-encoder/ms-marco-MiniLM-L6-v2/resolve/main/config.json "HTTP/1.1 307 Temporary Redirect"
2026-06-06 21:56:45,160 [INFO] httpx: HTTP Request: HEAD https://huggingface.co/api/resolve-cache/models/cross-encoder/ms-marco-MiniLM-L6-v2/c5ee24cb16019beea0893ab7796b1df96625c6b8/config.json "HTTP/1.1 200 OK"
2026-06-06 21:56:45,402 [INFO] httpx: HTTP Request: HEAD https://huggingface.co/cross-encoder/ms-marco-MiniLM-L-6-v2/resolve/main/tokenizer_config.json "HTTP/1.1 307 Temporary Redirect"
2026-06-06 21:56:45,641 [INFO] httpx: HTTP Request: HEAD https://huggingface.co/cross-encoder/ms-marco-MiniLM-L6-v2/resolve/main/tokenizer_config.json "HTTP/1.1 307 Temporary Redirect"
2026-06-06 21:56:45,663 [INFO] httpx: HTTP Request: HEAD https://huggingface.co/api/resolve-cache/models/cross-encoder/ms-marco-MiniLM-L6-v2/c5ee24cb16019beea0893ab7796b1df96625c6b8/tokenizer_config.json "HTTP/1.1 200 OK"
2026-06-06 21:56:45,917 [INFO] httpx: HTTP Request: GET https://huggingface.co/api/models/cross-encoder/ms-marco-MiniLM-L-6-v2/tree/main/additional_chat_templates?recursive=false&expand=false "HTTP/1.1 307 Temporary Redirect"
2026-06-06 21:56:46,153 [INFO] httpx: HTTP Request: GET https://huggingface.co/api/models/cross-encoder/ms-marco-MiniLM-L6-v2/tree/main/additional_chat_templates?recursive=false&expand=false "HTTP/1.1 404 Not Found"
2026-06-06 21:56:46,403 [INFO] httpx: HTTP Request: GET https://huggingface.co/api/models/cross-encoder/ms-marco-MiniLM-L-6-v2/tree/main?recursive=true&expand=false "HTTP/1.1 307 Temporary Redirect"
2026-06-06 21:56:46,642 [INFO] httpx: HTTP Request: GET https://huggingface.co/api/models/cross-encoder/ms-marco-MiniLM-L6-v2/tree/main?recursive=true&expand=false "HTTP/1.1 200 OK"
2026-06-06 21:56:46,954 [INFO] httpx: HTTP Request: HEAD https://huggingface.co/cross-encoder/ms-marco-MiniLM-L-6-v2/resolve/main/README.md "HTTP/1.1 307 Temporary Redirect"
2026-06-06 21:56:47,188 [INFO] httpx: HTTP Request: HEAD https://huggingface.co/cross-encoder/ms-marco-MiniLM-L6-v2/resolve/main/README.md "HTTP/1.1 307 Temporary Redirect"
2026-06-06 21:56:47,210 [INFO] httpx: HTTP Request: HEAD https://huggingface.co/api/resolve-cache/models/cross-encoder/ms-marco-MiniLM-L6-v2/c5ee24cb16019beea0893ab7796b1df96625c6b8/README.md "HTTP/1.1 200 OK"
2026-06-06 21:56:47,214 [INFO] sentence_transformers.cross_encoder.CrossEncoder: Use pytorch device: cpu
2026-06-06 21:56:47,454 [INFO] httpx: HTTP Request: GET https://huggingface.co/api/models/cross-encoder/ms-marco-MiniLM-L-6-v2 "HTTP/1.1 307 Temporary Redirect"
2026-06-06 21:56:47,718 [INFO] httpx: HTTP Request: GET https://huggingface.co/api/models/cross-encoder/ms-marco-MiniLM-L6-v2 "HTTP/1.1 200 OK"
2026-06-06 21:56:49,915 [INFO] httpx: HTTP Request: POST http://localhost:11434/api/embed "HTTP/1.1 200 OK"
2026-06-06 21:56:50,055 [INFO] httpx: HTTP Request: POST http://localhost:11434/api/embed "HTTP/1.1 200 OK"
2026-06-06 21:57:33,965 [INFO] httpx: HTTP Request: POST https://api.telegram.org/botyour_bot_token_here/getMe "HTTP/1.1 404 Not Found"
2026-06-06 21:57:33,966 [ERROR] telegram.ext: Network Retry Loop (Bootstrap Initialize Application): Invalid token. Aborting retry loop.
Traceback (most recent call last):
  File "C:\Users\Sai kiran\AppData\Local\Programs\Python\Python314\Lib\site-packages\telegram\_bot.py", line 856, in initialize
    await self.get_me()
  File "C:\Users\Sai kiran\AppData\Local\Programs\Python\Python314\Lib\site-packages\telegram\ext\_extbot.py", line 2007, in get_me
    return await super().get_me(
           ^^^^^^^^^^^^^^^^^^^^^
    ...<5 lines>...
    )
    ^
  File "C:\Users\Sai kiran\AppData\Local\Programs\Python\Python314\Lib\site-packages\telegram\_bot.py", line 989, in get_me
    result = await self._post(
             ^^^^^^^^^^^^^^^^^
    ...<6 lines>...
    )
    ^
  File "C:\Users\Sai kiran\AppData\Local\Programs\Python\Python314\Lib\site-packages\telegram\_bot.py", line 703, in _post
    return await self._do_post(
           ^^^^^^^^^^^^^^^^^^^^
    ...<6 lines>...
    )
    ^
  File "C:\Users\Sai kiran\AppData\Local\Programs\Python\Python314\Lib\site-packages\telegram\ext\_extbot.py", line 369, in _do_post
    return await super()._do_post(
           ^^^^^^^^^^^^^^^^^^^^^^^
    ...<6 lines>...
    )
    ^
  File "C:\Users\Sai kiran\AppData\Local\Programs\Python\Python314\Lib\site-packages\telegram\_bot.py", line 732, in _do_post
    result = await request.post(
             ^^^^^^^^^^^^^^^^^^^
    ...<6 lines>...
    )
    ^
  File "C:\Users\Sai kiran\AppData\Local\Programs\Python\Python314\Lib\site-packages\telegram\request\_baserequest.py", line 198, in post
    result = await self._request_wrapper(
             ^^^^^^^^^^^^^^^^^^^^^^^^^^^^
    ...<7 lines>...
    )
    ^
  File "C:\Users\Sai kiran\AppData\Local\Programs\Python\Python314\Lib\site-packages\telegram\request\_baserequest.py", line 375, in _request_wrapper
    raise exception
telegram.error.InvalidToken: Not Found

The above exception was the direct cause of the following exception:

Traceback (most recent call last):
  File "C:\Users\Sai kiran\AppData\Local\Programs\Python\Python314\Lib\site-packages\telegram\ext\_utils\networkloop.py", line 161, in network_retry_loop
    await do_action()
  File "C:\Users\Sai kiran\AppData\Local\Programs\Python\Python314\Lib\site-packages\telegram\ext\_utils\networkloop.py", line 136, in do_action
    await action_cb()
  File "C:\Users\Sai kiran\AppData\Local\Programs\Python\Python314\Lib\site-packages\telegram\ext\_application.py", line 489, in initialize
    await self.bot.initialize()
  File "C:\Users\Sai kiran\AppData\Local\Programs\Python\Python314\Lib\site-packages\telegram\ext\_extbot.py", line 315, in initialize
    await super().initialize()
  File "C:\Users\Sai kiran\AppData\Local\Programs\Python\Python314\Lib\site-packages\telegram\_bot.py", line 859, in initialize
    raise InvalidToken(f"The token `{self._token}` was rejected by the server.") from exc
telegram.error.InvalidToken: The token `your_bot_token_here` was rejected by the server.
2026-06-06 22:05:28,440 [INFO] httpx: HTTP Request: POST https://api.telegram.org/botyour_bot_token_here/getMe "HTTP/1.1 404 Not Found"
2026-06-06 22:05:28,441 [ERROR] telegram.ext: Network Retry Loop (Bootstrap Initialize Application): Invalid token. Aborting retry loop.
Traceback (most recent call last):
  File "C:\Users\Sai kiran\AppData\Local\Programs\Python\Python314\Lib\site-packages\telegram\_bot.py", line 856, in initialize
    await self.get_me()
  File "C:\Users\Sai kiran\AppData\Local\Programs\Python\Python314\Lib\site-packages\telegram\ext\_extbot.py", line 2007, in get_me
    return await super().get_me(
           ^^^^^^^^^^^^^^^^^^^^^
    ...<5 lines>...
    )
    ^
  File "C:\Users\Sai kiran\AppData\Local\Programs\Python\Python314\Lib\site-packages\telegram\_bot.py", line 989, in get_me
    result = await self._post(
             ^^^^^^^^^^^^^^^^^
    ...<6 lines>...
    )
    ^
  File "C:\Users\Sai kiran\AppData\Local\Programs\Python\Python314\Lib\site-packages\telegram\_bot.py", line 703, in _post
    return await self._do_post(
           ^^^^^^^^^^^^^^^^^^^^
    ...<6 lines>...
    )
    ^
  File "C:\Users\Sai kiran\AppData\Local\Programs\Python\Python314\Lib\site-packages\telegram\ext\_extbot.py", line 369, in _do_post
    return await super()._do_post(
           ^^^^^^^^^^^^^^^^^^^^^^^
    ...<6 lines>...
    )
    ^
  File "C:\Users\Sai kiran\AppData\Local\Programs\Python\Python314\Lib\site-packages\telegram\_bot.py", line 732, in _do_post
    result = await request.post(
             ^^^^^^^^^^^^^^^^^^^
    ...<6 lines>...
    )
    ^
  File "C:\Users\Sai kiran\AppData\Local\Programs\Python\Python314\Lib\site-packages\telegram\request\_baserequest.py", line 198, in post
    result = await self._request_wrapper(
             ^^^^^^^^^^^^^^^^^^^^^^^^^^^^
    ...<7 lines>...
    )
    ^
  File "C:\Users\Sai kiran\AppData\Local\Programs\Python\Python314\Lib\site-packages\telegram\request\_baserequest.py", line 375, in _request_wrapper
    raise exception
telegram.error.InvalidToken: Not Found

The above exception was the direct cause of the following exception:

Traceback (most recent call last):
  File "C:\Users\Sai kiran\AppData\Local\Programs\Python\Python314\Lib\site-packages\telegram\ext\_utils\networkloop.py", line 161, in network_retry_loop
    await do_action()
  File "C:\Users\Sai kiran\AppData\Local\Programs\Python\Python314\Lib\site-packages\telegram\ext\_utils\networkloop.py", line 136, in do_action
    await action_cb()
  File "C:\Users\Sai kiran\AppData\Local\Programs\Python\Python314\Lib\site-packages\telegram\ext\_application.py", line 489, in initialize
    await self.bot.initialize()
  File "C:\Users\Sai kiran\AppData\Local\Programs\Python\Python314\Lib\site-packages\telegram\ext\_extbot.py", line 315, in initialize
    await super().initialize()
  File "C:\Users\Sai kiran\AppData\Local\Programs\Python\Python314\Lib\site-packages\telegram\_bot.py", line 859, in initialize
    raise InvalidToken(f"The token `{self._token}` was rejected by the server.") from exc
telegram.error.InvalidToken: The token `your_bot_token_here` was rejected by the server.
2026-06-06 22:06:23,444 [INFO] httpx: HTTP Request: POST https://api.telegram.org/botyour_bot_token_here/getMe "HTTP/1.1 404 Not Found"
2026-06-06 22:06:23,446 [ERROR] telegram.ext: Network Retry Loop (Bootstrap Initialize Application): Invalid token. Aborting retry loop.
Traceback (most recent call last):
  File "C:\Users\Sai kiran\AppData\Local\Programs\Python\Python314\Lib\site-packages\telegram\_bot.py", line 856, in initialize
    await self.get_me()
  File "C:\Users\Sai kiran\AppData\Local\Programs\Python\Python314\Lib\site-packages\telegram\ext\_extbot.py", line 2007, in get_me
    return await super().get_me(
           ^^^^^^^^^^^^^^^^^^^^^
    ...<5 lines>...
    )
    ^
  File "C:\Users\Sai kiran\AppData\Local\Programs\Python\Python314\Lib\site-packages\telegram\_bot.py", line 989, in get_me
    result = await self._post(
             ^^^^^^^^^^^^^^^^^
    ...<6 lines>...
    )
    ^
  File "C:\Users\Sai kiran\AppData\Local\Programs\Python\Python314\Lib\site-packages\telegram\_bot.py", line 703, in _post
    return await self._do_post(
           ^^^^^^^^^^^^^^^^^^^^
    ...<6 lines>...
    )
    ^
  File "C:\Users\Sai kiran\AppData\Local\Programs\Python\Python314\Lib\site-packages\telegram\ext\_extbot.py", line 369, in _do_post
    return await super()._do_post(
           ^^^^^^^^^^^^^^^^^^^^^^^
    ...<6 lines>...
    )
    ^
  File "C:\Users\Sai kiran\AppData\Local\Programs\Python\Python314\Lib\site-packages\telegram\_bot.py", line 732, in _do_post
    result = await request.post(
             ^^^^^^^^^^^^^^^^^^^
    ...<6 lines>...
    )
    ^
  File "C:\Users\Sai kiran\AppData\Local\Programs\Python\Python314\Lib\site-packages\telegram\request\_baserequest.py", line 198, in post
    result = await self._request_wrapper(
             ^^^^^^^^^^^^^^^^^^^^^^^^^^^^
    ...<7 lines>...
    )
    ^
  File "C:\Users\Sai kiran\AppData\Local\Programs\Python\Python314\Lib\site-packages\telegram\request\_baserequest.py", line 375, in _request_wrapper
    raise exception
telegram.error.InvalidToken: Not Found

The above exception was the direct cause of the following exception:

Traceback (most recent call last):
  File "C:\Users\Sai kiran\AppData\Local\Programs\Python\Python314\Lib\site-packages\telegram\ext\_utils\networkloop.py", line 161, in network_retry_loop
    await do_action()
  File "C:\Users\Sai kiran\AppData\Local\Programs\Python\Python314\Lib\site-packages\telegram\ext\_utils\networkloop.py", line 136, in do_action
    await action_cb()
  File "C:\Users\Sai kiran\AppData\Local\Programs\Python\Python314\Lib\site-packages\telegram\ext\_application.py", line 489, in initialize
    await self.bot.initialize()
  File "C:\Users\Sai kiran\AppData\Local\Programs\Python\Python314\Lib\site-packages\telegram\ext\_extbot.py", line 315, in initialize
    await super().initialize()
  File "C:\Users\Sai kiran\AppData\Local\Programs\Python\Python314\Lib\site-packages\telegram\_bot.py", line 859, in initialize
    raise InvalidToken(f"The token `{self._token}` was rejected by the server.") from exc
telegram.error.InvalidToken: The token `your_bot_token_here` was rejected by the server.
2026-06-06 22:08:20,040 [INFO] httpx: HTTP Request: POST https://api.telegram.org/botyour_bot_token_here/getMe "HTTP/1.1 404 Not Found"
2026-06-06 22:08:20,042 [ERROR] telegram.ext: Network Retry Loop (Bootstrap Initialize Application): Invalid token. Aborting retry loop.
Traceback (most recent call last):
  File "C:\Users\Sai kiran\AppData\Local\Programs\Python\Python314\Lib\site-packages\telegram\_bot.py", line 856, in initialize
    await self.get_me()
  File "C:\Users\Sai kiran\AppData\Local\Programs\Python\Python314\Lib\site-packages\telegram\ext\_extbot.py", line 2007, in get_me
    return await super().get_me(
           ^^^^^^^^^^^^^^^^^^^^^
    ...<5 lines>...
    )
    ^
  File "C:\Users\Sai kiran\AppData\Local\Programs\Python\Python314\Lib\site-packages\telegram\_bot.py", line 989, in get_me
    result = await self._post(
             ^^^^^^^^^^^^^^^^^
    ...<6 lines>...
    )
    ^
  File "C:\Users\Sai kiran\AppData\Local\Programs\Python\Python314\Lib\site-packages\telegram\_bot.py", line 703, in _post
    return await self._do_post(
           ^^^^^^^^^^^^^^^^^^^^
    ...<6 lines>...
    )
    ^
  File "C:\Users\Sai kiran\AppData\Local\Programs\Python\Python314\Lib\site-packages\telegram\ext\_extbot.py", line 369, in _do_post
    return await super()._do_post(
           ^^^^^^^^^^^^^^^^^^^^^^^
    ...<6 lines>...
    )
    ^
  File "C:\Users\Sai kiran\AppData\Local\Programs\Python\Python314\Lib\site-packages\telegram\_bot.py", line 732, in _do_post
    result = await request.post(
             ^^^^^^^^^^^^^^^^^^^
    ...<6 lines>...
    )
    ^
  File "C:\Users\Sai kiran\AppData\Local\Programs\Python\Python314\Lib\site-packages\telegram\request\_baserequest.py", line 198, in post
    result = await self._request_wrapper(
             ^^^^^^^^^^^^^^^^^^^^^^^^^^^^
    ...<7 lines>...
    )
    ^
  File "C:\Users\Sai kiran\AppData\Local\Programs\Python\Python314\Lib\site-packages\telegram\request\_baserequest.py", line 375, in _request_wrapper
    raise exception
telegram.error.InvalidToken: Not Found

The above exception was the direct cause of the following exception:

Traceback (most recent call last):
  File "C:\Users\Sai kiran\AppData\Local\Programs\Python\Python314\Lib\site-packages\telegram\ext\_utils\networkloop.py", line 161, in network_retry_loop
    await do_action()
  File "C:\Users\Sai kiran\AppData\Local\Programs\Python\Python314\Lib\site-packages\telegram\ext\_utils\networkloop.py", line 136, in do_action
    await action_cb()
  File "C:\Users\Sai kiran\AppData\Local\Programs\Python\Python314\Lib\site-packages\telegram\ext\_application.py", line 489, in initialize
    await self.bot.initialize()
  File "C:\Users\Sai kiran\AppData\Local\Programs\Python\Python314\Lib\site-packages\telegram\ext\_extbot.py", line 315, in initialize
    await super().initialize()
  File "C:\Users\Sai kiran\AppData\Local\Programs\Python\Python314\Lib\site-packages\telegram\_bot.py", line 859, in initialize
    raise InvalidToken(f"The token `{self._token}` was rejected by the server.") from exc
telegram.error.InvalidToken: The token `your_bot_token_here` was rejected by the server.
2026-06-06 22:09:05,367 [INFO] httpx: HTTP Request: POST http://localhost:11434/api/embed "HTTP/1.1 200 OK"
2026-06-06 22:09:54,536 [INFO] httpx: HTTP Request: HEAD https://huggingface.co/cross-encoder/ms-marco-MiniLM-L-6-v2/resolve/main/config.json "HTTP/1.1 307 Temporary Redirect"
2026-06-06 22:09:54,793 [INFO] httpx: HTTP Request: HEAD https://huggingface.co/cross-encoder/ms-marco-MiniLM-L6-v2/resolve/main/config.json "HTTP/1.1 307 Temporary Redirect"
2026-06-06 22:09:55,058 [INFO] httpx: HTTP Request: HEAD https://huggingface.co/api/resolve-cache/models/cross-encoder/ms-marco-MiniLM-L6-v2/c5ee24cb16019beea0893ab7796b1df96625c6b8/config.json "HTTP/1.1 200 OK"
2026-06-06 22:09:55,699 [INFO] httpx: HTTP Request: HEAD https://huggingface.co/cross-encoder/ms-marco-MiniLM-L-6-v2/resolve/main/config.json "HTTP/1.1 307 Temporary Redirect"
2026-06-06 22:09:55,947 [INFO] httpx: HTTP Request: HEAD https://huggingface.co/cross-encoder/ms-marco-MiniLM-L6-v2/resolve/main/config.json "HTTP/1.1 307 Temporary Redirect"
2026-06-06 22:09:55,972 [INFO] httpx: HTTP Request: HEAD https://huggingface.co/api/resolve-cache/models/cross-encoder/ms-marco-MiniLM-L6-v2/c5ee24cb16019beea0893ab7796b1df96625c6b8/config.json "HTTP/1.1 200 OK"
2026-06-06 22:09:56,234 [INFO] httpx: HTTP Request: HEAD https://huggingface.co/cross-encoder/ms-marco-MiniLM-L-6-v2/resolve/main/tokenizer_config.json "HTTP/1.1 307 Temporary Redirect"
2026-06-06 22:09:56,483 [INFO] httpx: HTTP Request: HEAD https://huggingface.co/cross-encoder/ms-marco-MiniLM-L6-v2/resolve/main/tokenizer_config.json "HTTP/1.1 307 Temporary Redirect"
2026-06-06 22:09:56,508 [INFO] httpx: HTTP Request: HEAD https://huggingface.co/api/resolve-cache/models/cross-encoder/ms-marco-MiniLM-L6-v2/c5ee24cb16019beea0893ab7796b1df96625c6b8/tokenizer_config.json "HTTP/1.1 200 OK"
2026-06-06 22:09:56,800 [INFO] httpx: HTTP Request: GET https://huggingface.co/api/models/cross-encoder/ms-marco-MiniLM-L-6-v2/tree/main/additional_chat_templates?recursive=false&expand=false "HTTP/1.1 307 Temporary Redirect"
2026-06-06 22:09:57,050 [INFO] httpx: HTTP Request: GET https://huggingface.co/api/models/cross-encoder/ms-marco-MiniLM-L6-v2/tree/main/additional_chat_templates?recursive=false&expand=false "HTTP/1.1 404 Not Found"
2026-06-06 22:09:57,538 [INFO] httpx: HTTP Request: GET https://huggingface.co/api/models/cross-encoder/ms-marco-MiniLM-L-6-v2/tree/main?recursive=true&expand=false "HTTP/1.1 307 Temporary Redirect"
2026-06-06 22:09:57,795 [INFO] httpx: HTTP Request: GET https://huggingface.co/api/models/cross-encoder/ms-marco-MiniLM-L6-v2/tree/main?recursive=true&expand=false "HTTP/1.1 200 OK"
2026-06-06 22:09:58,153 [INFO] httpx: HTTP Request: HEAD https://huggingface.co/cross-encoder/ms-marco-MiniLM-L-6-v2/resolve/main/README.md "HTTP/1.1 307 Temporary Redirect"
2026-06-06 22:09:58,398 [INFO] httpx: HTTP Request: HEAD https://huggingface.co/cross-encoder/ms-marco-MiniLM-L6-v2/resolve/main/README.md "HTTP/1.1 307 Temporary Redirect"
2026-06-06 22:09:58,400 [WARNING] huggingface_hub.utils._http: Warning: You are sending unauthenticated requests to the HF Hub. Please set a HF_TOKEN to enable higher rate limits and faster downloads.
2026-06-06 22:09:58,424 [INFO] httpx: HTTP Request: HEAD https://huggingface.co/api/resolve-cache/models/cross-encoder/ms-marco-MiniLM-L6-v2/c5ee24cb16019beea0893ab7796b1df96625c6b8/README.md "HTTP/1.1 200 OK"
2026-06-06 22:09:58,439 [INFO] sentence_transformers.cross_encoder.CrossEncoder: Use pytorch device: cpu
2026-06-06 22:09:58,753 [INFO] httpx: HTTP Request: GET https://huggingface.co/api/models/cross-encoder/ms-marco-MiniLM-L-6-v2 "HTTP/1.1 307 Temporary Redirect"
2026-06-06 22:09:59,002 [INFO] httpx: HTTP Request: GET https://huggingface.co/api/models/cross-encoder/ms-marco-MiniLM-L6-v2 "HTTP/1.1 200 OK"
2026-06-06 22:10:01,275 [INFO] httpx: HTTP Request: POST http://localhost:11434/api/embed "HTTP/1.1 200 OK"
2026-06-06 22:10:01,548 [INFO] httpx: HTTP Request: POST http://localhost:11434/api/embed "HTTP/1.1 200 OK"
2026-06-06 22:41:43,405 [INFO] httpx: HTTP Request: POST http://localhost:11434/api/embed "HTTP/1.1 200 OK"
2026-06-06 22:41:45,645 [INFO] httpx: HTTP Request: POST http://localhost:11434/api/embed "HTTP/1.1 200 OK"
2026-06-06 22:41:45,879 [INFO] httpx: HTTP Request: POST http://localhost:11434/api/embed "HTTP/1.1 200 OK"
2026-06-06 22:54:19,884 [INFO] httpx: HTTP Request: POST https://api.telegram.org/botyour_bot_token_here/getMe "HTTP/1.1 404 Not Found"
2026-06-06 22:54:19,886 [ERROR] telegram.ext: Network Retry Loop (Bootstrap Initialize Application): Invalid token. Aborting retry loop.
Traceback (most recent call last):
  File "C:\Users\Sai kiran\AppData\Local\Programs\Python\Python314\Lib\site-packages\telegram\_bot.py", line 856, in initialize
    await self.get_me()
  File "C:\Users\Sai kiran\AppData\Local\Programs\Python\Python314\Lib\site-packages\telegram\ext\_extbot.py", line 2007, in get_me
    return await super().get_me(
           ^^^^^^^^^^^^^^^^^^^^^
    ...<5 lines>...
    )
    ^
  File "C:\Users\Sai kiran\AppData\Local\Programs\Python\Python314\Lib\site-packages\telegram\_bot.py", line 989, in get_me
    result = await self._post(
             ^^^^^^^^^^^^^^^^^
    ...<6 lines>...
    )
    ^
  File "C:\Users\Sai kiran\AppData\Local\Programs\Python\Python314\Lib\site-packages\telegram\_bot.py", line 703, in _post
    return await self._do_post(
           ^^^^^^^^^^^^^^^^^^^^
    ...<6 lines>...
    )
    ^
  File "C:\Users\Sai kiran\AppData\Local\Programs\Python\Python314\Lib\site-packages\telegram\ext\_extbot.py", line 369, in _do_post
    return await super()._do_post(
           ^^^^^^^^^^^^^^^^^^^^^^^
    ...<6 lines>...
    )
    ^
  File "C:\Users\Sai kiran\AppData\Local\Programs\Python\Python314\Lib\site-packages\telegram\_bot.py", line 732, in _do_post
    result = await request.post(
             ^^^^^^^^^^^^^^^^^^^
    ...<6 lines>...
    )
    ^
  File "C:\Users\Sai kiran\AppData\Local\Programs\Python\Python314\Lib\site-packages\telegram\request\_baserequest.py", line 198, in post
    result = await self._request_wrapper(
             ^^^^^^^^^^^^^^^^^^^^^^^^^^^^
    ...<7 lines>...
    )
    ^
  File "C:\Users\Sai kiran\AppData\Local\Programs\Python\Python314\Lib\site-packages\telegram\request\_baserequest.py", line 375, in _request_wrapper
    raise exception
telegram.error.InvalidToken: Not Found

The above exception was the direct cause of the following exception:

Traceback (most recent call last):
  File "C:\Users\Sai kiran\AppData\Local\Programs\Python\Python314\Lib\site-packages\telegram\ext\_utils\networkloop.py", line 161, in network_retry_loop
    await do_action()
  File "C:\Users\Sai kiran\AppData\Local\Programs\Python\Python314\Lib\site-packages\telegram\ext\_utils\networkloop.py", line 136, in do_action
    await action_cb()
  File "C:\Users\Sai kiran\AppData\Local\Programs\Python\Python314\Lib\site-packages\telegram\ext\_application.py", line 489, in initialize
    await self.bot.initialize()
  File "C:\Users\Sai kiran\AppData\Local\Programs\Python\Python314\Lib\site-packages\telegram\ext\_extbot.py", line 315, in initialize
    await super().initialize()
  File "C:\Users\Sai kiran\AppData\Local\Programs\Python\Python314\Lib\site-packages\telegram\_bot.py", line 859, in initialize
    raise InvalidToken(f"The token `{self._token}` was rejected by the server.") from exc
telegram.error.InvalidToken: The token `your_bot_token_here` was rejected by the server.
2026-06-06 23:00:46,462 [INFO] httpx: HTTP Request: POST https://api.telegram.org/botyour_bot_token_here/getMe "HTTP/1.1 404 Not Found"
2026-06-06 23:00:46,464 [ERROR] telegram.ext: Network Retry Loop (Bootstrap Initialize Application): Invalid token. Aborting retry loop.
Traceback (most recent call last):
  File "C:\Users\Sai kiran\AppData\Local\Programs\Python\Python314\Lib\site-packages\telegram\_bot.py", line 856, in initialize
    await self.get_me()
  File "C:\Users\Sai kiran\AppData\Local\Programs\Python\Python314\Lib\site-packages\telegram\ext\_extbot.py", line 2007, in get_me
    return await super().get_me(
           ^^^^^^^^^^^^^^^^^^^^^
    ...<5 lines>...
    )
    ^
  File "C:\Users\Sai kiran\AppData\Local\Programs\Python\Python314\Lib\site-packages\telegram\_bot.py", line 989, in get_me
    result = await self._post(
             ^^^^^^^^^^^^^^^^^
    ...<6 lines>...
    )
    ^
  File "C:\Users\Sai kiran\AppData\Local\Programs\Python\Python314\Lib\site-packages\telegram\_bot.py", line 703, in _post
    return await self._do_post(
           ^^^^^^^^^^^^^^^^^^^^
    ...<6 lines>...
    )
    ^
  File "C:\Users\Sai kiran\AppData\Local\Programs\Python\Python314\Lib\site-packages\telegram\ext\_extbot.py", line 369, in _do_post
    return await super()._do_post(
           ^^^^^^^^^^^^^^^^^^^^^^^
    ...<6 lines>...
    )
    ^
  File "C:\Users\Sai kiran\AppData\Local\Programs\Python\Python314\Lib\site-packages\telegram\_bot.py", line 732, in _do_post
    result = await request.post(
             ^^^^^^^^^^^^^^^^^^^
    ...<6 lines>...
    )
    ^
  File "C:\Users\Sai kiran\AppData\Local\Programs\Python\Python314\Lib\site-packages\telegram\request\_baserequest.py", line 198, in post
    result = await self._request_wrapper(
             ^^^^^^^^^^^^^^^^^^^^^^^^^^^^
    ...<7 lines>...
    )
    ^
  File "C:\Users\Sai kiran\AppData\Local\Programs\Python\Python314\Lib\site-packages\telegram\request\_baserequest.py", line 375, in _request_wrapper
    raise exception
telegram.error.InvalidToken: Not Found

The above exception was the direct cause of the following exception:

Traceback (most recent call last):
  File "C:\Users\Sai kiran\AppData\Local\Programs\Python\Python314\Lib\site-packages\telegram\ext\_utils\networkloop.py", line 161, in network_retry_loop
    await do_action()
  File "C:\Users\Sai kiran\AppData\Local\Programs\Python\Python314\Lib\site-packages\telegram\ext\_utils\networkloop.py", line 136, in do_action
    await action_cb()
  File "C:\Users\Sai kiran\AppData\Local\Programs\Python\Python314\Lib\site-packages\telegram\ext\_application.py", line 489, in initialize
    await self.bot.initialize()
  File "C:\Users\Sai kiran\AppData\Local\Programs\Python\Python314\Lib\site-packages\telegram\ext\_extbot.py", line 315, in initialize
    await super().initialize()
  File "C:\Users\Sai kiran\AppData\Local\Programs\Python\Python314\Lib\site-packages\telegram\_bot.py", line 859, in initialize
    raise InvalidToken(f"The token `{self._token}` was rejected by the server.") from exc
telegram.error.InvalidToken: The token `your_bot_token_here` was rejected by the server.
2026-06-06 23:01:20,791 [INFO] httpx: HTTP Request: POST http://localhost:11434/api/embed "HTTP/1.1 200 OK"
2026-06-06 23:01:46,612 [INFO] httpx: HTTP Request: HEAD https://huggingface.co/cross-encoder/ms-marco-MiniLM-L-6-v2/resolve/main/config.json "HTTP/1.1 307 Temporary Redirect"
2026-06-06 23:01:46,862 [INFO] httpx: HTTP Request: HEAD https://huggingface.co/cross-encoder/ms-marco-MiniLM-L6-v2/resolve/main/config.json "HTTP/1.1 307 Temporary Redirect"
2026-06-06 23:01:46,864 [WARNING] huggingface_hub.utils._http: Warning: You are sending unauthenticated requests to the HF Hub. Please set a HF_TOKEN to enable higher rate limits and faster downloads.
2026-06-06 23:01:46,895 [INFO] httpx: HTTP Request: HEAD https://huggingface.co/api/resolve-cache/models/cross-encoder/ms-marco-MiniLM-L6-v2/c5ee24cb16019beea0893ab7796b1df96625c6b8/config.json "HTTP/1.1 200 OK"
2026-06-06 23:01:47,575 [INFO] httpx: HTTP Request: HEAD https://huggingface.co/cross-encoder/ms-marco-MiniLM-L-6-v2/resolve/main/config.json "HTTP/1.1 307 Temporary Redirect"
2026-06-06 23:01:47,816 [INFO] httpx: HTTP Request: HEAD https://huggingface.co/cross-encoder/ms-marco-MiniLM-L6-v2/resolve/main/config.json "HTTP/1.1 307 Temporary Redirect"
2026-06-06 23:01:47,848 [INFO] httpx: HTTP Request: HEAD https://huggingface.co/api/resolve-cache/models/cross-encoder/ms-marco-MiniLM-L6-v2/c5ee24cb16019beea0893ab7796b1df96625c6b8/config.json "HTTP/1.1 200 OK"
2026-06-06 23:01:48,124 [INFO] httpx: HTTP Request: HEAD https://huggingface.co/cross-encoder/ms-marco-MiniLM-L-6-v2/resolve/main/tokenizer_config.json "HTTP/1.1 307 Temporary Redirect"
2026-06-06 23:01:48,378 [INFO] httpx: HTTP Request: HEAD https://huggingface.co/cross-encoder/ms-marco-MiniLM-L6-v2/resolve/main/tokenizer_config.json "HTTP/1.1 307 Temporary Redirect"
2026-06-06 23:01:48,404 [INFO] httpx: HTTP Request: HEAD https://huggingface.co/api/resolve-cache/models/cross-encoder/ms-marco-MiniLM-L6-v2/c5ee24cb16019beea0893ab7796b1df96625c6b8/tokenizer_config.json "HTTP/1.1 200 OK"
2026-06-06 23:01:48,686 [INFO] httpx: HTTP Request: GET https://huggingface.co/api/models/cross-encoder/ms-marco-MiniLM-L-6-v2/tree/main/additional_chat_templates?recursive=false&expand=false "HTTP/1.1 307 Temporary Redirect"
2026-06-06 23:01:48,942 [INFO] httpx: HTTP Request: GET https://huggingface.co/api/models/cross-encoder/ms-marco-MiniLM-L6-v2/tree/main/additional_chat_templates?recursive=false&expand=false "HTTP/1.1 404 Not Found"
2026-06-06 23:01:49,198 [INFO] httpx: HTTP Request: GET https://huggingface.co/api/models/cross-encoder/ms-marco-MiniLM-L-6-v2/tree/main?recursive=true&expand=false "HTTP/1.1 307 Temporary Redirect"
2026-06-06 23:01:49,464 [INFO] httpx: HTTP Request: GET https://huggingface.co/api/models/cross-encoder/ms-marco-MiniLM-L6-v2/tree/main?recursive=true&expand=false "HTTP/1.1 200 OK"
2026-06-06 23:01:49,844 [INFO] httpx: HTTP Request: HEAD https://huggingface.co/cross-encoder/ms-marco-MiniLM-L-6-v2/resolve/main/README.md "HTTP/1.1 307 Temporary Redirect"
2026-06-06 23:01:50,088 [INFO] httpx: HTTP Request: HEAD https://huggingface.co/cross-encoder/ms-marco-MiniLM-L6-v2/resolve/main/README.md "HTTP/1.1 307 Temporary Redirect"
2026-06-06 23:01:50,119 [INFO] httpx: HTTP Request: HEAD https://huggingface.co/api/resolve-cache/models/cross-encoder/ms-marco-MiniLM-L6-v2/c5ee24cb16019beea0893ab7796b1df96625c6b8/README.md "HTTP/1.1 200 OK"
2026-06-06 23:01:50,134 [INFO] sentence_transformers.cross_encoder.CrossEncoder: Use pytorch device: cpu
2026-06-06 23:01:50,399 [INFO] httpx: HTTP Request: GET https://huggingface.co/api/models/cross-encoder/ms-marco-MiniLM-L-6-v2 "HTTP/1.1 307 Temporary Redirect"
2026-06-06 23:01:50,665 [INFO] httpx: HTTP Request: GET https://huggingface.co/api/models/cross-encoder/ms-marco-MiniLM-L6-v2 "HTTP/1.1 200 OK"
2026-06-06 23:01:52,989 [INFO] httpx: HTTP Request: POST http://localhost:11434/api/embed "HTTP/1.1 200 OK"
2026-06-06 23:05:15,622 [INFO] httpx: HTTP Request: POST https://api.telegram.org/botyour_bot_token_here/getMe "HTTP/1.1 404 Not Found"
2026-06-06 23:05:15,624 [ERROR] telegram.ext: Network Retry Loop (Bootstrap Initialize Application): Invalid token. Aborting retry loop.
Traceback (most recent call last):
  File "C:\Users\Sai kiran\AppData\Local\Programs\Python\Python314\Lib\site-packages\telegram\_bot.py", line 856, in initialize
    await self.get_me()
  File "C:\Users\Sai kiran\AppData\Local\Programs\Python\Python314\Lib\site-packages\telegram\ext\_extbot.py", line 2007, in get_me
    return await super().get_me(
           ^^^^^^^^^^^^^^^^^^^^^
    ...<5 lines>...
    )
    ^
  File "C:\Users\Sai kiran\AppData\Local\Programs\Python\Python314\Lib\site-packages\telegram\_bot.py", line 989, in get_me
    result = await self._post(
             ^^^^^^^^^^^^^^^^^
    ...<6 lines>...
    )
    ^
  File "C:\Users\Sai kiran\AppData\Local\Programs\Python\Python314\Lib\site-packages\telegram\_bot.py", line 703, in _post
    return await self._do_post(
           ^^^^^^^^^^^^^^^^^^^^
    ...<6 lines>...
    )
    ^
  File "C:\Users\Sai kiran\AppData\Local\Programs\Python\Python314\Lib\site-packages\telegram\ext\_extbot.py", line 369, in _do_post
    return await super()._do_post(
           ^^^^^^^^^^^^^^^^^^^^^^^
    ...<6 lines>...
    )
    ^
  File "C:\Users\Sai kiran\AppData\Local\Programs\Python\Python314\Lib\site-packages\telegram\_bot.py", line 732, in _do_post
    result = await request.post(
             ^^^^^^^^^^^^^^^^^^^
    ...<6 lines>...
    )
    ^
  File "C:\Users\Sai kiran\AppData\Local\Programs\Python\Python314\Lib\site-packages\telegram\request\_baserequest.py", line 198, in post
    result = await self._request_wrapper(
             ^^^^^^^^^^^^^^^^^^^^^^^^^^^^
    ...<7 lines>...
    )
    ^
  File "C:\Users\Sai kiran\AppData\Local\Programs\Python\Python314\Lib\site-packages\telegram\request\_baserequest.py", line 375, in _request_wrapper
    raise exception
telegram.error.InvalidToken: Not Found

The above exception was the direct cause of the following exception:

Traceback (most recent call last):
  File "C:\Users\Sai kiran\AppData\Local\Programs\Python\Python314\Lib\site-packages\telegram\ext\_utils\networkloop.py", line 161, in network_retry_loop
    await do_action()
  File "C:\Users\Sai kiran\AppData\Local\Programs\Python\Python314\Lib\site-packages\telegram\ext\_utils\networkloop.py", line 136, in do_action
    await action_cb()
  File "C:\Users\Sai kiran\AppData\Local\Programs\Python\Python314\Lib\site-packages\telegram\ext\_application.py", line 489, in initialize
    await self.bot.initialize()
  File "C:\Users\Sai kiran\AppData\Local\Programs\Python\Python314\Lib\site-packages\telegram\ext\_extbot.py", line 315, in initialize
    await super().initialize()
  File "C:\Users\Sai kiran\AppData\Local\Programs\Python\Python314\Lib\site-packages\telegram\_bot.py", line 859, in initialize
    raise InvalidToken(f"The token `{self._token}` was rejected by the server.") from exc
telegram.error.InvalidToken: The token `your_bot_token_here` was rejected by the server.
2026-06-06 23:05:46,341 [INFO] httpx: HTTP Request: POST http://localhost:11434/api/embed "HTTP/1.1 200 OK"
2026-06-06 23:06:14,678 [INFO] httpx: HTTP Request: HEAD https://huggingface.co/cross-encoder/ms-marco-MiniLM-L-6-v2/resolve/main/config.json "HTTP/1.1 307 Temporary Redirect"
2026-06-06 23:06:14,932 [INFO] httpx: HTTP Request: HEAD https://huggingface.co/cross-encoder/ms-marco-MiniLM-L6-v2/resolve/main/config.json "HTTP/1.1 307 Temporary Redirect"
2026-06-06 23:06:14,934 [WARNING] huggingface_hub.utils._http: Warning: You are sending unauthenticated requests to the HF Hub. Please set a HF_TOKEN to enable higher rate limits and faster downloads.
2026-06-06 23:06:14,972 [INFO] httpx: HTTP Request: HEAD https://huggingface.co/api/resolve-cache/models/cross-encoder/ms-marco-MiniLM-L6-v2/c5ee24cb16019beea0893ab7796b1df96625c6b8/config.json "HTTP/1.1 200 OK"
2026-06-06 23:06:15,640 [INFO] httpx: HTTP Request: HEAD https://huggingface.co/cross-encoder/ms-marco-MiniLM-L-6-v2/resolve/main/config.json "HTTP/1.1 307 Temporary Redirect"
2026-06-06 23:06:15,973 [INFO] httpx: HTTP Request: HEAD https://huggingface.co/cross-encoder/ms-marco-MiniLM-L6-v2/resolve/main/config.json "HTTP/1.1 307 Temporary Redirect"
2026-06-06 23:06:16,000 [INFO] httpx: HTTP Request: HEAD https://huggingface.co/api/resolve-cache/models/cross-encoder/ms-marco-MiniLM-L6-v2/c5ee24cb16019beea0893ab7796b1df96625c6b8/config.json "HTTP/1.1 200 OK"
2026-06-06 23:06:16,273 [INFO] httpx: HTTP Request: HEAD https://huggingface.co/cross-encoder/ms-marco-MiniLM-L-6-v2/resolve/main/tokenizer_config.json "HTTP/1.1 307 Temporary Redirect"
2026-06-06 23:06:16,522 [INFO] httpx: HTTP Request: HEAD https://huggingface.co/cross-encoder/ms-marco-MiniLM-L6-v2/resolve/main/tokenizer_config.json "HTTP/1.1 307 Temporary Redirect"
2026-06-06 23:06:16,556 [INFO] httpx: HTTP Request: HEAD https://huggingface.co/api/resolve-cache/models/cross-encoder/ms-marco-MiniLM-L6-v2/c5ee24cb16019beea0893ab7796b1df96625c6b8/tokenizer_config.json "HTTP/1.1 200 OK"
2026-06-06 23:06:16,856 [INFO] httpx: HTTP Request: GET https://huggingface.co/api/models/cross-encoder/ms-marco-MiniLM-L-6-v2/tree/main/additional_chat_templates?recursive=false&expand=false "HTTP/1.1 307 Temporary Redirect"
2026-06-06 23:06:17,096 [INFO] httpx: HTTP Request: GET https://huggingface.co/api/models/cross-encoder/ms-marco-MiniLM-L6-v2/tree/main/additional_chat_templates?recursive=false&expand=false "HTTP/1.1 404 Not Found"
2026-06-06 23:06:17,346 [INFO] httpx: HTTP Request: GET https://huggingface.co/api/models/cross-encoder/ms-marco-MiniLM-L-6-v2/tree/main?recursive=true&expand=false "HTTP/1.1 307 Temporary Redirect"
2026-06-06 23:06:17,597 [INFO] httpx: HTTP Request: GET https://huggingface.co/api/models/cross-encoder/ms-marco-MiniLM-L6-v2/tree/main?recursive=true&expand=false "HTTP/1.1 200 OK"
2026-06-06 23:06:17,975 [INFO] httpx: HTTP Request: HEAD https://huggingface.co/cross-encoder/ms-marco-MiniLM-L-6-v2/resolve/main/README.md "HTTP/1.1 307 Temporary Redirect"
2026-06-06 23:06:18,220 [INFO] httpx: HTTP Request: HEAD https://huggingface.co/cross-encoder/ms-marco-MiniLM-L6-v2/resolve/main/README.md "HTTP/1.1 307 Temporary Redirect"
2026-06-06 23:06:18,249 [INFO] httpx: HTTP Request: HEAD https://huggingface.co/api/resolve-cache/models/cross-encoder/ms-marco-MiniLM-L6-v2/c5ee24cb16019beea0893ab7796b1df96625c6b8/README.md "HTTP/1.1 200 OK"
2026-06-06 23:06:18,272 [INFO] sentence_transformers.cross_encoder.CrossEncoder: Use pytorch device: cpu
2026-06-06 23:06:18,527 [INFO] httpx: HTTP Request: GET https://huggingface.co/api/models/cross-encoder/ms-marco-MiniLM-L-6-v2 "HTTP/1.1 307 Temporary Redirect"
2026-06-06 23:06:18,784 [INFO] httpx: HTTP Request: GET https://huggingface.co/api/models/cross-encoder/ms-marco-MiniLM-L6-v2 "HTTP/1.1 200 OK"
2026-06-06 23:06:21,135 [INFO] httpx: HTTP Request: POST http://localhost:11434/api/embed "HTTP/1.1 200 OK"
2026-06-06 23:07:47,004 [INFO] httpx: HTTP Request: POST http://localhost:11434/api/embed "HTTP/1.1 200 OK"
2026-06-06 23:07:49,242 [INFO] httpx: HTTP Request: POST http://localhost:11434/api/embed "HTTP/1.1 200 OK"
2026-06-06 23:07:49,605 [INFO] httpx: HTTP Request: POST http://localhost:11434/api/embed "HTTP/1.1 200 OK"
2026-06-06 23:08:47,770 [INFO] httpx: HTTP Request: POST http://localhost:11434/api/embed "HTTP/1.1 200 OK"
2026-06-06 23:08:55,262 [INFO] httpx: HTTP Request: POST http://localhost:11434/api/embed "HTTP/1.1 200 OK"
2026-06-06 23:09:38,516 [INFO] httpx: HTTP Request: POST http://localhost:11434/api/embed "HTTP/1.1 200 OK"
2026-06-06 23:11:23,339 [INFO] httpx: HTTP Request: POST https://api.telegram.org/botyour_bot_token_here/getMe "HTTP/1.1 404 Not Found"
2026-06-06 23:11:23,345 [ERROR] telegram.ext: Network Retry Loop (Bootstrap Initialize Application): Invalid token. Aborting retry loop.
Traceback (most recent call last):
  File "C:\Users\Sai kiran\AppData\Local\Programs\Python\Python314\Lib\site-packages\telegram\_bot.py", line 856, in initialize
    await self.get_me()
  File "C:\Users\Sai kiran\AppData\Local\Programs\Python\Python314\Lib\site-packages\telegram\ext\_extbot.py", line 2007, in get_me
    return await super().get_me(
           ^^^^^^^^^^^^^^^^^^^^^
    ...<5 lines>...
    )
    ^
  File "C:\Users\Sai kiran\AppData\Local\Programs\Python\Python314\Lib\site-packages\telegram\_bot.py", line 989, in get_me
    result = await self._post(
             ^^^^^^^^^^^^^^^^^
    ...<6 lines>...
    )
    ^
  File "C:\Users\Sai kiran\AppData\Local\Programs\Python\Python314\Lib\site-packages\telegram\_bot.py", line 703, in _post
    return await self._do_post(
           ^^^^^^^^^^^^^^^^^^^^
    ...<6 lines>...
    )
    ^
  File "C:\Users\Sai kiran\AppData\Local\Programs\Python\Python314\Lib\site-packages\telegram\ext\_extbot.py", line 369, in _do_post
    return await super()._do_post(
           ^^^^^^^^^^^^^^^^^^^^^^^
    ...<6 lines>...
    )
    ^
  File "C:\Users\Sai kiran\AppData\Local\Programs\Python\Python314\Lib\site-packages\telegram\_bot.py", line 732, in _do_post
    result = await request.post(
             ^^^^^^^^^^^^^^^^^^^
    ...<6 lines>...
    )
    ^
  File "C:\Users\Sai kiran\AppData\Local\Programs\Python\Python314\Lib\site-packages\telegram\request\_baserequest.py", line 198, in post
    result = await self._request_wrapper(
             ^^^^^^^^^^^^^^^^^^^^^^^^^^^^
    ...<7 lines>...
    )
    ^
  File "C:\Users\Sai kiran\AppData\Local\Programs\Python\Python314\Lib\site-packages\telegram\request\_baserequest.py", line 375, in _request_wrapper
    raise exception
telegram.error.InvalidToken: Not Found

The above exception was the direct cause of the following exception:

Traceback (most recent call last):
  File "C:\Users\Sai kiran\AppData\Local\Programs\Python\Python314\Lib\site-packages\telegram\ext\_utils\networkloop.py", line 161, in network_retry_loop
    await do_action()
  File "C:\Users\Sai kiran\AppData\Local\Programs\Python\Python314\Lib\site-packages\telegram\ext\_utils\networkloop.py", line 136, in do_action
    await action_cb()
  File "C:\Users\Sai kiran\AppData\Local\Programs\Python\Python314\Lib\site-packages\telegram\ext\_application.py", line 489, in initialize
    await self.bot.initialize()
  File "C:\Users\Sai kiran\AppData\Local\Programs\Python\Python314\Lib\site-packages\telegram\ext\_extbot.py", line 315, in initialize
    await super().initialize()
  File "C:\Users\Sai kiran\AppData\Local\Programs\Python\Python314\Lib\site-packages\telegram\_bot.py", line 859, in initialize
    raise InvalidToken(f"The token `{self._token}` was rejected by the server.") from exc
telegram.error.InvalidToken: The token `your_bot_token_here` was rejected by the server.
2026-06-06 23:14:55,836 [INFO] httpx: HTTP Request: POST https://api.telegram.org/botyour_bot_token_here/getMe "HTTP/1.1 404 Not Found"
2026-06-06 23:14:55,839 [ERROR] telegram.ext: Network Retry Loop (Bootstrap Initialize Application): Invalid token. Aborting retry loop.
Traceback (most recent call last):
  File "C:\Users\Sai kiran\AppData\Local\Programs\Python\Python314\Lib\site-packages\telegram\_bot.py", line 856, in initialize
    await self.get_me()
  File "C:\Users\Sai kiran\AppData\Local\Programs\Python\Python314\Lib\site-packages\telegram\ext\_extbot.py", line 2007, in get_me
    return await super().get_me(
           ^^^^^^^^^^^^^^^^^^^^^
    ...<5 lines>...
    )
    ^
  File "C:\Users\Sai kiran\AppData\Local\Programs\Python\Python314\Lib\site-packages\telegram\_bot.py", line 989, in get_me
    result = await self._post(
             ^^^^^^^^^^^^^^^^^
    ...<6 lines>...
    )
    ^
  File "C:\Users\Sai kiran\AppData\Local\Programs\Python\Python314\Lib\site-packages\telegram\_bot.py", line 703, in _post
    return await self._do_post(
           ^^^^^^^^^^^^^^^^^^^^
    ...<6 lines>...
    )
    ^
  File "C:\Users\Sai kiran\AppData\Local\Programs\Python\Python314\Lib\site-packages\telegram\ext\_extbot.py", line 369, in _do_post
    return await super()._do_post(
           ^^^^^^^^^^^^^^^^^^^^^^^
    ...<6 lines>...
    )
    ^
  File "C:\Users\Sai kiran\AppData\Local\Programs\Python\Python314\Lib\site-packages\telegram\_bot.py", line 732, in _do_post
    result = await request.post(
             ^^^^^^^^^^^^^^^^^^^
    ...<6 lines>...
    )
    ^
  File "C:\Users\Sai kiran\AppData\Local\Programs\Python\Python314\Lib\site-packages\telegram\request\_baserequest.py", line 198, in post
    result = await self._request_wrapper(
             ^^^^^^^^^^^^^^^^^^^^^^^^^^^^
    ...<7 lines>...
    )
    ^
  File "C:\Users\Sai kiran\AppData\Local\Programs\Python\Python314\Lib\site-packages\telegram\request\_baserequest.py", line 375, in _request_wrapper
    raise exception
telegram.error.InvalidToken: Not Found

The above exception was the direct cause of the following exception:

Traceback (most recent call last):
  File "C:\Users\Sai kiran\AppData\Local\Programs\Python\Python314\Lib\site-packages\telegram\ext\_utils\networkloop.py", line 161, in network_retry_loop
    await do_action()
  File "C:\Users\Sai kiran\AppData\Local\Programs\Python\Python314\Lib\site-packages\telegram\ext\_utils\networkloop.py", line 136, in do_action
    await action_cb()
  File "C:\Users\Sai kiran\AppData\Local\Programs\Python\Python314\Lib\site-packages\telegram\ext\_application.py", line 489, in initialize
    await self.bot.initialize()
  File "C:\Users\Sai kiran\AppData\Local\Programs\Python\Python314\Lib\site-packages\telegram\ext\_extbot.py", line 315, in initialize
    await super().initialize()
  File "C:\Users\Sai kiran\AppData\Local\Programs\Python\Python314\Lib\site-packages\telegram\_bot.py", line 859, in initialize
    raise InvalidToken(f"The token `{self._token}` was rejected by the server.") from exc
telegram.error.InvalidToken: The token `your_bot_token_here` was rejected by the server.
2026-06-07 11:44:40,424 [INFO] httpx: HTTP Request: POST https://api.telegram.org/botyour_bot_token_here/getMe "HTTP/1.1 404 Not Found"
2026-06-07 11:44:40,426 [ERROR] telegram.ext: Network Retry Loop (Bootstrap Initialize Application): Invalid token. Aborting retry loop.
Traceback (most recent call last):
  File "C:\Users\Sai kiran\AppData\Local\Programs\Python\Python314\Lib\site-packages\telegram\_bot.py", line 856, in initialize
    await self.get_me()
  File "C:\Users\Sai kiran\AppData\Local\Programs\Python\Python314\Lib\site-packages\telegram\ext\_extbot.py", line 2007, in get_me
    return await super().get_me(
           ^^^^^^^^^^^^^^^^^^^^^
    ...<5 lines>...
    )
    ^
  File "C:\Users\Sai kiran\AppData\Local\Programs\Python\Python314\Lib\site-packages\telegram\_bot.py", line 989, in get_me
    result = await self._post(
             ^^^^^^^^^^^^^^^^^
    ...<6 lines>...
    )
    ^
  File "C:\Users\Sai kiran\AppData\Local\Programs\Python\Python314\Lib\site-packages\telegram\_bot.py", line 703, in _post
    return await self._do_post(
           ^^^^^^^^^^^^^^^^^^^^
    ...<6 lines>...
    )
    ^
  File "C:\Users\Sai kiran\AppData\Local\Programs\Python\Python314\Lib\site-packages\telegram\ext\_extbot.py", line 369, in _do_post
    return await super()._do_post(
           ^^^^^^^^^^^^^^^^^^^^^^^
    ...<6 lines>...
    )
    ^
  File "C:\Users\Sai kiran\AppData\Local\Programs\Python\Python314\Lib\site-packages\telegram\_bot.py", line 732, in _do_post
    result = await request.post(
             ^^^^^^^^^^^^^^^^^^^
    ...<6 lines>...
    )
    ^
  File "C:\Users\Sai kiran\AppData\Local\Programs\Python\Python314\Lib\site-packages\telegram\request\_baserequest.py", line 198, in post
    result = await self._request_wrapper(
             ^^^^^^^^^^^^^^^^^^^^^^^^^^^^
    ...<7 lines>...
    )
    ^
  File "C:\Users\Sai kiran\AppData\Local\Programs\Python\Python314\Lib\site-packages\telegram\request\_baserequest.py", line 375, in _request_wrapper
    raise exception
telegram.error.InvalidToken: Not Found

The above exception was the direct cause of the following exception:

Traceback (most recent call last):
  File "C:\Users\Sai kiran\AppData\Local\Programs\Python\Python314\Lib\site-packages\telegram\ext\_utils\networkloop.py", line 161, in network_retry_loop
    await do_action()
  File "C:\Users\Sai kiran\AppData\Local\Programs\Python\Python314\Lib\site-packages\telegram\ext\_utils\networkloop.py", line 136, in do_action
    await action_cb()
  File "C:\Users\Sai kiran\AppData\Local\Programs\Python\Python314\Lib\site-packages\telegram\ext\_application.py", line 489, in initialize
    await self.bot.initialize()
  File "C:\Users\Sai kiran\AppData\Local\Programs\Python\Python314\Lib\site-packages\telegram\ext\_extbot.py", line 315, in initialize
    await super().initialize()
  File "C:\Users\Sai kiran\AppData\Local\Programs\Python\Python314\Lib\site-packages\telegram\_bot.py", line 859, in initialize
    raise InvalidToken(f"The token `{self._token}` was rejected by the server.") from exc
telegram.error.InvalidToken: The token `your_bot_token_here` was rejected by the server.
2026-06-07 11:48:15,086 [INFO] httpx: HTTP Request: POST https://api.telegram.org/botyour_bot_token_here/getMe "HTTP/1.1 404 Not Found"
2026-06-07 11:48:15,088 [ERROR] telegram.ext: Network Retry Loop (Bootstrap Initialize Application): Invalid token. Aborting retry loop.
Traceback (most recent call last):
  File "C:\Users\Sai kiran\AppData\Local\Programs\Python\Python314\Lib\site-packages\telegram\_bot.py", line 856, in initialize
    await self.get_me()
  File "C:\Users\Sai kiran\AppData\Local\Programs\Python\Python314\Lib\site-packages\telegram\ext\_extbot.py", line 2007, in get_me
    return await super().get_me(
           ^^^^^^^^^^^^^^^^^^^^^
    ...<5 lines>...
    )
    ^
  File "C:\Users\Sai kiran\AppData\Local\Programs\Python\Python314\Lib\site-packages\telegram\_bot.py", line 989, in get_me
    result = await self._post(
             ^^^^^^^^^^^^^^^^^
    ...<6 lines>...
    )
    ^
  File "C:\Users\Sai kiran\AppData\Local\Programs\Python\Python314\Lib\site-packages\telegram\_bot.py", line 703, in _post
    return await self._do_post(
           ^^^^^^^^^^^^^^^^^^^^
    ...<6 lines>...
    )
    ^
  File "C:\Users\Sai kiran\AppData\Local\Programs\Python\Python314\Lib\site-packages\telegram\ext\_extbot.py", line 369, in _do_post
    return await super()._do_post(
           ^^^^^^^^^^^^^^^^^^^^^^^
    ...<6 lines>...
    )
    ^
  File "C:\Users\Sai kiran\AppData\Local\Programs\Python\Python314\Lib\site-packages\telegram\_bot.py", line 732, in _do_post
    result = await request.post(
             ^^^^^^^^^^^^^^^^^^^
    ...<6 lines>...
    )
    ^
  File "C:\Users\Sai kiran\AppData\Local\Programs\Python\Python314\Lib\site-packages\telegram\request\_baserequest.py", line 198, in post
    result = await self._request_wrapper(
             ^^^^^^^^^^^^^^^^^^^^^^^^^^^^
    ...<7 lines>...
    )
    ^
  File "C:\Users\Sai kiran\AppData\Local\Programs\Python\Python314\Lib\site-packages\telegram\request\_baserequest.py", line 375, in _request_wrapper
    raise exception
telegram.error.InvalidToken: Not Found

The above exception was the direct cause of the following exception:

Traceback (most recent call last):
  File "C:\Users\Sai kiran\AppData\Local\Programs\Python\Python314\Lib\site-packages\telegram\ext\_utils\networkloop.py", line 161, in network_retry_loop
    await do_action()
  File "C:\Users\Sai kiran\AppData\Local\Programs\Python\Python314\Lib\site-packages\telegram\ext\_utils\networkloop.py", line 136, in do_action
    await action_cb()
  File "C:\Users\Sai kiran\AppData\Local\Programs\Python\Python314\Lib\site-packages\telegram\ext\_application.py", line 489, in initialize
    await self.bot.initialize()
  File "C:\Users\Sai kiran\AppData\Local\Programs\Python\Python314\Lib\site-packages\telegram\ext\_extbot.py", line 315, in initialize
    await super().initialize()
  File "C:\Users\Sai kiran\AppData\Local\Programs\Python\Python314\Lib\site-packages\telegram\_bot.py", line 859, in initialize
    raise InvalidToken(f"The token `{self._token}` was rejected by the server.") from exc
telegram.error.InvalidToken: The token `your_bot_token_here` was rejected by the server.
2026-06-07 11:54:17,059 [INFO] httpx: HTTP Request: POST https://api.telegram.org/bot8677091828:AAF6Tsxq2JYSEX6EM8mPQFS_LUyStnHGXRE/getMe "HTTP/1.1 200 OK"
2026-06-07 11:54:17,264 [INFO] httpx: HTTP Request: POST https://api.telegram.org/bot8677091828:AAF6Tsxq2JYSEX6EM8mPQFS_LUyStnHGXRE/deleteWebhook "HTTP/1.1 200 OK"
2026-06-07 11:54:17,266 [INFO] apscheduler.scheduler: Scheduler started
2026-06-07 11:54:17,268 [INFO] telegram.ext.Application: Application started
2026-06-07 11:54:28,119 [INFO] httpx: HTTP Request: POST https://api.telegram.org/bot8677091828:AAF6Tsxq2JYSEX6EM8mPQFS_LUyStnHGXRE/getUpdates "HTTP/1.1 200 OK"
2026-06-07 11:54:36,294 [INFO] httpx: HTTP Request: POST https://api.telegram.org/bot8677091828:AAF6Tsxq2JYSEX6EM8mPQFS_LUyStnHGXRE/getUpdates "HTTP/1.1 200 OK"
2026-06-07 11:54:37,237 [INFO] httpx: HTTP Request: POST https://api.telegram.org/bot8677091828:AAF6Tsxq2JYSEX6EM8mPQFS_LUyStnHGXRE/sendMessage "HTTP/1.1 200 OK"
2026-06-07 11:54:55,001 [INFO] httpx: HTTP Request: POST https://api.telegram.org/bot8677091828:AAF6Tsxq2JYSEX6EM8mPQFS_LUyStnHGXRE/getUpdates "HTTP/1.1 200 OK"
2026-06-07 11:54:55,819 [INFO] httpx: HTTP Request: POST https://api.telegram.org/bot8677091828:AAF6Tsxq2JYSEX6EM8mPQFS_LUyStnHGXRE/editMessageText "HTTP/1.1 200 OK"
2026-06-07 11:54:56,264 [INFO] httpx: HTTP Request: POST https://api.telegram.org/bot8677091828:AAF6Tsxq2JYSEX6EM8mPQFS_LUyStnHGXRE/editMessageText "HTTP/1.1 200 OK"
2026-06-07 11:55:05,176 [INFO] httpx: HTTP Request: POST https://api.telegram.org/bot8677091828:AAF6Tsxq2JYSEX6EM8mPQFS_LUyStnHGXRE/getUpdates "HTTP/1.1 200 OK"
2026-06-07 11:55:15,363 [INFO] httpx: HTTP Request: POST https://api.telegram.org/bot8677091828:AAF6Tsxq2JYSEX6EM8mPQFS_LUyStnHGXRE/getUpdates "HTTP/1.1 200 OK"
2026-06-07 11:55:25,536 [INFO] httpx: HTTP Request: POST https://api.telegram.org/bot8677091828:AAF6Tsxq2JYSEX6EM8mPQFS_LUyStnHGXRE/getUpdates "HTTP/1.1 200 OK"
2026-06-07 11:55:35,804 [INFO] httpx: HTTP Request: POST https://api.telegram.org/bot8677091828:AAF6Tsxq2JYSEX6EM8mPQFS_LUyStnHGXRE/getUpdates "HTTP/1.1 200 OK"
2026-06-07 11:55:46,006 [INFO] httpx: HTTP Request: POST https://api.telegram.org/bot8677091828:AAF6Tsxq2JYSEX6EM8mPQFS_LUyStnHGXRE/getUpdates "HTTP/1.1 200 OK"
2026-06-07 11:55:56,277 [INFO] httpx: HTTP Request: POST https://api.telegram.org/bot8677091828:AAF6Tsxq2JYSEX6EM8mPQFS_LUyStnHGXRE/getUpdates "HTTP/1.1 200 OK"
2026-06-07 11:56:06,523 [INFO] httpx: HTTP Request: POST https://api.telegram.org/bot8677091828:AAF6Tsxq2JYSEX6EM8mPQFS_LUyStnHGXRE/getUpdates "HTTP/1.1 200 OK"
2026-06-07 11:56:16,865 [INFO] httpx: HTTP Request: POST https://api.telegram.org/bot8677091828:AAF6Tsxq2JYSEX6EM8mPQFS_LUyStnHGXRE/getUpdates "HTTP/1.1 200 OK"
2026-06-07 11:56:27,033 [INFO] httpx: HTTP Request: POST https://api.telegram.org/bot8677091828:AAF6Tsxq2JYSEX6EM8mPQFS_LUyStnHGXRE/getUpdates "HTTP/1.1 200 OK"
2026-06-07 11:56:37,205 [INFO] httpx: HTTP Request: POST https://api.telegram.org/bot8677091828:AAF6Tsxq2JYSEX6EM8mPQFS_LUyStnHGXRE/getUpdates "HTTP/1.1 200 OK"
2026-06-07 11:56:47,393 [INFO] httpx: HTTP Request: POST https://api.telegram.org/bot8677091828:AAF6Tsxq2JYSEX6EM8mPQFS_LUyStnHGXRE/getUpdates "HTTP/1.1 200 OK"
2026-06-07 11:56:57,723 [INFO] httpx: HTTP Request: POST https://api.telegram.org/bot8677091828:AAF6Tsxq2JYSEX6EM8mPQFS_LUyStnHGXRE/getUpdates "HTTP/1.1 200 OK"
2026-06-07 11:57:07,907 [INFO] httpx: HTTP Request: POST https://api.telegram.org/bot8677091828:AAF6Tsxq2JYSEX6EM8mPQFS_LUyStnHGXRE/getUpdates "HTTP/1.1 200 OK"
2026-06-07 11:57:18,076 [INFO] httpx: HTTP Request: POST https://api.telegram.org/bot8677091828:AAF6Tsxq2JYSEX6EM8mPQFS_LUyStnHGXRE/getUpdates "HTTP/1.1 200 OK"
2026-06-07 11:57:28,271 [INFO] httpx: HTTP Request: POST https://api.telegram.org/bot8677091828:AAF6Tsxq2JYSEX6EM8mPQFS_LUyStnHGXRE/getUpdates "HTTP/1.1 200 OK"
2026-06-07 11:57:38,551 [INFO] httpx: HTTP Request: POST https://api.telegram.org/bot8677091828:AAF6Tsxq2JYSEX6EM8mPQFS_LUyStnHGXRE/getUpdates "HTTP/1.1 200 OK"
2026-06-07 11:57:48,828 [INFO] httpx: HTTP Request: POST https://api.telegram.org/bot8677091828:AAF6Tsxq2JYSEX6EM8mPQFS_LUyStnHGXRE/getUpdates "HTTP/1.1 200 OK"
2026-06-07 11:57:59,059 [INFO] httpx: HTTP Request: POST https://api.telegram.org/bot8677091828:AAF6Tsxq2JYSEX6EM8mPQFS_LUyStnHGXRE/getUpdates "HTTP/1.1 200 OK"
2026-06-07 11:58:09,229 [INFO] httpx: HTTP Request: POST https://api.telegram.org/bot8677091828:AAF6Tsxq2JYSEX6EM8mPQFS_LUyStnHGXRE/getUpdates "HTTP/1.1 200 OK"
2026-06-07 11:58:19,436 [INFO] httpx: HTTP Request: POST https://api.telegram.org/bot8677091828:AAF6Tsxq2JYSEX6EM8mPQFS_LUyStnHGXRE/getUpdates "HTTP/1.1 200 OK"
2026-06-07 11:58:29,644 [INFO] httpx: HTTP Request: POST https://api.telegram.org/bot8677091828:AAF6Tsxq2JYSEX6EM8mPQFS_LUyStnHGXRE/getUpdates "HTTP/1.1 200 OK"
2026-06-07 11:58:39,811 [INFO] httpx: HTTP Request: POST https://api.telegram.org/bot8677091828:AAF6Tsxq2JYSEX6EM8mPQFS_LUyStnHGXRE/getUpdates "HTTP/1.1 200 OK"
2026-06-07 11:58:50,078 [INFO] httpx: HTTP Request: POST https://api.telegram.org/bot8677091828:AAF6Tsxq2JYSEX6EM8mPQFS_LUyStnHGXRE/getUpdates "HTTP/1.1 200 OK"
2026-06-07 11:59:00,294 [INFO] httpx: HTTP Request: POST https://api.telegram.org/bot8677091828:AAF6Tsxq2JYSEX6EM8mPQFS_LUyStnHGXRE/getUpdates "HTTP/1.1 200 OK"
2026-06-07 11:59:10,510 [INFO] httpx: HTTP Request: POST https://api.telegram.org/bot8677091828:AAF6Tsxq2JYSEX6EM8mPQFS_LUyStnHGXRE/getUpdates "HTTP/1.1 200 OK"
2026-06-07 11:59:20,773 [INFO] httpx: HTTP Request: POST https://api.telegram.org/bot8677091828:AAF6Tsxq2JYSEX6EM8mPQFS_LUyStnHGXRE/getUpdates "HTTP/1.1 200 OK"
2026-06-07 11:59:31,014 [INFO] httpx: HTTP Request: POST https://api.telegram.org/bot8677091828:AAF6Tsxq2JYSEX6EM8mPQFS_LUyStnHGXRE/getUpdates "HTTP/1.1 200 OK"
2026-06-07 11:59:41,252 [INFO] httpx: HTTP Request: POST https://api.telegram.org/bot8677091828:AAF6Tsxq2JYSEX6EM8mPQFS_LUyStnHGXRE/getUpdates "HTTP/1.1 200 OK"
2026-06-07 11:59:51,492 [INFO] httpx: HTTP Request: POST https://api.telegram.org/bot8677091828:AAF6Tsxq2JYSEX6EM8mPQFS_LUyStnHGXRE/getUpdates "HTTP/1.1 200 OK"
2026-06-07 12:00:01,734 [INFO] httpx: HTTP Request: POST https://api.telegram.org/bot8677091828:AAF6Tsxq2JYSEX6EM8mPQFS_LUyStnHGXRE/getUpdates "HTTP/1.1 200 OK"
2026-06-07 12:00:11,901 [INFO] httpx: HTTP Request: POST https://api.telegram.org/bot8677091828:AAF6Tsxq2JYSEX6EM8mPQFS_LUyStnHGXRE/getUpdates "HTTP/1.1 200 OK"
2026-06-07 12:00:22,068 [INFO] httpx: HTTP Request: POST https://api.telegram.org/bot8677091828:AAF6Tsxq2JYSEX6EM8mPQFS_LUyStnHGXRE/getUpdates "HTTP/1.1 200 OK"
2026-06-07 12:00:32,234 [INFO] httpx: HTTP Request: POST https://api.telegram.org/bot8677091828:AAF6Tsxq2JYSEX6EM8mPQFS_LUyStnHGXRE/getUpdates "HTTP/1.1 200 OK"
2026-06-07 12:00:42,400 [INFO] httpx: HTTP Request: POST https://api.telegram.org/bot8677091828:AAF6Tsxq2JYSEX6EM8mPQFS_LUyStnHGXRE/getUpdates "HTTP/1.1 200 OK"
2026-06-07 12:00:52,565 [INFO] httpx: HTTP Request: POST https://api.telegram.org/bot8677091828:AAF6Tsxq2JYSEX6EM8mPQFS_LUyStnHGXRE/getUpdates "HTTP/1.1 200 OK"
2026-06-07 12:01:02,762 [INFO] httpx: HTTP Request: POST https://api.telegram.org/bot8677091828:AAF6Tsxq2JYSEX6EM8mPQFS_LUyStnHGXRE/getUpdates "HTTP/1.1 200 OK"
2026-06-07 12:01:13,002 [INFO] httpx: HTTP Request: POST https://api.telegram.org/bot8677091828:AAF6Tsxq2JYSEX6EM8mPQFS_LUyStnHGXRE/getUpdates "HTTP/1.1 200 OK"
2026-06-07 12:01:23,242 [INFO] httpx: HTTP Request: POST https://api.telegram.org/bot8677091828:AAF6Tsxq2JYSEX6EM8mPQFS_LUyStnHGXRE/getUpdates "HTTP/1.1 200 OK"
2026-06-07 12:01:33,482 [INFO] httpx: HTTP Request: POST https://api.telegram.org/bot8677091828:AAF6Tsxq2JYSEX6EM8mPQFS_LUyStnHGXRE/getUpdates "HTTP/1.1 200 OK"
2026-06-07 12:01:43,650 [INFO] httpx: HTTP Request: POST https://api.telegram.org/bot8677091828:AAF6Tsxq2JYSEX6EM8mPQFS_LUyStnHGXRE/getUpdates "HTTP/1.1 200 OK"
2026-06-07 12:01:53,820 [INFO] httpx: HTTP Request: POST https://api.telegram.org/bot8677091828:AAF6Tsxq2JYSEX6EM8mPQFS_LUyStnHGXRE/getUpdates "HTTP/1.1 200 OK"
2026-06-07 12:02:04,016 [INFO] httpx: HTTP Request: POST https://api.telegram.org/bot8677091828:AAF6Tsxq2JYSEX6EM8mPQFS_LUyStnHGXRE/getUpdates "HTTP/1.1 200 OK"
2026-06-07 12:02:14,183 [INFO] httpx: HTTP Request: POST https://api.telegram.org/bot8677091828:AAF6Tsxq2JYSEX6EM8mPQFS_LUyStnHGXRE/getUpdates "HTTP/1.1 200 OK"
2026-06-07 12:02:24,352 [INFO] httpx: HTTP Request: POST https://api.telegram.org/bot8677091828:AAF6Tsxq2JYSEX6EM8mPQFS_LUyStnHGXRE/getUpdates "HTTP/1.1 200 OK"
2026-06-07 12:02:34,522 [INFO] httpx: HTTP Request: POST https://api.telegram.org/bot8677091828:AAF6Tsxq2JYSEX6EM8mPQFS_LUyStnHGXRE/getUpdates "HTTP/1.1 200 OK"
2026-06-07 12:02:44,759 [INFO] httpx: HTTP Request: POST https://api.telegram.org/bot8677091828:AAF6Tsxq2JYSEX6EM8mPQFS_LUyStnHGXRE/getUpdates "HTTP/1.1 200 OK"
2026-06-07 12:02:54,928 [INFO] httpx: HTTP Request: POST https://api.telegram.org/bot8677091828:AAF6Tsxq2JYSEX6EM8mPQFS_LUyStnHGXRE/getUpdates "HTTP/1.1 200 OK"
2026-06-07 12:03:05,101 [INFO] httpx: HTTP Request: POST https://api.telegram.org/bot8677091828:AAF6Tsxq2JYSEX6EM8mPQFS_LUyStnHGXRE/getUpdates "HTTP/1.1 200 OK"
2026-06-07 12:03:15,367 [INFO] httpx: HTTP Request: POST https://api.telegram.org/bot8677091828:AAF6Tsxq2JYSEX6EM8mPQFS_LUyStnHGXRE/getUpdates "HTTP/1.1 200 OK"
2026-06-07 12:03:16,594 [INFO] httpx: HTTP Request: POST http://localhost:11434/api/embed "HTTP/1.1 200 OK"
2026-06-07 12:03:20,711 [INFO] httpx: HTTP Request: POST http://localhost:11434/api/embed "HTTP/1.1 200 OK"
2026-06-07 12:03:25,608 [INFO] httpx: HTTP Request: POST https://api.telegram.org/bot8677091828:AAF6Tsxq2JYSEX6EM8mPQFS_LUyStnHGXRE/getUpdates "HTTP/1.1 200 OK"
2026-06-07 12:03:26,108 [INFO] httpx: HTTP Request: POST http://localhost:11434/api/embed "HTTP/1.1 200 OK"
2026-06-07 12:03:35,794 [INFO] httpx: HTTP Request: POST https://api.telegram.org/bot8677091828:AAF6Tsxq2JYSEX6EM8mPQFS_LUyStnHGXRE/getUpdates "HTTP/1.1 200 OK"
2026-06-07 12:03:45,983 [INFO] httpx: HTTP Request: POST https://api.telegram.org/bot8677091828:AAF6Tsxq2JYSEX6EM8mPQFS_LUyStnHGXRE/getUpdates "HTTP/1.1 200 OK"
2026-06-07 12:03:56,158 [INFO] httpx: HTTP Request: POST https://api.telegram.org/bot8677091828:AAF6Tsxq2JYSEX6EM8mPQFS_LUyStnHGXRE/getUpdates "HTTP/1.1 200 OK"
2026-06-07 12:04:06,335 [INFO] httpx: HTTP Request: POST https://api.telegram.org/bot8677091828:AAF6Tsxq2JYSEX6EM8mPQFS_LUyStnHGXRE/getUpdates "HTTP/1.1 200 OK"
2026-06-07 12:04:16,510 [INFO] httpx: HTTP Request: POST https://api.telegram.org/bot8677091828:AAF6Tsxq2JYSEX6EM8mPQFS_LUyStnHGXRE/getUpdates "HTTP/1.1 200 OK"
2026-06-07 12:04:26,685 [INFO] httpx: HTTP Request: POST https://api.telegram.org/bot8677091828:AAF6Tsxq2JYSEX6EM8mPQFS_LUyStnHGXRE/getUpdates "HTTP/1.1 200 OK"
2026-06-07 12:04:36,100 [INFO] httpx: HTTP Request: POST http://localhost:11434/api/embed "HTTP/1.1 200 OK"
2026-06-07 12:04:36,866 [INFO] httpx: HTTP Request: POST https://api.telegram.org/bot8677091828:AAF6Tsxq2JYSEX6EM8mPQFS_LUyStnHGXRE/getUpdates "HTTP/1.1 200 OK"
2026-06-07 12:04:43,649 [INFO] httpx: HTTP Request: POST http://localhost:11434/api/embed "HTTP/1.1 200 OK"
2026-06-07 12:04:47,043 [INFO] httpx: HTTP Request: POST https://api.telegram.org/bot8677091828:AAF6Tsxq2JYSEX6EM8mPQFS_LUyStnHGXRE/getUpdates "HTTP/1.1 200 OK"
2026-06-07 12:04:48,290 [INFO] httpx: HTTP Request: POST http://localhost:11434/api/embed "HTTP/1.1 200 OK"
2026-06-07 12:04:57,631 [INFO] httpx: HTTP Request: POST https://api.telegram.org/bot8677091828:AAF6Tsxq2JYSEX6EM8mPQFS_LUyStnHGXRE/getUpdates "HTTP/1.1 200 OK"
2026-06-07 12:05:07,805 [INFO] httpx: HTTP Request: POST https://api.telegram.org/bot8677091828:AAF6Tsxq2JYSEX6EM8mPQFS_LUyStnHGXRE/getUpdates "HTTP/1.1 200 OK"
2026-06-07 12:05:13,943 [INFO] httpx: HTTP Request: POST https://api.telegram.org/bot8677091828:AAF6Tsxq2JYSEX6EM8mPQFS_LUyStnHGXRE/getUpdates "HTTP/1.1 200 OK"
2026-06-07 12:05:14,799 [INFO] httpx: HTTP Request: POST https://api.telegram.org/bot8677091828:AAF6Tsxq2JYSEX6EM8mPQFS_LUyStnHGXRE/sendMessage "HTTP/1.1 200 OK"
2026-06-07 12:05:28,570 [INFO] httpx: HTTP Request: POST https://api.telegram.org/bot8677091828:AAF6Tsxq2JYSEX6EM8mPQFS_LUyStnHGXRE/getUpdates "HTTP/1.1 200 OK"
2026-06-07 12:05:29,965 [INFO] httpx: HTTP Request: POST https://api.telegram.org/bot8677091828:AAF6Tsxq2JYSEX6EM8mPQFS_LUyStnHGXRE/editMessageText "HTTP/1.1 200 OK"
2026-06-07 12:05:30,528 [INFO] httpx: HTTP Request: POST https://api.telegram.org/bot8677091828:AAF6Tsxq2JYSEX6EM8mPQFS_LUyStnHGXRE/editMessageText "HTTP/1.1 200 OK"
2026-06-07 12:05:31,765 [INFO] httpx: HTTP Request: POST https://api.telegram.org/bot8677091828:AAF6Tsxq2JYSEX6EM8mPQFS_LUyStnHGXRE/editMessageText "HTTP/1.1 200 OK"
2026-06-07 12:05:32,686 [INFO] httpx: HTTP Request: POST https://api.telegram.org/bot8677091828:AAF6Tsxq2JYSEX6EM8mPQFS_LUyStnHGXRE/editMessageText "HTTP/1.1 200 OK"
2026-06-07 12:05:34,230 [INFO] httpx: HTTP Request: POST https://api.telegram.org/bot8677091828:AAF6Tsxq2JYSEX6EM8mPQFS_LUyStnHGXRE/editMessageText "HTTP/1.1 200 OK"
2026-06-07 12:05:36,403 [INFO] httpx: HTTP Request: POST https://api.telegram.org/bot8677091828:AAF6Tsxq2JYSEX6EM8mPQFS_LUyStnHGXRE/editMessageText "HTTP/1.1 200 OK"
2026-06-07 12:05:37,452 [INFO] httpx: HTTP Request: POST https://api.telegram.org/bot8677091828:AAF6Tsxq2JYSEX6EM8mPQFS_LUyStnHGXRE/editMessageText "HTTP/1.1 200 OK"
2026-06-07 12:05:38,321 [INFO] httpx: HTTP Request: POST https://api.telegram.org/bot8677091828:AAF6Tsxq2JYSEX6EM8mPQFS_LUyStnHGXRE/editMessageText "HTTP/1.1 200 OK"
2026-06-07 12:05:38,742 [INFO] httpx: HTTP Request: POST https://api.telegram.org/bot8677091828:AAF6Tsxq2JYSEX6EM8mPQFS_LUyStnHGXRE/editMessageText "HTTP/1.1 200 OK"
2026-06-07 12:05:38,759 [INFO] httpx: HTTP Request: POST https://api.telegram.org/bot8677091828:AAF6Tsxq2JYSEX6EM8mPQFS_LUyStnHGXRE/getUpdates "HTTP/1.1 200 OK"
2026-06-07 12:05:48,928 [INFO] httpx: HTTP Request: POST https://api.telegram.org/bot8677091828:AAF6Tsxq2JYSEX6EM8mPQFS_LUyStnHGXRE/getUpdates "HTTP/1.1 200 OK"
2026-06-07 12:05:59,095 [INFO] httpx: HTTP Request: POST https://api.telegram.org/bot8677091828:AAF6Tsxq2JYSEX6EM8mPQFS_LUyStnHGXRE/getUpdates "HTTP/1.1 200 OK"
2026-06-07 12:06:09,264 [INFO] httpx: HTTP Request: POST https://api.telegram.org/bot8677091828:AAF6Tsxq2JYSEX6EM8mPQFS_LUyStnHGXRE/getUpdates "HTTP/1.1 200 OK"
2026-06-07 12:06:19,431 [INFO] httpx: HTTP Request: POST https://api.telegram.org/bot8677091828:AAF6Tsxq2JYSEX6EM8mPQFS_LUyStnHGXRE/getUpdates "HTTP/1.1 200 OK"
2026-06-07 12:06:29,605 [INFO] httpx: HTTP Request: POST https://api.telegram.org/bot8677091828:AAF6Tsxq2JYSEX6EM8mPQFS_LUyStnHGXRE/getUpdates "HTTP/1.1 200 OK"
2026-06-07 12:06:39,774 [INFO] httpx: HTTP Request: POST https://api.telegram.org/bot8677091828:AAF6Tsxq2JYSEX6EM8mPQFS_LUyStnHGXRE/getUpdates "HTTP/1.1 200 OK"
2026-06-07 12:06:49,944 [INFO] httpx: HTTP Request: POST https://api.telegram.org/bot8677091828:AAF6Tsxq2JYSEX6EM8mPQFS_LUyStnHGXRE/getUpdates "HTTP/1.1 200 OK"
2026-06-07 12:07:00,111 [INFO] httpx: HTTP Request: POST https://api.telegram.org/bot8677091828:AAF6Tsxq2JYSEX6EM8mPQFS_LUyStnHGXRE/getUpdates "HTTP/1.1 200 OK"
2026-06-07 12:07:10,679 [INFO] httpx: HTTP Request: POST https://api.telegram.org/bot8677091828:AAF6Tsxq2JYSEX6EM8mPQFS_LUyStnHGXRE/getUpdates "HTTP/1.1 200 OK"
2026-06-07 12:07:20,847 [INFO] httpx: HTTP Request: POST https://api.telegram.org/bot8677091828:AAF6Tsxq2JYSEX6EM8mPQFS_LUyStnHGXRE/getUpdates "HTTP/1.1 200 OK"
2026-06-07 12:07:31,022 [INFO] httpx: HTTP Request: POST https://api.telegram.org/bot8677091828:AAF6Tsxq2JYSEX6EM8mPQFS_LUyStnHGXRE/getUpdates "HTTP/1.1 200 OK"
2026-06-07 12:07:41,194 [INFO] httpx: HTTP Request: POST https://api.telegram.org/bot8677091828:AAF6Tsxq2JYSEX6EM8mPQFS_LUyStnHGXRE/getUpdates "HTTP/1.1 200 OK"
2026-06-07 12:07:51,362 [INFO] httpx: HTTP Request: POST https://api.telegram.org/bot8677091828:AAF6Tsxq2JYSEX6EM8mPQFS_LUyStnHGXRE/getUpdates "HTTP/1.1 200 OK"
2026-06-07 12:08:01,617 [INFO] httpx: HTTP Request: POST https://api.telegram.org/bot8677091828:AAF6Tsxq2JYSEX6EM8mPQFS_LUyStnHGXRE/getUpdates "HTTP/1.1 200 OK"
2026-06-07 12:08:11,796 [INFO] httpx: HTTP Request: POST https://api.telegram.org/bot8677091828:AAF6Tsxq2JYSEX6EM8mPQFS_LUyStnHGXRE/getUpdates "HTTP/1.1 200 OK"
2026-06-07 12:08:21,975 [INFO] httpx: HTTP Request: POST https://api.telegram.org/bot8677091828:AAF6Tsxq2JYSEX6EM8mPQFS_LUyStnHGXRE/getUpdates "HTTP/1.1 200 OK"
2026-06-07 12:08:32,543 [INFO] httpx: HTTP Request: POST https://api.telegram.org/bot8677091828:AAF6Tsxq2JYSEX6EM8mPQFS_LUyStnHGXRE/getUpdates "HTTP/1.1 200 OK"
2026-06-07 12:08:42,727 [INFO] httpx: HTTP Request: POST https://api.telegram.org/bot8677091828:AAF6Tsxq2JYSEX6EM8mPQFS_LUyStnHGXRE/getUpdates "HTTP/1.1 200 OK"
2026-06-07 12:08:52,910 [INFO] httpx: HTTP Request: POST https://api.telegram.org/bot8677091828:AAF6Tsxq2JYSEX6EM8mPQFS_LUyStnHGXRE/getUpdates "HTTP/1.1 200 OK"
2026-06-07 12:09:03,081 [INFO] httpx: HTTP Request: POST https://api.telegram.org/bot8677091828:AAF6Tsxq2JYSEX6EM8mPQFS_LUyStnHGXRE/getUpdates "HTTP/1.1 200 OK"
2026-06-07 12:09:13,252 [INFO] httpx: HTTP Request: POST https://api.telegram.org/bot8677091828:AAF6Tsxq2JYSEX6EM8mPQFS_LUyStnHGXRE/getUpdates "HTTP/1.1 200 OK"
2026-06-07 12:09:23,425 [INFO] httpx: HTTP Request: POST https://api.telegram.org/bot8677091828:AAF6Tsxq2JYSEX6EM8mPQFS_LUyStnHGXRE/getUpdates "HTTP/1.1 200 OK"
2026-06-07 12:09:33,596 [INFO] httpx: HTTP Request: POST https://api.telegram.org/bot8677091828:AAF6Tsxq2JYSEX6EM8mPQFS_LUyStnHGXRE/getUpdates "HTTP/1.1 200 OK"
2026-06-07 12:09:43,778 [INFO] httpx: HTTP Request: POST https://api.telegram.org/bot8677091828:AAF6Tsxq2JYSEX6EM8mPQFS_LUyStnHGXRE/getUpdates "HTTP/1.1 200 OK"
2026-06-07 12:09:53,952 [INFO] httpx: HTTP Request: POST https://api.telegram.org/bot8677091828:AAF6Tsxq2JYSEX6EM8mPQFS_LUyStnHGXRE/getUpdates "HTTP/1.1 200 OK"
2026-06-07 12:10:04,132 [INFO] httpx: HTTP Request: POST https://api.telegram.org/bot8677091828:AAF6Tsxq2JYSEX6EM8mPQFS_LUyStnHGXRE/getUpdates "HTTP/1.1 200 OK"
2026-06-07 12:10:14,314 [INFO] httpx: HTTP Request: POST https://api.telegram.org/bot8677091828:AAF6Tsxq2JYSEX6EM8mPQFS_LUyStnHGXRE/getUpdates "HTTP/1.1 200 OK"
2026-06-07 12:10:24,530 [INFO] httpx: HTTP Request: POST https://api.telegram.org/bot8677091828:AAF6Tsxq2JYSEX6EM8mPQFS_LUyStnHGXRE/getUpdates "HTTP/1.1 200 OK"
2026-06-07 12:10:34,704 [INFO] httpx: HTTP Request: POST https://api.telegram.org/bot8677091828:AAF6Tsxq2JYSEX6EM8mPQFS_LUyStnHGXRE/getUpdates "HTTP/1.1 200 OK"
2026-06-07 12:10:44,888 [INFO] httpx: HTTP Request: POST https://api.telegram.org/bot8677091828:AAF6Tsxq2JYSEX6EM8mPQFS_LUyStnHGXRE/getUpdates "HTTP/1.1 200 OK"
2026-06-07 12:10:55,061 [INFO] httpx: HTTP Request: POST https://api.telegram.org/bot8677091828:AAF6Tsxq2JYSEX6EM8mPQFS_LUyStnHGXRE/getUpdates "HTTP/1.1 200 OK"
2026-06-07 12:11:05,241 [INFO] httpx: HTTP Request: POST https://api.telegram.org/bot8677091828:AAF6Tsxq2JYSEX6EM8mPQFS_LUyStnHGXRE/getUpdates "HTTP/1.1 200 OK"
2026-06-07 12:11:15,414 [INFO] httpx: HTTP Request: POST https://api.telegram.org/bot8677091828:AAF6Tsxq2JYSEX6EM8mPQFS_LUyStnHGXRE/getUpdates "HTTP/1.1 200 OK"
2026-06-07 12:11:25,597 [INFO] httpx: HTTP Request: POST https://api.telegram.org/bot8677091828:AAF6Tsxq2JYSEX6EM8mPQFS_LUyStnHGXRE/getUpdates "HTTP/1.1 200 OK"
2026-06-07 12:11:35,768 [INFO] httpx: HTTP Request: POST https://api.telegram.org/bot8677091828:AAF6Tsxq2JYSEX6EM8mPQFS_LUyStnHGXRE/getUpdates "HTTP/1.1 200 OK"
2026-06-07 12:11:45,940 [INFO] httpx: HTTP Request: POST https://api.telegram.org/bot8677091828:AAF6Tsxq2JYSEX6EM8mPQFS_LUyStnHGXRE/getUpdates "HTTP/1.1 200 OK"
2026-06-07 12:11:56,122 [INFO] httpx: HTTP Request: POST https://api.telegram.org/bot8677091828:AAF6Tsxq2JYSEX6EM8mPQFS_LUyStnHGXRE/getUpdates "HTTP/1.1 200 OK"
2026-06-07 12:12:06,289 [INFO] httpx: HTTP Request: POST https://api.telegram.org/bot8677091828:AAF6Tsxq2JYSEX6EM8mPQFS_LUyStnHGXRE/getUpdates "HTTP/1.1 200 OK"
2026-06-07 12:12:16,457 [INFO] httpx: HTTP Request: POST https://api.telegram.org/bot8677091828:AAF6Tsxq2JYSEX6EM8mPQFS_LUyStnHGXRE/getUpdates "HTTP/1.1 200 OK"
2026-06-07 12:12:26,626 [INFO] httpx: HTTP Request: POST https://api.telegram.org/bot8677091828:AAF6Tsxq2JYSEX6EM8mPQFS_LUyStnHGXRE/getUpdates "HTTP/1.1 200 OK"
2026-06-07 12:12:36,850 [INFO] httpx: HTTP Request: POST https://api.telegram.org/bot8677091828:AAF6Tsxq2JYSEX6EM8mPQFS_LUyStnHGXRE/getUpdates "HTTP/1.1 200 OK"
2026-06-07 12:12:50,011 [INFO] httpx: HTTP Request: POST https://api.telegram.org/bot8677091828:AAF6Tsxq2JYSEX6EM8mPQFS_LUyStnHGXRE/getMe "HTTP/1.1 200 OK"
2026-06-07 12:12:50,192 [INFO] httpx: HTTP Request: POST https://api.telegram.org/bot8677091828:AAF6Tsxq2JYSEX6EM8mPQFS_LUyStnHGXRE/deleteWebhook "HTTP/1.1 200 OK"
2026-06-07 12:12:50,194 [INFO] apscheduler.scheduler: Scheduler started
2026-06-07 12:12:50,195 [INFO] telegram.ext.Application: Application started
2026-06-07 12:13:00,742 [INFO] httpx: HTTP Request: POST https://api.telegram.org/bot8677091828:AAF6Tsxq2JYSEX6EM8mPQFS_LUyStnHGXRE/getUpdates "HTTP/1.1 200 OK"
2026-06-07 12:13:10,934 [INFO] httpx: HTTP Request: POST https://api.telegram.org/bot8677091828:AAF6Tsxq2JYSEX6EM8mPQFS_LUyStnHGXRE/getUpdates "HTTP/1.1 200 OK"
2026-06-07 12:13:21,132 [INFO] httpx: HTTP Request: POST https://api.telegram.org/bot8677091828:AAF6Tsxq2JYSEX6EM8mPQFS_LUyStnHGXRE/getUpdates "HTTP/1.1 200 OK"
2026-06-07 12:13:31,318 [INFO] httpx: HTTP Request: POST https://api.telegram.org/bot8677091828:AAF6Tsxq2JYSEX6EM8mPQFS_LUyStnHGXRE/getUpdates "HTTP/1.1 200 OK"
2026-06-07 12:13:41,513 [INFO] httpx: HTTP Request: POST https://api.telegram.org/bot8677091828:AAF6Tsxq2JYSEX6EM8mPQFS_LUyStnHGXRE/getUpdates "HTTP/1.1 200 OK"
2026-06-07 12:13:51,698 [INFO] httpx: HTTP Request: POST https://api.telegram.org/bot8677091828:AAF6Tsxq2JYSEX6EM8mPQFS_LUyStnHGXRE/getUpdates "HTTP/1.1 200 OK"
2026-06-07 12:14:01,883 [INFO] httpx: HTTP Request: POST https://api.telegram.org/bot8677091828:AAF6Tsxq2JYSEX6EM8mPQFS_LUyStnHGXRE/getUpdates "HTTP/1.1 200 OK"
2026-06-07 12:14:12,063 [INFO] httpx: HTTP Request: POST https://api.telegram.org/bot8677091828:AAF6Tsxq2JYSEX6EM8mPQFS_LUyStnHGXRE/getUpdates "HTTP/1.1 200 OK"
2026-06-07 12:14:22,248 [INFO] httpx: HTTP Request: POST https://api.telegram.org/bot8677091828:AAF6Tsxq2JYSEX6EM8mPQFS_LUyStnHGXRE/getUpdates "HTTP/1.1 200 OK"
2026-06-07 12:14:32,430 [INFO] httpx: HTTP Request: POST https://api.telegram.org/bot8677091828:AAF6Tsxq2JYSEX6EM8mPQFS_LUyStnHGXRE/getUpdates "HTTP/1.1 200 OK"
2026-06-07 12:14:42,616 [INFO] httpx: HTTP Request: POST https://api.telegram.org/bot8677091828:AAF6Tsxq2JYSEX6EM8mPQFS_LUyStnHGXRE/getUpdates "HTTP/1.1 200 OK"
2026-06-07 12:14:52,834 [INFO] httpx: HTTP Request: POST https://api.telegram.org/bot8677091828:AAF6Tsxq2JYSEX6EM8mPQFS_LUyStnHGXRE/getUpdates "HTTP/1.1 200 OK"
2026-06-07 12:15:03,018 [INFO] httpx: HTTP Request: POST https://api.telegram.org/bot8677091828:AAF6Tsxq2JYSEX6EM8mPQFS_LUyStnHGXRE/getUpdates "HTTP/1.1 200 OK"
2026-06-07 12:15:13,210 [INFO] httpx: HTTP Request: POST https://api.telegram.org/bot8677091828:AAF6Tsxq2JYSEX6EM8mPQFS_LUyStnHGXRE/getUpdates "HTTP/1.1 200 OK"
2026-06-07 12:15:23,449 [INFO] httpx: HTTP Request: POST https://api.telegram.org/bot8677091828:AAF6Tsxq2JYSEX6EM8mPQFS_LUyStnHGXRE/getUpdates "HTTP/1.1 200 OK"
2026-06-07 12:15:33,636 [INFO] httpx: HTTP Request: POST https://api.telegram.org/bot8677091828:AAF6Tsxq2JYSEX6EM8mPQFS_LUyStnHGXRE/getUpdates "HTTP/1.1 200 OK"
2026-06-07 12:15:43,828 [INFO] httpx: HTTP Request: POST https://api.telegram.org/bot8677091828:AAF6Tsxq2JYSEX6EM8mPQFS_LUyStnHGXRE/getUpdates "HTTP/1.1 200 OK"
2026-06-07 12:15:54,015 [INFO] httpx: HTTP Request: POST https://api.telegram.org/bot8677091828:AAF6Tsxq2JYSEX6EM8mPQFS_LUyStnHGXRE/getUpdates "HTTP/1.1 200 OK"
2026-06-07 12:16:04,211 [INFO] httpx: HTTP Request: POST https://api.telegram.org/bot8677091828:AAF6Tsxq2JYSEX6EM8mPQFS_LUyStnHGXRE/getUpdates "HTTP/1.1 200 OK"
2026-06-07 12:16:14,400 [INFO] httpx: HTTP Request: POST https://api.telegram.org/bot8677091828:AAF6Tsxq2JYSEX6EM8mPQFS_LUyStnHGXRE/getUpdates "HTTP/1.1 200 OK"
2026-06-07 12:16:24,582 [INFO] httpx: HTTP Request: POST https://api.telegram.org/bot8677091828:AAF6Tsxq2JYSEX6EM8mPQFS_LUyStnHGXRE/getUpdates "HTTP/1.1 200 OK"
2026-06-07 12:16:34,768 [INFO] httpx: HTTP Request: POST https://api.telegram.org/bot8677091828:AAF6Tsxq2JYSEX6EM8mPQFS_LUyStnHGXRE/getUpdates "HTTP/1.1 200 OK"
2026-06-07 12:16:44,973 [INFO] httpx: HTTP Request: POST https://api.telegram.org/bot8677091828:AAF6Tsxq2JYSEX6EM8mPQFS_LUyStnHGXRE/getUpdates "HTTP/1.1 200 OK"
2026-06-07 12:16:55,161 [INFO] httpx: HTTP Request: POST https://api.telegram.org/bot8677091828:AAF6Tsxq2JYSEX6EM8mPQFS_LUyStnHGXRE/getUpdates "HTTP/1.1 200 OK"
2026-06-07 12:17:05,353 [INFO] httpx: HTTP Request: POST https://api.telegram.org/bot8677091828:AAF6Tsxq2JYSEX6EM8mPQFS_LUyStnHGXRE/getUpdates "HTTP/1.1 200 OK"
2026-06-07 12:17:15,537 [INFO] httpx: HTTP Request: POST https://api.telegram.org/bot8677091828:AAF6Tsxq2JYSEX6EM8mPQFS_LUyStnHGXRE/getUpdates "HTTP/1.1 200 OK"
2026-06-07 12:17:22,145 [INFO] httpx: HTTP Request: POST http://localhost:11434/api/embed "HTTP/1.1 200 OK"
2026-06-07 12:17:25,724 [INFO] httpx: HTTP Request: POST https://api.telegram.org/bot8677091828:AAF6Tsxq2JYSEX6EM8mPQFS_LUyStnHGXRE/getUpdates "HTTP/1.1 200 OK"
2026-06-07 12:17:25,829 [INFO] httpx: HTTP Request: POST http://localhost:11434/api/embed "HTTP/1.1 200 OK"
2026-06-07 12:17:29,355 [INFO] httpx: HTTP Request: POST http://localhost:11434/api/embed "HTTP/1.1 200 OK"
2026-06-07 12:17:35,916 [INFO] httpx: HTTP Request: POST https://api.telegram.org/bot8677091828:AAF6Tsxq2JYSEX6EM8mPQFS_LUyStnHGXRE/getUpdates "HTTP/1.1 200 OK"
2026-06-07 12:17:46,105 [INFO] httpx: HTTP Request: POST https://api.telegram.org/bot8677091828:AAF6Tsxq2JYSEX6EM8mPQFS_LUyStnHGXRE/getUpdates "HTTP/1.1 200 OK"
2026-06-07 12:17:56,291 [INFO] httpx: HTTP Request: POST https://api.telegram.org/bot8677091828:AAF6Tsxq2JYSEX6EM8mPQFS_LUyStnHGXRE/getUpdates "HTTP/1.1 200 OK"
2026-06-07 12:18:06,478 [INFO] httpx: HTTP Request: POST https://api.telegram.org/bot8677091828:AAF6Tsxq2JYSEX6EM8mPQFS_LUyStnHGXRE/getUpdates "HTTP/1.1 200 OK"
2026-06-07 12:18:16,674 [INFO] httpx: HTTP Request: POST https://api.telegram.org/bot8677091828:AAF6Tsxq2JYSEX6EM8mPQFS_LUyStnHGXRE/getUpdates "HTTP/1.1 200 OK"
2026-06-07 12:18:26,866 [INFO] httpx: HTTP Request: POST https://api.telegram.org/bot8677091828:AAF6Tsxq2JYSEX6EM8mPQFS_LUyStnHGXRE/getUpdates "HTTP/1.1 200 OK"
2026-06-07 12:18:37,068 [INFO] httpx: HTTP Request: POST https://api.telegram.org/bot8677091828:AAF6Tsxq2JYSEX6EM8mPQFS_LUyStnHGXRE/getUpdates "HTTP/1.1 200 OK"
2026-06-07 12:18:47,267 [INFO] httpx: HTTP Request: POST https://api.telegram.org/bot8677091828:AAF6Tsxq2JYSEX6EM8mPQFS_LUyStnHGXRE/getUpdates "HTTP/1.1 200 OK"
2026-06-07 12:18:57,456 [INFO] httpx: HTTP Request: POST https://api.telegram.org/bot8677091828:AAF6Tsxq2JYSEX6EM8mPQFS_LUyStnHGXRE/getUpdates "HTTP/1.1 200 OK"
2026-06-07 12:19:07,642 [INFO] httpx: HTTP Request: POST https://api.telegram.org/bot8677091828:AAF6Tsxq2JYSEX6EM8mPQFS_LUyStnHGXRE/getUpdates "HTTP/1.1 200 OK"
2026-06-07 12:19:17,834 [INFO] httpx: HTTP Request: POST https://api.telegram.org/bot8677091828:AAF6Tsxq2JYSEX6EM8mPQFS_LUyStnHGXRE/getUpdates "HTTP/1.1 200 OK"
2026-06-07 12:19:28,026 [INFO] httpx: HTTP Request: POST https://api.telegram.org/bot8677091828:AAF6Tsxq2JYSEX6EM8mPQFS_LUyStnHGXRE/getUpdates "HTTP/1.1 200 OK"
2026-06-07 12:19:38,217 [INFO] httpx: HTTP Request: POST https://api.telegram.org/bot8677091828:AAF6Tsxq2JYSEX6EM8mPQFS_LUyStnHGXRE/getUpdates "HTTP/1.1 200 OK"
2026-06-07 12:19:48,401 [INFO] httpx: HTTP Request: POST https://api.telegram.org/bot8677091828:AAF6Tsxq2JYSEX6EM8mPQFS_LUyStnHGXRE/getUpdates "HTTP/1.1 200 OK"
2026-06-07 12:19:58,590 [INFO] httpx: HTTP Request: POST https://api.telegram.org/bot8677091828:AAF6Tsxq2JYSEX6EM8mPQFS_LUyStnHGXRE/getUpdates "HTTP/1.1 200 OK"
2026-06-07 12:20:08,784 [INFO] httpx: HTTP Request: POST https://api.telegram.org/bot8677091828:AAF6Tsxq2JYSEX6EM8mPQFS_LUyStnHGXRE/getUpdates "HTTP/1.1 200 OK"
2026-06-07 12:20:18,981 [INFO] httpx: HTTP Request: POST https://api.telegram.org/bot8677091828:AAF6Tsxq2JYSEX6EM8mPQFS_LUyStnHGXRE/getUpdates "HTTP/1.1 200 OK"
2026-06-07 12:20:29,187 [INFO] httpx: HTTP Request: POST https://api.telegram.org/bot8677091828:AAF6Tsxq2JYSEX6EM8mPQFS_LUyStnHGXRE/getUpdates "HTTP/1.1 200 OK"
2026-06-07 12:20:39,371 [INFO] httpx: HTTP Request: POST https://api.telegram.org/bot8677091828:AAF6Tsxq2JYSEX6EM8mPQFS_LUyStnHGXRE/getUpdates "HTTP/1.1 200 OK"
2026-06-07 12:20:49,565 [INFO] httpx: HTTP Request: POST https://api.telegram.org/bot8677091828:AAF6Tsxq2JYSEX6EM8mPQFS_LUyStnHGXRE/getUpdates "HTTP/1.1 200 OK"
2026-06-07 12:20:59,757 [INFO] httpx: HTTP Request: POST https://api.telegram.org/bot8677091828:AAF6Tsxq2JYSEX6EM8mPQFS_LUyStnHGXRE/getUpdates "HTTP/1.1 200 OK"
2026-06-07 12:21:09,946 [INFO] httpx: HTTP Request: POST https://api.telegram.org/bot8677091828:AAF6Tsxq2JYSEX6EM8mPQFS_LUyStnHGXRE/getUpdates "HTTP/1.1 200 OK"
2026-06-07 12:21:20,137 [INFO] httpx: HTTP Request: POST https://api.telegram.org/bot8677091828:AAF6Tsxq2JYSEX6EM8mPQFS_LUyStnHGXRE/getUpdates "HTTP/1.1 200 OK"
2026-06-07 12:21:30,334 [INFO] httpx: HTTP Request: POST https://api.telegram.org/bot8677091828:AAF6Tsxq2JYSEX6EM8mPQFS_LUyStnHGXRE/getUpdates "HTTP/1.1 200 OK"
2026-06-07 12:21:40,532 [INFO] httpx: HTTP Request: POST https://api.telegram.org/bot8677091828:AAF6Tsxq2JYSEX6EM8mPQFS_LUyStnHGXRE/getUpdates "HTTP/1.1 200 OK"
2026-06-07 12:21:50,722 [INFO] httpx: HTTP Request: POST https://api.telegram.org/bot8677091828:AAF6Tsxq2JYSEX6EM8mPQFS_LUyStnHGXRE/getUpdates "HTTP/1.1 200 OK"
2026-06-07 12:22:00,930 [INFO] httpx: HTTP Request: POST https://api.telegram.org/bot8677091828:AAF6Tsxq2JYSEX6EM8mPQFS_LUyStnHGXRE/getUpdates "HTTP/1.1 200 OK"
2026-06-07 12:22:11,118 [INFO] httpx: HTTP Request: POST https://api.telegram.org/bot8677091828:AAF6Tsxq2JYSEX6EM8mPQFS_LUyStnHGXRE/getUpdates "HTTP/1.1 200 OK"
2026-06-07 12:22:21,310 [INFO] httpx: HTTP Request: POST https://api.telegram.org/bot8677091828:AAF6Tsxq2JYSEX6EM8mPQFS_LUyStnHGXRE/getUpdates "HTTP/1.1 200 OK"
2026-06-07 12:22:31,507 [INFO] httpx: HTTP Request: POST https://api.telegram.org/bot8677091828:AAF6Tsxq2JYSEX6EM8mPQFS_LUyStnHGXRE/getUpdates "HTTP/1.1 200 OK"
2026-06-07 12:22:41,703 [INFO] httpx: HTTP Request: POST https://api.telegram.org/bot8677091828:AAF6Tsxq2JYSEX6EM8mPQFS_LUyStnHGXRE/getUpdates "HTTP/1.1 200 OK"
2026-06-07 12:22:51,891 [INFO] httpx: HTTP Request: POST https://api.telegram.org/bot8677091828:AAF6Tsxq2JYSEX6EM8mPQFS_LUyStnHGXRE/getUpdates "HTTP/1.1 200 OK"
2026-06-07 12:23:02,089 [INFO] httpx: HTTP Request: POST https://api.telegram.org/bot8677091828:AAF6Tsxq2JYSEX6EM8mPQFS_LUyStnHGXRE/getUpdates "HTTP/1.1 200 OK"
2026-06-07 12:23:12,283 [INFO] httpx: HTTP Request: POST https://api.telegram.org/bot8677091828:AAF6Tsxq2JYSEX6EM8mPQFS_LUyStnHGXRE/getUpdates "HTTP/1.1 200 OK"
2026-06-07 12:23:22,467 [INFO] httpx: HTTP Request: POST https://api.telegram.org/bot8677091828:AAF6Tsxq2JYSEX6EM8mPQFS_LUyStnHGXRE/getUpdates "HTTP/1.1 200 OK"
2026-06-07 12:23:32,654 [INFO] httpx: HTTP Request: POST https://api.telegram.org/bot8677091828:AAF6Tsxq2JYSEX6EM8mPQFS_LUyStnHGXRE/getUpdates "HTTP/1.1 200 OK"
2026-06-07 12:23:42,838 [INFO] httpx: HTTP Request: POST https://api.telegram.org/bot8677091828:AAF6Tsxq2JYSEX6EM8mPQFS_LUyStnHGXRE/getUpdates "HTTP/1.1 200 OK"
2026-06-07 12:23:53,023 [INFO] httpx: HTTP Request: POST https://api.telegram.org/bot8677091828:AAF6Tsxq2JYSEX6EM8mPQFS_LUyStnHGXRE/getUpdates "HTTP/1.1 200 OK"
2026-06-07 12:24:03,211 [INFO] httpx: HTTP Request: POST https://api.telegram.org/bot8677091828:AAF6Tsxq2JYSEX6EM8mPQFS_LUyStnHGXRE/getUpdates "HTTP/1.1 200 OK"
2026-06-07 12:24:13,398 [INFO] httpx: HTTP Request: POST https://api.telegram.org/bot8677091828:AAF6Tsxq2JYSEX6EM8mPQFS_LUyStnHGXRE/getUpdates "HTTP/1.1 200 OK"
2026-06-07 12:24:23,583 [INFO] httpx: HTTP Request: POST https://api.telegram.org/bot8677091828:AAF6Tsxq2JYSEX6EM8mPQFS_LUyStnHGXRE/getUpdates "HTTP/1.1 200 OK"
2026-06-07 12:24:33,983 [INFO] httpx: HTTP Request: POST https://api.telegram.org/bot8677091828:AAF6Tsxq2JYSEX6EM8mPQFS_LUyStnHGXRE/getUpdates "HTTP/1.1 200 OK"
2026-06-07 12:24:44,172 [INFO] httpx: HTTP Request: POST https://api.telegram.org/bot8677091828:AAF6Tsxq2JYSEX6EM8mPQFS_LUyStnHGXRE/getUpdates "HTTP/1.1 200 OK"
2026-06-07 12:24:54,379 [INFO] httpx: HTTP Request: POST https://api.telegram.org/bot8677091828:AAF6Tsxq2JYSEX6EM8mPQFS_LUyStnHGXRE/getUpdates "HTTP/1.1 200 OK"
2026-06-07 12:25:04,569 [INFO] httpx: HTTP Request: POST https://api.telegram.org/bot8677091828:AAF6Tsxq2JYSEX6EM8mPQFS_LUyStnHGXRE/getUpdates "HTTP/1.1 200 OK"
2026-06-07 12:25:14,754 [INFO] httpx: HTTP Request: POST https://api.telegram.org/bot8677091828:AAF6Tsxq2JYSEX6EM8mPQFS_LUyStnHGXRE/getUpdates "HTTP/1.1 200 OK"
2026-06-07 12:25:24,945 [INFO] httpx: HTTP Request: POST https://api.telegram.org/bot8677091828:AAF6Tsxq2JYSEX6EM8mPQFS_LUyStnHGXRE/getUpdates "HTTP/1.1 200 OK"
2026-06-07 12:25:35,148 [INFO] httpx: HTTP Request: POST https://api.telegram.org/bot8677091828:AAF6Tsxq2JYSEX6EM8mPQFS_LUyStnHGXRE/getUpdates "HTTP/1.1 200 OK"
2026-06-07 12:25:45,349 [INFO] httpx: HTTP Request: POST https://api.telegram.org/bot8677091828:AAF6Tsxq2JYSEX6EM8mPQFS_LUyStnHGXRE/getUpdates "HTTP/1.1 200 OK"
2026-06-07 12:25:55,547 [INFO] httpx: HTTP Request: POST https://api.telegram.org/bot8677091828:AAF6Tsxq2JYSEX6EM8mPQFS_LUyStnHGXRE/getUpdates "HTTP/1.1 200 OK"
2026-06-07 12:26:05,757 [INFO] httpx: HTTP Request: POST https://api.telegram.org/bot8677091828:AAF6Tsxq2JYSEX6EM8mPQFS_LUyStnHGXRE/getUpdates "HTTP/1.1 200 OK"
2026-06-07 12:26:15,971 [INFO] httpx: HTTP Request: POST https://api.telegram.org/bot8677091828:AAF6Tsxq2JYSEX6EM8mPQFS_LUyStnHGXRE/getUpdates "HTTP/1.1 200 OK"
2026-06-07 12:26:26,234 [INFO] httpx: HTTP Request: POST https://api.telegram.org/bot8677091828:AAF6Tsxq2JYSEX6EM8mPQFS_LUyStnHGXRE/getUpdates "HTTP/1.1 200 OK"
2026-06-07 12:26:36,507 [INFO] httpx: HTTP Request: POST https://api.telegram.org/bot8677091828:AAF6Tsxq2JYSEX6EM8mPQFS_LUyStnHGXRE/getUpdates "HTTP/1.1 200 OK"
2026-06-07 12:26:46,710 [INFO] httpx: HTTP Request: POST https://api.telegram.org/bot8677091828:AAF6Tsxq2JYSEX6EM8mPQFS_LUyStnHGXRE/getUpdates "HTTP/1.1 200 OK"
2026-06-07 12:26:56,900 [INFO] httpx: HTTP Request: POST https://api.telegram.org/bot8677091828:AAF6Tsxq2JYSEX6EM8mPQFS_LUyStnHGXRE/getUpdates "HTTP/1.1 200 OK"
2026-06-07 12:27:07,095 [INFO] httpx: HTTP Request: POST https://api.telegram.org/bot8677091828:AAF6Tsxq2JYSEX6EM8mPQFS_LUyStnHGXRE/getUpdates "HTTP/1.1 200 OK"
2026-06-07 12:27:17,306 [INFO] httpx: HTTP Request: POST https://api.telegram.org/bot8677091828:AAF6Tsxq2JYSEX6EM8mPQFS_LUyStnHGXRE/getUpdates "HTTP/1.1 200 OK"
2026-06-07 12:27:27,506 [INFO] httpx: HTTP Request: POST https://api.telegram.org/bot8677091828:AAF6Tsxq2JYSEX6EM8mPQFS_LUyStnHGXRE/getUpdates "HTTP/1.1 200 OK"
2026-06-07 12:27:37,698 [INFO] httpx: HTTP Request: POST https://api.telegram.org/bot8677091828:AAF6Tsxq2JYSEX6EM8mPQFS_LUyStnHGXRE/getUpdates "HTTP/1.1 200 OK"
2026-06-07 12:27:47,891 [INFO] httpx: HTTP Request: POST https://api.telegram.org/bot8677091828:AAF6Tsxq2JYSEX6EM8mPQFS_LUyStnHGXRE/getUpdates "HTTP/1.1 200 OK"
2026-06-07 12:27:58,073 [INFO] httpx: HTTP Request: POST https://api.telegram.org/bot8677091828:AAF6Tsxq2JYSEX6EM8mPQFS_LUyStnHGXRE/getUpdates "HTTP/1.1 200 OK"
2026-06-07 12:28:08,279 [INFO] httpx: HTTP Request: POST https://api.telegram.org/bot8677091828:AAF6Tsxq2JYSEX6EM8mPQFS_LUyStnHGXRE/getUpdates "HTTP/1.1 200 OK"
2026-06-07 12:28:18,477 [INFO] httpx: HTTP Request: POST https://api.telegram.org/bot8677091828:AAF6Tsxq2JYSEX6EM8mPQFS_LUyStnHGXRE/getUpdates "HTTP/1.1 200 OK"
2026-06-07 12:28:28,664 [INFO] httpx: HTTP Request: POST https://api.telegram.org/bot8677091828:AAF6Tsxq2JYSEX6EM8mPQFS_LUyStnHGXRE/getUpdates "HTTP/1.1 200 OK"
2026-06-07 12:28:38,858 [INFO] httpx: HTTP Request: POST https://api.telegram.org/bot8677091828:AAF6Tsxq2JYSEX6EM8mPQFS_LUyStnHGXRE/getUpdates "HTTP/1.1 200 OK"
2026-06-07 12:28:49,050 [INFO] httpx: HTTP Request: POST https://api.telegram.org/bot8677091828:AAF6Tsxq2JYSEX6EM8mPQFS_LUyStnHGXRE/getUpdates "HTTP/1.1 200 OK"
2026-06-07 12:28:59,266 [INFO] httpx: HTTP Request: POST https://api.telegram.org/bot8677091828:AAF6Tsxq2JYSEX6EM8mPQFS_LUyStnHGXRE/getUpdates "HTTP/1.1 200 OK"
2026-06-07 12:29:09,449 [INFO] httpx: HTTP Request: POST https://api.telegram.org/bot8677091828:AAF6Tsxq2JYSEX6EM8mPQFS_LUyStnHGXRE/getUpdates "HTTP/1.1 200 OK"
2026-06-07 12:29:19,652 [INFO] httpx: HTTP Request: POST https://api.telegram.org/bot8677091828:AAF6Tsxq2JYSEX6EM8mPQFS_LUyStnHGXRE/getUpdates "HTTP/1.1 200 OK"
2026-06-07 12:29:29,846 [INFO] httpx: HTTP Request: POST https://api.telegram.org/bot8677091828:AAF6Tsxq2JYSEX6EM8mPQFS_LUyStnHGXRE/getUpdates "HTTP/1.1 200 OK"
2026-06-07 12:29:40,045 [INFO] httpx: HTTP Request: POST https://api.telegram.org/bot8677091828:AAF6Tsxq2JYSEX6EM8mPQFS_LUyStnHGXRE/getUpdates "HTTP/1.1 200 OK"
2026-06-07 12:29:50,234 [INFO] httpx: HTTP Request: POST https://api.telegram.org/bot8677091828:AAF6Tsxq2JYSEX6EM8mPQFS_LUyStnHGXRE/getUpdates "HTTP/1.1 200 OK"
2026-06-07 12:30:00,452 [INFO] httpx: HTTP Request: POST https://api.telegram.org/bot8677091828:AAF6Tsxq2JYSEX6EM8mPQFS_LUyStnHGXRE/getUpdates "HTTP/1.1 200 OK"
2026-06-07 12:30:10,669 [INFO] httpx: HTTP Request: POST https://api.telegram.org/bot8677091828:AAF6Tsxq2JYSEX6EM8mPQFS_LUyStnHGXRE/getUpdates "HTTP/1.1 200 OK"
2026-06-07 12:30:20,856 [INFO] httpx: HTTP Request: POST https://api.telegram.org/bot8677091828:AAF6Tsxq2JYSEX6EM8mPQFS_LUyStnHGXRE/getUpdates "HTTP/1.1 200 OK"
2026-06-07 12:30:31,086 [INFO] httpx: HTTP Request: POST https://api.telegram.org/bot8677091828:AAF6Tsxq2JYSEX6EM8mPQFS_LUyStnHGXRE/getUpdates "HTTP/1.1 200 OK"
2026-06-07 12:30:41,272 [INFO] httpx: HTTP Request: POST https://api.telegram.org/bot8677091828:AAF6Tsxq2JYSEX6EM8mPQFS_LUyStnHGXRE/getUpdates "HTTP/1.1 200 OK"
2026-06-07 12:30:51,473 [INFO] httpx: HTTP Request: POST https://api.telegram.org/bot8677091828:AAF6Tsxq2JYSEX6EM8mPQFS_LUyStnHGXRE/getUpdates "HTTP/1.1 200 OK"
2026-06-07 12:31:01,654 [INFO] httpx: HTTP Request: POST https://api.telegram.org/bot8677091828:AAF6Tsxq2JYSEX6EM8mPQFS_LUyStnHGXRE/getUpdates "HTTP/1.1 200 OK"
2026-06-07 12:31:11,839 [INFO] httpx: HTTP Request: POST https://api.telegram.org/bot8677091828:AAF6Tsxq2JYSEX6EM8mPQFS_LUyStnHGXRE/getUpdates "HTTP/1.1 200 OK"
2026-06-07 12:31:22,023 [INFO] httpx: HTTP Request: POST https://api.telegram.org/bot8677091828:AAF6Tsxq2JYSEX6EM8mPQFS_LUyStnHGXRE/getUpdates "HTTP/1.1 200 OK"
2026-06-07 12:31:32,215 [INFO] httpx: HTTP Request: POST https://api.telegram.org/bot8677091828:AAF6Tsxq2JYSEX6EM8mPQFS_LUyStnHGXRE/getUpdates "HTTP/1.1 200 OK"
2026-06-07 12:31:42,429 [INFO] httpx: HTTP Request: POST https://api.telegram.org/bot8677091828:AAF6Tsxq2JYSEX6EM8mPQFS_LUyStnHGXRE/getUpdates "HTTP/1.1 200 OK"
2026-06-07 12:31:52,637 [INFO] httpx: HTTP Request: POST https://api.telegram.org/bot8677091828:AAF6Tsxq2JYSEX6EM8mPQFS_LUyStnHGXRE/getUpdates "HTTP/1.1 200 OK"
2026-06-07 12:32:02,840 [INFO] httpx: HTTP Request: POST https://api.telegram.org/bot8677091828:AAF6Tsxq2JYSEX6EM8mPQFS_LUyStnHGXRE/getUpdates "HTTP/1.1 200 OK"
2026-06-07 12:32:13,027 [INFO] httpx: HTTP Request: POST https://api.telegram.org/bot8677091828:AAF6Tsxq2JYSEX6EM8mPQFS_LUyStnHGXRE/getUpdates "HTTP/1.1 200 OK"
2026-06-07 12:32:23,214 [INFO] httpx: HTTP Request: POST https://api.telegram.org/bot8677091828:AAF6Tsxq2JYSEX6EM8mPQFS_LUyStnHGXRE/getUpdates "HTTP/1.1 200 OK"
2026-06-07 12:32:33,410 [INFO] httpx: HTTP Request: POST https://api.telegram.org/bot8677091828:AAF6Tsxq2JYSEX6EM8mPQFS_LUyStnHGXRE/getUpdates "HTTP/1.1 200 OK"
2026-06-07 12:32:43,612 [INFO] httpx: HTTP Request: POST https://api.telegram.org/bot8677091828:AAF6Tsxq2JYSEX6EM8mPQFS_LUyStnHGXRE/getUpdates "HTTP/1.1 200 OK"
2026-06-07 12:32:53,795 [INFO] httpx: HTTP Request: POST https://api.telegram.org/bot8677091828:AAF6Tsxq2JYSEX6EM8mPQFS_LUyStnHGXRE/getUpdates "HTTP/1.1 200 OK"
2026-06-07 12:33:03,990 [INFO] httpx: HTTP Request: POST https://api.telegram.org/bot8677091828:AAF6Tsxq2JYSEX6EM8mPQFS_LUyStnHGXRE/getUpdates "HTTP/1.1 200 OK"
2026-06-07 12:33:14,176 [INFO] httpx: HTTP Request: POST https://api.telegram.org/bot8677091828:AAF6Tsxq2JYSEX6EM8mPQFS_LUyStnHGXRE/getUpdates "HTTP/1.1 200 OK"
2026-06-07 12:33:24,364 [INFO] httpx: HTTP Request: POST https://api.telegram.org/bot8677091828:AAF6Tsxq2JYSEX6EM8mPQFS_LUyStnHGXRE/getUpdates "HTTP/1.1 200 OK"
2026-06-07 12:33:34,555 [INFO] httpx: HTTP Request: POST https://api.telegram.org/bot8677091828:AAF6Tsxq2JYSEX6EM8mPQFS_LUyStnHGXRE/getUpdates "HTTP/1.1 200 OK"
2026-06-07 12:33:44,745 [INFO] httpx: HTTP Request: POST https://api.telegram.org/bot8677091828:AAF6Tsxq2JYSEX6EM8mPQFS_LUyStnHGXRE/getUpdates "HTTP/1.1 200 OK"
2026-06-07 12:33:54,933 [INFO] httpx: HTTP Request: POST https://api.telegram.org/bot8677091828:AAF6Tsxq2JYSEX6EM8mPQFS_LUyStnHGXRE/getUpdates "HTTP/1.1 200 OK"
2026-06-07 12:34:05,129 [INFO] httpx: HTTP Request: POST https://api.telegram.org/bot8677091828:AAF6Tsxq2JYSEX6EM8mPQFS_LUyStnHGXRE/getUpdates "HTTP/1.1 200 OK"
2026-06-07 12:34:15,313 [INFO] httpx: HTTP Request: POST https://api.telegram.org/bot8677091828:AAF6Tsxq2JYSEX6EM8mPQFS_LUyStnHGXRE/getUpdates "HTTP/1.1 200 OK"
2026-06-07 12:34:25,510 [INFO] httpx: HTTP Request: POST https://api.telegram.org/bot8677091828:AAF6Tsxq2JYSEX6EM8mPQFS_LUyStnHGXRE/getUpdates "HTTP/1.1 200 OK"
2026-06-07 12:34:35,699 [INFO] httpx: HTTP Request: POST https://api.telegram.org/bot8677091828:AAF6Tsxq2JYSEX6EM8mPQFS_LUyStnHGXRE/getUpdates "HTTP/1.1 200 OK"
2026-06-07 12:34:45,881 [INFO] httpx: HTTP Request: POST https://api.telegram.org/bot8677091828:AAF6Tsxq2JYSEX6EM8mPQFS_LUyStnHGXRE/getUpdates "HTTP/1.1 200 OK"
2026-06-07 12:34:56,067 [INFO] httpx: HTTP Request: POST https://api.telegram.org/bot8677091828:AAF6Tsxq2JYSEX6EM8mPQFS_LUyStnHGXRE/getUpdates "HTTP/1.1 200 OK"
2026-06-07 12:35:06,254 [INFO] httpx: HTTP Request: POST https://api.telegram.org/bot8677091828:AAF6Tsxq2JYSEX6EM8mPQFS_LUyStnHGXRE/getUpdates "HTTP/1.1 200 OK"
2026-06-07 12:35:16,445 [INFO] httpx: HTTP Request: POST https://api.telegram.org/bot8677091828:AAF6Tsxq2JYSEX6EM8mPQFS_LUyStnHGXRE/getUpdates "HTTP/1.1 200 OK"
2026-06-07 12:35:26,633 [INFO] httpx: HTTP Request: POST https://api.telegram.org/bot8677091828:AAF6Tsxq2JYSEX6EM8mPQFS_LUyStnHGXRE/getUpdates "HTTP/1.1 200 OK"
2026-06-07 12:35:36,815 [INFO] httpx: HTTP Request: POST https://api.telegram.org/bot8677091828:AAF6Tsxq2JYSEX6EM8mPQFS_LUyStnHGXRE/getUpdates "HTTP/1.1 200 OK"
2026-06-07 12:35:47,003 [INFO] httpx: HTTP Request: POST https://api.telegram.org/bot8677091828:AAF6Tsxq2JYSEX6EM8mPQFS_LUyStnHGXRE/getUpdates "HTTP/1.1 200 OK"
2026-06-07 12:35:57,202 [INFO] httpx: HTTP Request: POST https://api.telegram.org/bot8677091828:AAF6Tsxq2JYSEX6EM8mPQFS_LUyStnHGXRE/getUpdates "HTTP/1.1 200 OK"
2026-06-07 12:36:07,423 [INFO] httpx: HTTP Request: POST https://api.telegram.org/bot8677091828:AAF6Tsxq2JYSEX6EM8mPQFS_LUyStnHGXRE/getUpdates "HTTP/1.1 200 OK"
2026-06-07 12:36:17,610 [INFO] httpx: HTTP Request: POST https://api.telegram.org/bot8677091828:AAF6Tsxq2JYSEX6EM8mPQFS_LUyStnHGXRE/getUpdates "HTTP/1.1 200 OK"
2026-06-07 12:36:27,810 [INFO] httpx: HTTP Request: POST https://api.telegram.org/bot8677091828:AAF6Tsxq2JYSEX6EM8mPQFS_LUyStnHGXRE/getUpdates "HTTP/1.1 200 OK"
2026-06-07 12:36:38,006 [INFO] httpx: HTTP Request: POST https://api.telegram.org/bot8677091828:AAF6Tsxq2JYSEX6EM8mPQFS_LUyStnHGXRE/getUpdates "HTTP/1.1 200 OK"
2026-06-07 12:36:48,193 [INFO] httpx: HTTP Request: POST https://api.telegram.org/bot8677091828:AAF6Tsxq2JYSEX6EM8mPQFS_LUyStnHGXRE/getUpdates "HTTP/1.1 200 OK"
2026-06-07 12:36:58,382 [INFO] httpx: HTTP Request: POST https://api.telegram.org/bot8677091828:AAF6Tsxq2JYSEX6EM8mPQFS_LUyStnHGXRE/getUpdates "HTTP/1.1 200 OK"
2026-06-07 12:37:08,570 [INFO] httpx: HTTP Request: POST https://api.telegram.org/bot8677091828:AAF6Tsxq2JYSEX6EM8mPQFS_LUyStnHGXRE/getUpdates "HTTP/1.1 200 OK"
2026-06-07 12:37:18,755 [INFO] httpx: HTTP Request: POST https://api.telegram.org/bot8677091828:AAF6Tsxq2JYSEX6EM8mPQFS_LUyStnHGXRE/getUpdates "HTTP/1.1 200 OK"
2026-06-07 12:37:28,939 [INFO] httpx: HTTP Request: POST https://api.telegram.org/bot8677091828:AAF6Tsxq2JYSEX6EM8mPQFS_LUyStnHGXRE/getUpdates "HTTP/1.1 200 OK"
2026-06-07 12:37:39,126 [INFO] httpx: HTTP Request: POST https://api.telegram.org/bot8677091828:AAF6Tsxq2JYSEX6EM8mPQFS_LUyStnHGXRE/getUpdates "HTTP/1.1 200 OK"
2026-06-07 12:37:49,320 [INFO] httpx: HTTP Request: POST https://api.telegram.org/bot8677091828:AAF6Tsxq2JYSEX6EM8mPQFS_LUyStnHGXRE/getUpdates "HTTP/1.1 200 OK"
2026-06-07 12:37:59,504 [INFO] httpx: HTTP Request: POST https://api.telegram.org/bot8677091828:AAF6Tsxq2JYSEX6EM8mPQFS_LUyStnHGXRE/getUpdates "HTTP/1.1 200 OK"
2026-06-07 12:38:09,691 [INFO] httpx: HTTP Request: POST https://api.telegram.org/bot8677091828:AAF6Tsxq2JYSEX6EM8mPQFS_LUyStnHGXRE/getUpdates "HTTP/1.1 200 OK"
2026-06-07 12:38:19,875 [INFO] httpx: HTTP Request: POST https://api.telegram.org/bot8677091828:AAF6Tsxq2JYSEX6EM8mPQFS_LUyStnHGXRE/getUpdates "HTTP/1.1 200 OK"
2026-06-07 12:38:30,065 [INFO] httpx: HTTP Request: POST https://api.telegram.org/bot8677091828:AAF6Tsxq2JYSEX6EM8mPQFS_LUyStnHGXRE/getUpdates "HTTP/1.1 200 OK"
2026-06-07 12:38:40,263 [INFO] httpx: HTTP Request: POST https://api.telegram.org/bot8677091828:AAF6Tsxq2JYSEX6EM8mPQFS_LUyStnHGXRE/getUpdates "HTTP/1.1 200 OK"
2026-06-07 12:38:50,444 [INFO] httpx: HTTP Request: POST https://api.telegram.org/bot8677091828:AAF6Tsxq2JYSEX6EM8mPQFS_LUyStnHGXRE/getUpdates "HTTP/1.1 200 OK"
2026-06-07 12:39:00,640 [INFO] httpx: HTTP Request: POST https://api.telegram.org/bot8677091828:AAF6Tsxq2JYSEX6EM8mPQFS_LUyStnHGXRE/getUpdates "HTTP/1.1 200 OK"
2026-06-07 12:39:10,826 [INFO] httpx: HTTP Request: POST https://api.telegram.org/bot8677091828:AAF6Tsxq2JYSEX6EM8mPQFS_LUyStnHGXRE/getUpdates "HTTP/1.1 200 OK"
2026-06-07 12:39:21,019 [INFO] httpx: HTTP Request: POST https://api.telegram.org/bot8677091828:AAF6Tsxq2JYSEX6EM8mPQFS_LUyStnHGXRE/getUpdates "HTTP/1.1 200 OK"
2026-06-07 12:39:31,604 [INFO] httpx: HTTP Request: POST https://api.telegram.org/bot8677091828:AAF6Tsxq2JYSEX6EM8mPQFS_LUyStnHGXRE/getUpdates "HTTP/1.1 200 OK"
2026-06-07 12:39:41,791 [INFO] httpx: HTTP Request: POST https://api.telegram.org/bot8677091828:AAF6Tsxq2JYSEX6EM8mPQFS_LUyStnHGXRE/getUpdates "HTTP/1.1 200 OK"
2026-06-07 12:39:51,992 [INFO] httpx: HTTP Request: POST https://api.telegram.org/bot8677091828:AAF6Tsxq2JYSEX6EM8mPQFS_LUyStnHGXRE/getUpdates "HTTP/1.1 200 OK"
2026-06-07 12:40:02,580 [INFO] httpx: HTTP Request: POST https://api.telegram.org/bot8677091828:AAF6Tsxq2JYSEX6EM8mPQFS_LUyStnHGXRE/getUpdates "HTTP/1.1 200 OK"
2026-06-07 12:40:12,769 [INFO] httpx: HTTP Request: POST https://api.telegram.org/bot8677091828:AAF6Tsxq2JYSEX6EM8mPQFS_LUyStnHGXRE/getUpdates "HTTP/1.1 200 OK"
2026-06-07 12:40:22,951 [INFO] httpx: HTTP Request: POST https://api.telegram.org/bot8677091828:AAF6Tsxq2JYSEX6EM8mPQFS_LUyStnHGXRE/getUpdates "HTTP/1.1 200 OK"
2026-06-07 12:40:33,135 [INFO] httpx: HTTP Request: POST https://api.telegram.org/bot8677091828:AAF6Tsxq2JYSEX6EM8mPQFS_LUyStnHGXRE/getUpdates "HTTP/1.1 200 OK"
2026-06-07 12:40:43,339 [INFO] httpx: HTTP Request: POST https://api.telegram.org/bot8677091828:AAF6Tsxq2JYSEX6EM8mPQFS_LUyStnHGXRE/getUpdates "HTTP/1.1 200 OK"
2026-06-07 12:40:53,523 [INFO] httpx: HTTP Request: POST https://api.telegram.org/bot8677091828:AAF6Tsxq2JYSEX6EM8mPQFS_LUyStnHGXRE/getUpdates "HTTP/1.1 200 OK"
2026-06-07 12:41:03,714 [INFO] httpx: HTTP Request: POST https://api.telegram.org/bot8677091828:AAF6Tsxq2JYSEX6EM8mPQFS_LUyStnHGXRE/getUpdates "HTTP/1.1 200 OK"
2026-06-07 12:41:13,896 [INFO] httpx: HTTP Request: POST https://api.telegram.org/bot8677091828:AAF6Tsxq2JYSEX6EM8mPQFS_LUyStnHGXRE/getUpdates "HTTP/1.1 200 OK"
2026-06-07 12:41:24,075 [INFO] httpx: HTTP Request: POST https://api.telegram.org/bot8677091828:AAF6Tsxq2JYSEX6EM8mPQFS_LUyStnHGXRE/getUpdates "HTTP/1.1 200 OK"
2026-06-07 12:41:34,272 [INFO] httpx: HTTP Request: POST https://api.telegram.org/bot8677091828:AAF6Tsxq2JYSEX6EM8mPQFS_LUyStnHGXRE/getUpdates "HTTP/1.1 200 OK"
2026-06-07 12:41:44,459 [INFO] httpx: HTTP Request: POST https://api.telegram.org/bot8677091828:AAF6Tsxq2JYSEX6EM8mPQFS_LUyStnHGXRE/getUpdates "HTTP/1.1 200 OK"
2026-06-07 12:41:54,638 [INFO] httpx: HTTP Request: POST https://api.telegram.org/bot8677091828:AAF6Tsxq2JYSEX6EM8mPQFS_LUyStnHGXRE/getUpdates "HTTP/1.1 200 OK"
2026-06-07 12:42:04,829 [INFO] httpx: HTTP Request: POST https://api.telegram.org/bot8677091828:AAF6Tsxq2JYSEX6EM8mPQFS_LUyStnHGXRE/getUpdates "HTTP/1.1 200 OK"
2026-06-07 12:42:15,025 [INFO] httpx: HTTP Request: POST https://api.telegram.org/bot8677091828:AAF6Tsxq2JYSEX6EM8mPQFS_LUyStnHGXRE/getUpdates "HTTP/1.1 200 OK"
2026-06-07 12:42:25,211 [INFO] httpx: HTTP Request: POST https://api.telegram.org/bot8677091828:AAF6Tsxq2JYSEX6EM8mPQFS_LUyStnHGXRE/getUpdates "HTTP/1.1 200 OK"
2026-06-07 12:42:35,414 [INFO] httpx: HTTP Request: POST https://api.telegram.org/bot8677091828:AAF6Tsxq2JYSEX6EM8mPQFS_LUyStnHGXRE/getUpdates "HTTP/1.1 200 OK"
2026-06-07 12:42:45,619 [INFO] httpx: HTTP Request: POST https://api.telegram.org/bot8677091828:AAF6Tsxq2JYSEX6EM8mPQFS_LUyStnHGXRE/getUpdates "HTTP/1.1 200 OK"
2026-06-07 12:42:55,805 [INFO] httpx: HTTP Request: POST https://api.telegram.org/bot8677091828:AAF6Tsxq2JYSEX6EM8mPQFS_LUyStnHGXRE/getUpdates "HTTP/1.1 200 OK"
2026-06-07 12:43:05,988 [INFO] httpx: HTTP Request: POST https://api.telegram.org/bot8677091828:AAF6Tsxq2JYSEX6EM8mPQFS_LUyStnHGXRE/getUpdates "HTTP/1.1 200 OK"
2026-06-07 12:43:16,184 [INFO] httpx: HTTP Request: POST https://api.telegram.org/bot8677091828:AAF6Tsxq2JYSEX6EM8mPQFS_LUyStnHGXRE/getUpdates "HTTP/1.1 200 OK"
2026-06-07 12:43:26,389 [INFO] httpx: HTTP Request: POST https://api.telegram.org/bot8677091828:AAF6Tsxq2JYSEX6EM8mPQFS_LUyStnHGXRE/getUpdates "HTTP/1.1 200 OK"
2026-06-07 12:43:36,573 [INFO] httpx: HTTP Request: POST https://api.telegram.org/bot8677091828:AAF6Tsxq2JYSEX6EM8mPQFS_LUyStnHGXRE/getUpdates "HTTP/1.1 200 OK"
2026-06-07 12:43:46,762 [INFO] httpx: HTTP Request: POST https://api.telegram.org/bot8677091828:AAF6Tsxq2JYSEX6EM8mPQFS_LUyStnHGXRE/getUpdates "HTTP/1.1 200 OK"
2026-06-07 12:43:56,943 [INFO] httpx: HTTP Request: POST https://api.telegram.org/bot8677091828:AAF6Tsxq2JYSEX6EM8mPQFS_LUyStnHGXRE/getUpdates "HTTP/1.1 200 OK"
2026-06-07 12:44:07,125 [INFO] httpx: HTTP Request: POST https://api.telegram.org/bot8677091828:AAF6Tsxq2JYSEX6EM8mPQFS_LUyStnHGXRE/getUpdates "HTTP/1.1 200 OK"
2026-06-07 12:44:17,319 [INFO] httpx: HTTP Request: POST https://api.telegram.org/bot8677091828:AAF6Tsxq2JYSEX6EM8mPQFS_LUyStnHGXRE/getUpdates "HTTP/1.1 200 OK"
2026-06-07 12:44:27,506 [INFO] httpx: HTTP Request: POST https://api.telegram.org/bot8677091828:AAF6Tsxq2JYSEX6EM8mPQFS_LUyStnHGXRE/getUpdates "HTTP/1.1 200 OK"
2026-06-07 12:44:37,712 [INFO] httpx: HTTP Request: POST https://api.telegram.org/bot8677091828:AAF6Tsxq2JYSEX6EM8mPQFS_LUyStnHGXRE/getUpdates "HTTP/1.1 200 OK"
2026-06-07 12:44:47,901 [INFO] httpx: HTTP Request: POST https://api.telegram.org/bot8677091828:AAF6Tsxq2JYSEX6EM8mPQFS_LUyStnHGXRE/getUpdates "HTTP/1.1 200 OK"
2026-06-07 12:44:58,090 [INFO] httpx: HTTP Request: POST https://api.telegram.org/bot8677091828:AAF6Tsxq2JYSEX6EM8mPQFS_LUyStnHGXRE/getUpdates "HTTP/1.1 200 OK"
2026-06-07 12:45:08,271 [INFO] httpx: HTTP Request: POST https://api.telegram.org/bot8677091828:AAF6Tsxq2JYSEX6EM8mPQFS_LUyStnHGXRE/getUpdates "HTTP/1.1 200 OK"
2026-06-07 12:45:18,454 [INFO] httpx: HTTP Request: POST https://api.telegram.org/bot8677091828:AAF6Tsxq2JYSEX6EM8mPQFS_LUyStnHGXRE/getUpdates "HTTP/1.1 200 OK"
2026-06-07 12:45:28,650 [INFO] httpx: HTTP Request: POST https://api.telegram.org/bot8677091828:AAF6Tsxq2JYSEX6EM8mPQFS_LUyStnHGXRE/getUpdates "HTTP/1.1 200 OK"
2026-06-07 12:45:38,828 [INFO] httpx: HTTP Request: POST https://api.telegram.org/bot8677091828:AAF6Tsxq2JYSEX6EM8mPQFS_LUyStnHGXRE/getUpdates "HTTP/1.1 200 OK"
2026-06-07 12:45:49,021 [INFO] httpx: HTTP Request: POST https://api.telegram.org/bot8677091828:AAF6Tsxq2JYSEX6EM8mPQFS_LUyStnHGXRE/getUpdates "HTTP/1.1 200 OK"
2026-06-07 12:45:59,204 [INFO] httpx: HTTP Request: POST https://api.telegram.org/bot8677091828:AAF6Tsxq2JYSEX6EM8mPQFS_LUyStnHGXRE/getUpdates "HTTP/1.1 200 OK"
2026-06-07 12:46:09,384 [INFO] httpx: HTTP Request: POST https://api.telegram.org/bot8677091828:AAF6Tsxq2JYSEX6EM8mPQFS_LUyStnHGXRE/getUpdates "HTTP/1.1 200 OK"
2026-06-07 12:46:19,580 [INFO] httpx: HTTP Request: POST https://api.telegram.org/bot8677091828:AAF6Tsxq2JYSEX6EM8mPQFS_LUyStnHGXRE/getUpdates "HTTP/1.1 200 OK"
2026-06-07 12:46:29,766 [INFO] httpx: HTTP Request: POST https://api.telegram.org/bot8677091828:AAF6Tsxq2JYSEX6EM8mPQFS_LUyStnHGXRE/getUpdates "HTTP/1.1 200 OK"
2026-06-07 12:46:39,962 [INFO] httpx: HTTP Request: POST https://api.telegram.org/bot8677091828:AAF6Tsxq2JYSEX6EM8mPQFS_LUyStnHGXRE/getUpdates "HTTP/1.1 200 OK"
2026-06-07 12:46:50,146 [INFO] httpx: HTTP Request: POST https://api.telegram.org/bot8677091828:AAF6Tsxq2JYSEX6EM8mPQFS_LUyStnHGXRE/getUpdates "HTTP/1.1 200 OK"
2026-06-07 12:47:00,333 [INFO] httpx: HTTP Request: POST https://api.telegram.org/bot8677091828:AAF6Tsxq2JYSEX6EM8mPQFS_LUyStnHGXRE/getUpdates "HTTP/1.1 200 OK"
2026-06-07 12:47:10,523 [INFO] httpx: HTTP Request: POST https://api.telegram.org/bot8677091828:AAF6Tsxq2JYSEX6EM8mPQFS_LUyStnHGXRE/getUpdates "HTTP/1.1 200 OK"
2026-06-07 12:47:20,703 [INFO] httpx: HTTP Request: POST https://api.telegram.org/bot8677091828:AAF6Tsxq2JYSEX6EM8mPQFS_LUyStnHGXRE/getUpdates "HTTP/1.1 200 OK"
2026-06-07 12:47:30,895 [INFO] httpx: HTTP Request: POST https://api.telegram.org/bot8677091828:AAF6Tsxq2JYSEX6EM8mPQFS_LUyStnHGXRE/getUpdates "HTTP/1.1 200 OK"
2026-06-07 12:47:41,083 [INFO] httpx: HTTP Request: POST https://api.telegram.org/bot8677091828:AAF6Tsxq2JYSEX6EM8mPQFS_LUyStnHGXRE/getUpdates "HTTP/1.1 200 OK"
2026-06-07 12:47:51,273 [INFO] httpx: HTTP Request: POST https://api.telegram.org/bot8677091828:AAF6Tsxq2JYSEX6EM8mPQFS_LUyStnHGXRE/getUpdates "HTTP/1.1 200 OK"
2026-06-07 12:48:01,457 [INFO] httpx: HTTP Request: POST https://api.telegram.org/bot8677091828:AAF6Tsxq2JYSEX6EM8mPQFS_LUyStnHGXRE/getUpdates "HTTP/1.1 200 OK"
2026-06-07 12:48:11,637 [INFO] httpx: HTTP Request: POST https://api.telegram.org/bot8677091828:AAF6Tsxq2JYSEX6EM8mPQFS_LUyStnHGXRE/getUpdates "HTTP/1.1 200 OK"
2026-06-07 12:48:21,820 [INFO] httpx: HTTP Request: POST https://api.telegram.org/bot8677091828:AAF6Tsxq2JYSEX6EM8mPQFS_LUyStnHGXRE/getUpdates "HTTP/1.1 200 OK"
2026-06-07 12:48:32,002 [INFO] httpx: HTTP Request: POST https://api.telegram.org/bot8677091828:AAF6Tsxq2JYSEX6EM8mPQFS_LUyStnHGXRE/getUpdates "HTTP/1.1 200 OK"
2026-06-07 12:48:42,183 [INFO] httpx: HTTP Request: POST https://api.telegram.org/bot8677091828:AAF6Tsxq2JYSEX6EM8mPQFS_LUyStnHGXRE/getUpdates "HTTP/1.1 200 OK"
2026-06-07 12:48:52,366 [INFO] httpx: HTTP Request: POST https://api.telegram.org/bot8677091828:AAF6Tsxq2JYSEX6EM8mPQFS_LUyStnHGXRE/getUpdates "HTTP/1.1 200 OK"
2026-06-07 12:49:02,554 [INFO] httpx: HTTP Request: POST https://api.telegram.org/bot8677091828:AAF6Tsxq2JYSEX6EM8mPQFS_LUyStnHGXRE/getUpdates "HTTP/1.1 200 OK"
2026-06-07 12:49:12,738 [INFO] httpx: HTTP Request: POST https://api.telegram.org/bot8677091828:AAF6Tsxq2JYSEX6EM8mPQFS_LUyStnHGXRE/getUpdates "HTTP/1.1 200 OK"
2026-06-07 12:49:22,931 [INFO] httpx: HTTP Request: POST https://api.telegram.org/bot8677091828:AAF6Tsxq2JYSEX6EM8mPQFS_LUyStnHGXRE/getUpdates "HTTP/1.1 200 OK"
2026-06-07 12:49:33,120 [INFO] httpx: HTTP Request: POST https://api.telegram.org/bot8677091828:AAF6Tsxq2JYSEX6EM8mPQFS_LUyStnHGXRE/getUpdates "HTTP/1.1 200 OK"
2026-06-07 12:49:43,304 [INFO] httpx: HTTP Request: POST https://api.telegram.org/bot8677091828:AAF6Tsxq2JYSEX6EM8mPQFS_LUyStnHGXRE/getUpdates "HTTP/1.1 200 OK"
2026-06-07 12:49:53,508 [INFO] httpx: HTTP Request: POST https://api.telegram.org/bot8677091828:AAF6Tsxq2JYSEX6EM8mPQFS_LUyStnHGXRE/getUpdates "HTTP/1.1 200 OK"
2026-06-07 12:50:03,710 [INFO] httpx: HTTP Request: POST https://api.telegram.org/bot8677091828:AAF6Tsxq2JYSEX6EM8mPQFS_LUyStnHGXRE/getUpdates "HTTP/1.1 200 OK"
2026-06-07 12:50:13,902 [INFO] httpx: HTTP Request: POST https://api.telegram.org/bot8677091828:AAF6Tsxq2JYSEX6EM8mPQFS_LUyStnHGXRE/getUpdates "HTTP/1.1 200 OK"
2026-06-07 12:50:24,099 [INFO] httpx: HTTP Request: POST https://api.telegram.org/bot8677091828:AAF6Tsxq2JYSEX6EM8mPQFS_LUyStnHGXRE/getUpdates "HTTP/1.1 200 OK"
2026-06-07 12:50:34,282 [INFO] httpx: HTTP Request: POST https://api.telegram.org/bot8677091828:AAF6Tsxq2JYSEX6EM8mPQFS_LUyStnHGXRE/getUpdates "HTTP/1.1 200 OK"
2026-06-07 12:50:44,463 [INFO] httpx: HTTP Request: POST https://api.telegram.org/bot8677091828:AAF6Tsxq2JYSEX6EM8mPQFS_LUyStnHGXRE/getUpdates "HTTP/1.1 200 OK"
2026-06-07 12:50:54,646 [INFO] httpx: HTTP Request: POST https://api.telegram.org/bot8677091828:AAF6Tsxq2JYSEX6EM8mPQFS_LUyStnHGXRE/getUpdates "HTTP/1.1 200 OK"
2026-06-07 12:51:04,845 [INFO] httpx: HTTP Request: POST https://api.telegram.org/bot8677091828:AAF6Tsxq2JYSEX6EM8mPQFS_LUyStnHGXRE/getUpdates "HTTP/1.1 200 OK"
2026-06-07 12:51:15,026 [INFO] httpx: HTTP Request: POST https://api.telegram.org/bot8677091828:AAF6Tsxq2JYSEX6EM8mPQFS_LUyStnHGXRE/getUpdates "HTTP/1.1 200 OK"
2026-06-07 12:51:25,207 [INFO] httpx: HTTP Request: POST https://api.telegram.org/bot8677091828:AAF6Tsxq2JYSEX6EM8mPQFS_LUyStnHGXRE/getUpdates "HTTP/1.1 200 OK"
2026-06-07 12:51:35,394 [INFO] httpx: HTTP Request: POST https://api.telegram.org/bot8677091828:AAF6Tsxq2JYSEX6EM8mPQFS_LUyStnHGXRE/getUpdates "HTTP/1.1 200 OK"
2026-06-07 12:51:45,584 [INFO] httpx: HTTP Request: POST https://api.telegram.org/bot8677091828:AAF6Tsxq2JYSEX6EM8mPQFS_LUyStnHGXRE/getUpdates "HTTP/1.1 200 OK"
2026-06-07 12:51:55,795 [INFO] httpx: HTTP Request: POST https://api.telegram.org/bot8677091828:AAF6Tsxq2JYSEX6EM8mPQFS_LUyStnHGXRE/getUpdates "HTTP/1.1 200 OK"
2026-06-07 12:52:06,004 [INFO] httpx: HTTP Request: POST https://api.telegram.org/bot8677091828:AAF6Tsxq2JYSEX6EM8mPQFS_LUyStnHGXRE/getUpdates "HTTP/1.1 200 OK"
2026-06-07 12:52:16,206 [INFO] httpx: HTTP Request: POST https://api.telegram.org/bot8677091828:AAF6Tsxq2JYSEX6EM8mPQFS_LUyStnHGXRE/getUpdates "HTTP/1.1 200 OK"
2026-06-07 12:52:26,390 [INFO] httpx: HTTP Request: POST https://api.telegram.org/bot8677091828:AAF6Tsxq2JYSEX6EM8mPQFS_LUyStnHGXRE/getUpdates "HTTP/1.1 200 OK"
2026-06-07 12:52:36,594 [INFO] httpx: HTTP Request: POST https://api.telegram.org/bot8677091828:AAF6Tsxq2JYSEX6EM8mPQFS_LUyStnHGXRE/getUpdates "HTTP/1.1 200 OK"
2026-06-07 12:52:46,779 [INFO] httpx: HTTP Request: POST https://api.telegram.org/bot8677091828:AAF6Tsxq2JYSEX6EM8mPQFS_LUyStnHGXRE/getUpdates "HTTP/1.1 200 OK"
2026-06-07 12:52:57,376 [INFO] httpx: HTTP Request: POST https://api.telegram.org/bot8677091828:AAF6Tsxq2JYSEX6EM8mPQFS_LUyStnHGXRE/getUpdates "HTTP/1.1 200 OK"
2026-06-07 12:53:07,570 [INFO] httpx: HTTP Request: POST https://api.telegram.org/bot8677091828:AAF6Tsxq2JYSEX6EM8mPQFS_LUyStnHGXRE/getUpdates "HTTP/1.1 200 OK"
2026-06-07 12:53:17,758 [INFO] httpx: HTTP Request: POST https://api.telegram.org/bot8677091828:AAF6Tsxq2JYSEX6EM8mPQFS_LUyStnHGXRE/getUpdates "HTTP/1.1 200 OK"
2026-06-07 12:53:27,940 [INFO] httpx: HTTP Request: POST https://api.telegram.org/bot8677091828:AAF6Tsxq2JYSEX6EM8mPQFS_LUyStnHGXRE/getUpdates "HTTP/1.1 200 OK"
2026-06-07 12:53:38,121 [INFO] httpx: HTTP Request: POST https://api.telegram.org/bot8677091828:AAF6Tsxq2JYSEX6EM8mPQFS_LUyStnHGXRE/getUpdates "HTTP/1.1 200 OK"
2026-06-07 12:53:48,311 [INFO] httpx: HTTP Request: POST https://api.telegram.org/bot8677091828:AAF6Tsxq2JYSEX6EM8mPQFS_LUyStnHGXRE/getUpdates "HTTP/1.1 200 OK"
2026-06-07 12:53:58,496 [INFO] httpx: HTTP Request: POST https://api.telegram.org/bot8677091828:AAF6Tsxq2JYSEX6EM8mPQFS_LUyStnHGXRE/getUpdates "HTTP/1.1 200 OK"
2026-06-07 12:54:09,102 [INFO] httpx: HTTP Request: POST https://api.telegram.org/bot8677091828:AAF6Tsxq2JYSEX6EM8mPQFS_LUyStnHGXRE/getUpdates "HTTP/1.1 200 OK"
2026-06-07 12:54:19,295 [INFO] httpx: HTTP Request: POST https://api.telegram.org/bot8677091828:AAF6Tsxq2JYSEX6EM8mPQFS_LUyStnHGXRE/getUpdates "HTTP/1.1 200 OK"
2026-06-07 12:54:29,484 [INFO] httpx: HTTP Request: POST https://api.telegram.org/bot8677091828:AAF6Tsxq2JYSEX6EM8mPQFS_LUyStnHGXRE/getUpdates "HTTP/1.1 200 OK"
2026-06-07 12:54:39,664 [INFO] httpx: HTTP Request: POST https://api.telegram.org/bot8677091828:AAF6Tsxq2JYSEX6EM8mPQFS_LUyStnHGXRE/getUpdates "HTTP/1.1 200 OK"
2026-06-07 12:54:49,851 [INFO] httpx: HTTP Request: POST https://api.telegram.org/bot8677091828:AAF6Tsxq2JYSEX6EM8mPQFS_LUyStnHGXRE/getUpdates "HTTP/1.1 200 OK"
2026-06-07 12:55:00,038 [INFO] httpx: HTTP Request: POST https://api.telegram.org/bot8677091828:AAF6Tsxq2JYSEX6EM8mPQFS_LUyStnHGXRE/getUpdates "HTTP/1.1 200 OK"
2026-06-07 12:55:10,230 [INFO] httpx: HTTP Request: POST https://api.telegram.org/bot8677091828:AAF6Tsxq2JYSEX6EM8mPQFS_LUyStnHGXRE/getUpdates "HTTP/1.1 200 OK"
2026-06-07 12:55:20,625 [INFO] httpx: HTTP Request: POST https://api.telegram.org/bot8677091828:AAF6Tsxq2JYSEX6EM8mPQFS_LUyStnHGXRE/getUpdates "HTTP/1.1 200 OK"
2026-06-07 12:55:30,830 [INFO] httpx: HTTP Request: POST https://api.telegram.org/bot8677091828:AAF6Tsxq2JYSEX6EM8mPQFS_LUyStnHGXRE/getUpdates "HTTP/1.1 200 OK"
2026-06-07 12:55:41,010 [INFO] httpx: HTTP Request: POST https://api.telegram.org/bot8677091828:AAF6Tsxq2JYSEX6EM8mPQFS_LUyStnHGXRE/getUpdates "HTTP/1.1 200 OK"
2026-06-07 12:55:51,206 [INFO] httpx: HTTP Request: POST https://api.telegram.org/bot8677091828:AAF6Tsxq2JYSEX6EM8mPQFS_LUyStnHGXRE/getUpdates "HTTP/1.1 200 OK"
2026-06-07 12:56:01,409 [INFO] httpx: HTTP Request: POST https://api.telegram.org/bot8677091828:AAF6Tsxq2JYSEX6EM8mPQFS_LUyStnHGXRE/getUpdates "HTTP/1.1 200 OK"
2026-06-07 12:56:11,611 [INFO] httpx: HTTP Request: POST https://api.telegram.org/bot8677091828:AAF6Tsxq2JYSEX6EM8mPQFS_LUyStnHGXRE/getUpdates "HTTP/1.1 200 OK"
2026-06-07 12:56:21,822 [INFO] httpx: HTTP Request: POST https://api.telegram.org/bot8677091828:AAF6Tsxq2JYSEX6EM8mPQFS_LUyStnHGXRE/getUpdates "HTTP/1.1 200 OK"
2026-06-07 12:56:32,012 [INFO] httpx: HTTP Request: POST https://api.telegram.org/bot8677091828:AAF6Tsxq2JYSEX6EM8mPQFS_LUyStnHGXRE/getUpdates "HTTP/1.1 200 OK"
2026-06-07 12:56:43,003 [INFO] httpx: HTTP Request: POST https://api.telegram.org/bot8677091828:AAF6Tsxq2JYSEX6EM8mPQFS_LUyStnHGXRE/getUpdates "HTTP/1.1 200 OK"
2026-06-07 12:56:53,208 [INFO] httpx: HTTP Request: POST https://api.telegram.org/bot8677091828:AAF6Tsxq2JYSEX6EM8mPQFS_LUyStnHGXRE/getUpdates "HTTP/1.1 200 OK"
2026-06-07 12:57:03,401 [INFO] httpx: HTTP Request: POST https://api.telegram.org/bot8677091828:AAF6Tsxq2JYSEX6EM8mPQFS_LUyStnHGXRE/getUpdates "HTTP/1.1 200 OK"
2026-06-07 12:57:13,591 [INFO] httpx: HTTP Request: POST https://api.telegram.org/bot8677091828:AAF6Tsxq2JYSEX6EM8mPQFS_LUyStnHGXRE/getUpdates "HTTP/1.1 200 OK"
2026-06-07 12:57:23,777 [INFO] httpx: HTTP Request: POST https://api.telegram.org/bot8677091828:AAF6Tsxq2JYSEX6EM8mPQFS_LUyStnHGXRE/getUpdates "HTTP/1.1 200 OK"
2026-06-07 12:57:33,962 [INFO] httpx: HTTP Request: POST https://api.telegram.org/bot8677091828:AAF6Tsxq2JYSEX6EM8mPQFS_LUyStnHGXRE/getUpdates "HTTP/1.1 200 OK"
2026-06-07 12:57:44,144 [INFO] httpx: HTTP Request: POST https://api.telegram.org/bot8677091828:AAF6Tsxq2JYSEX6EM8mPQFS_LUyStnHGXRE/getUpdates "HTTP/1.1 200 OK"
2026-06-07 12:57:54,330 [INFO] httpx: HTTP Request: POST https://api.telegram.org/bot8677091828:AAF6Tsxq2JYSEX6EM8mPQFS_LUyStnHGXRE/getUpdates "HTTP/1.1 200 OK"
2026-06-07 12:58:04,511 [INFO] httpx: HTTP Request: POST https://api.telegram.org/bot8677091828:AAF6Tsxq2JYSEX6EM8mPQFS_LUyStnHGXRE/getUpdates "HTTP/1.1 200 OK"
2026-06-07 12:58:14,695 [INFO] httpx: HTTP Request: POST https://api.telegram.org/bot8677091828:AAF6Tsxq2JYSEX6EM8mPQFS_LUyStnHGXRE/getUpdates "HTTP/1.1 200 OK"
2026-06-07 12:58:24,881 [INFO] httpx: HTTP Request: POST https://api.telegram.org/bot8677091828:AAF6Tsxq2JYSEX6EM8mPQFS_LUyStnHGXRE/getUpdates "HTTP/1.1 200 OK"
2026-06-07 12:58:35,062 [INFO] httpx: HTTP Request: POST https://api.telegram.org/bot8677091828:AAF6Tsxq2JYSEX6EM8mPQFS_LUyStnHGXRE/getUpdates "HTTP/1.1 200 OK"
2026-06-07 12:58:45,255 [INFO] httpx: HTTP Request: POST https://api.telegram.org/bot8677091828:AAF6Tsxq2JYSEX6EM8mPQFS_LUyStnHGXRE/getUpdates "HTTP/1.1 200 OK"
2026-06-07 12:58:55,448 [INFO] httpx: HTTP Request: POST https://api.telegram.org/bot8677091828:AAF6Tsxq2JYSEX6EM8mPQFS_LUyStnHGXRE/getUpdates "HTTP/1.1 200 OK"
2026-06-07 12:59:05,651 [INFO] httpx: HTTP Request: POST https://api.telegram.org/bot8677091828:AAF6Tsxq2JYSEX6EM8mPQFS_LUyStnHGXRE/getUpdates "HTTP/1.1 200 OK"
2026-06-07 12:59:15,853 [INFO] httpx: HTTP Request: POST https://api.telegram.org/bot8677091828:AAF6Tsxq2JYSEX6EM8mPQFS_LUyStnHGXRE/getUpdates "HTTP/1.1 200 OK"
2026-06-07 12:59:26,034 [INFO] httpx: HTTP Request: POST https://api.telegram.org/bot8677091828:AAF6Tsxq2JYSEX6EM8mPQFS_LUyStnHGXRE/getUpdates "HTTP/1.1 200 OK"
2026-06-07 12:59:36,213 [INFO] httpx: HTTP Request: POST https://api.telegram.org/bot8677091828:AAF6Tsxq2JYSEX6EM8mPQFS_LUyStnHGXRE/getUpdates "HTTP/1.1 200 OK"
2026-06-07 12:59:46,398 [INFO] httpx: HTTP Request: POST https://api.telegram.org/bot8677091828:AAF6Tsxq2JYSEX6EM8mPQFS_LUyStnHGXRE/getUpdates "HTTP/1.1 200 OK"
2026-06-07 12:59:56,584 [INFO] httpx: HTTP Request: POST https://api.telegram.org/bot8677091828:AAF6Tsxq2JYSEX6EM8mPQFS_LUyStnHGXRE/getUpdates "HTTP/1.1 200 OK"
2026-06-07 13:00:06,773 [INFO] httpx: HTTP Request: POST https://api.telegram.org/bot8677091828:AAF6Tsxq2JYSEX6EM8mPQFS_LUyStnHGXRE/getUpdates "HTTP/1.1 200 OK"
2026-06-07 13:00:16,960 [INFO] httpx: HTTP Request: POST https://api.telegram.org/bot8677091828:AAF6Tsxq2JYSEX6EM8mPQFS_LUyStnHGXRE/getUpdates "HTTP/1.1 200 OK"
2026-06-07 13:00:27,151 [INFO] httpx: HTTP Request: POST https://api.telegram.org/bot8677091828:AAF6Tsxq2JYSEX6EM8mPQFS_LUyStnHGXRE/getUpdates "HTTP/1.1 200 OK"
2026-06-07 13:00:37,342 [INFO] httpx: HTTP Request: POST https://api.telegram.org/bot8677091828:AAF6Tsxq2JYSEX6EM8mPQFS_LUyStnHGXRE/getUpdates "HTTP/1.1 200 OK"
2026-06-07 13:00:47,525 [INFO] httpx: HTTP Request: POST https://api.telegram.org/bot8677091828:AAF6Tsxq2JYSEX6EM8mPQFS_LUyStnHGXRE/getUpdates "HTTP/1.1 200 OK"
2026-06-07 13:00:57,714 [INFO] httpx: HTTP Request: POST https://api.telegram.org/bot8677091828:AAF6Tsxq2JYSEX6EM8mPQFS_LUyStnHGXRE/getUpdates "HTTP/1.1 200 OK"
2026-06-07 13:01:07,894 [INFO] httpx: HTTP Request: POST https://api.telegram.org/bot8677091828:AAF6Tsxq2JYSEX6EM8mPQFS_LUyStnHGXRE/getUpdates "HTTP/1.1 200 OK"
2026-06-07 13:01:18,075 [INFO] httpx: HTTP Request: POST https://api.telegram.org/bot8677091828:AAF6Tsxq2JYSEX6EM8mPQFS_LUyStnHGXRE/getUpdates "HTTP/1.1 200 OK"
2026-06-07 13:01:28,257 [INFO] httpx: HTTP Request: POST https://api.telegram.org/bot8677091828:AAF6Tsxq2JYSEX6EM8mPQFS_LUyStnHGXRE/getUpdates "HTTP/1.1 200 OK"
2026-06-07 13:01:38,451 [INFO] httpx: HTTP Request: POST https://api.telegram.org/bot8677091828:AAF6Tsxq2JYSEX6EM8mPQFS_LUyStnHGXRE/getUpdates "HTTP/1.1 200 OK"
2026-06-07 13:01:48,634 [INFO] httpx: HTTP Request: POST https://api.telegram.org/bot8677091828:AAF6Tsxq2JYSEX6EM8mPQFS_LUyStnHGXRE/getUpdates "HTTP/1.1 200 OK"
2026-06-07 13:01:58,836 [INFO] httpx: HTTP Request: POST https://api.telegram.org/bot8677091828:AAF6Tsxq2JYSEX6EM8mPQFS_LUyStnHGXRE/getUpdates "HTTP/1.1 200 OK"
2026-06-07 13:02:09,047 [INFO] httpx: HTTP Request: POST https://api.telegram.org/bot8677091828:AAF6Tsxq2JYSEX6EM8mPQFS_LUyStnHGXRE/getUpdates "HTTP/1.1 200 OK"
2026-06-07 13:02:19,257 [INFO] httpx: HTTP Request: POST https://api.telegram.org/bot8677091828:AAF6Tsxq2JYSEX6EM8mPQFS_LUyStnHGXRE/getUpdates "HTTP/1.1 200 OK"
2026-06-07 13:02:29,454 [INFO] httpx: HTTP Request: POST https://api.telegram.org/bot8677091828:AAF6Tsxq2JYSEX6EM8mPQFS_LUyStnHGXRE/getUpdates "HTTP/1.1 200 OK"
2026-06-07 13:02:39,723 [INFO] httpx: HTTP Request: POST https://api.telegram.org/bot8677091828:AAF6Tsxq2JYSEX6EM8mPQFS_LUyStnHGXRE/getUpdates "HTTP/1.1 200 OK"
2026-06-07 13:02:49,933 [INFO] httpx: HTTP Request: POST https://api.telegram.org/bot8677091828:AAF6Tsxq2JYSEX6EM8mPQFS_LUyStnHGXRE/getUpdates "HTTP/1.1 200 OK"
2026-06-07 13:03:00,121 [INFO] httpx: HTTP Request: POST https://api.telegram.org/bot8677091828:AAF6Tsxq2JYSEX6EM8mPQFS_LUyStnHGXRE/getUpdates "HTTP/1.1 200 OK"
2026-06-07 13:03:10,320 [INFO] httpx: HTTP Request: POST https://api.telegram.org/bot8677091828:AAF6Tsxq2JYSEX6EM8mPQFS_LUyStnHGXRE/getUpdates "HTTP/1.1 200 OK"
2026-06-07 13:03:20,498 [INFO] httpx: HTTP Request: POST https://api.telegram.org/bot8677091828:AAF6Tsxq2JYSEX6EM8mPQFS_LUyStnHGXRE/getUpdates "HTTP/1.1 200 OK"
2026-06-07 13:03:30,689 [INFO] httpx: HTTP Request: POST https://api.telegram.org/bot8677091828:AAF6Tsxq2JYSEX6EM8mPQFS_LUyStnHGXRE/getUpdates "HTTP/1.1 200 OK"
2026-06-07 13:03:40,881 [INFO] httpx: HTTP Request: POST https://api.telegram.org/bot8677091828:AAF6Tsxq2JYSEX6EM8mPQFS_LUyStnHGXRE/getUpdates "HTTP/1.1 200 OK"
2026-06-07 13:03:51,065 [INFO] httpx: HTTP Request: POST https://api.telegram.org/bot8677091828:AAF6Tsxq2JYSEX6EM8mPQFS_LUyStnHGXRE/getUpdates "HTTP/1.1 200 OK"
2026-06-07 13:04:01,251 [INFO] httpx: HTTP Request: POST https://api.telegram.org/bot8677091828:AAF6Tsxq2JYSEX6EM8mPQFS_LUyStnHGXRE/getUpdates "HTTP/1.1 200 OK"
2026-06-07 13:04:11,432 [INFO] httpx: HTTP Request: POST https://api.telegram.org/bot8677091828:AAF6Tsxq2JYSEX6EM8mPQFS_LUyStnHGXRE/getUpdates "HTTP/1.1 200 OK"
2026-06-07 13:04:21,612 [INFO] httpx: HTTP Request: POST https://api.telegram.org/bot8677091828:AAF6Tsxq2JYSEX6EM8mPQFS_LUyStnHGXRE/getUpdates "HTTP/1.1 200 OK"
2026-06-07 13:04:31,802 [INFO] httpx: HTTP Request: POST https://api.telegram.org/bot8677091828:AAF6Tsxq2JYSEX6EM8mPQFS_LUyStnHGXRE/getUpdates "HTTP/1.1 200 OK"
2026-06-07 13:04:41,991 [INFO] httpx: HTTP Request: POST https://api.telegram.org/bot8677091828:AAF6Tsxq2JYSEX6EM8mPQFS_LUyStnHGXRE/getUpdates "HTTP/1.1 200 OK"
2026-06-07 13:04:52,174 [INFO] httpx: HTTP Request: POST https://api.telegram.org/bot8677091828:AAF6Tsxq2JYSEX6EM8mPQFS_LUyStnHGXRE/getUpdates "HTTP/1.1 200 OK"
2026-06-07 13:05:02,416 [INFO] httpx: HTTP Request: POST https://api.telegram.org/bot8677091828:AAF6Tsxq2JYSEX6EM8mPQFS_LUyStnHGXRE/getUpdates "HTTP/1.1 200 OK"
2026-06-07 13:05:13,006 [INFO] httpx: HTTP Request: POST https://api.telegram.org/bot8677091828:AAF6Tsxq2JYSEX6EM8mPQFS_LUyStnHGXRE/getUpdates "HTTP/1.1 200 OK"
2026-06-07 13:05:23,187 [INFO] httpx: HTTP Request: POST https://api.telegram.org/bot8677091828:AAF6Tsxq2JYSEX6EM8mPQFS_LUyStnHGXRE/getUpdates "HTTP/1.1 200 OK"
2026-06-07 13:05:33,382 [INFO] httpx: HTTP Request: POST https://api.telegram.org/bot8677091828:AAF6Tsxq2JYSEX6EM8mPQFS_LUyStnHGXRE/getUpdates "HTTP/1.1 200 OK"
2026-06-07 13:05:43,571 [INFO] httpx: HTTP Request: POST https://api.telegram.org/bot8677091828:AAF6Tsxq2JYSEX6EM8mPQFS_LUyStnHGXRE/getUpdates "HTTP/1.1 200 OK"
2026-06-07 13:05:53,756 [INFO] httpx: HTTP Request: POST https://api.telegram.org/bot8677091828:AAF6Tsxq2JYSEX6EM8mPQFS_LUyStnHGXRE/getUpdates "HTTP/1.1 200 OK"
2026-06-07 13:06:03,938 [INFO] httpx: HTTP Request: POST https://api.telegram.org/bot8677091828:AAF6Tsxq2JYSEX6EM8mPQFS_LUyStnHGXRE/getUpdates "HTTP/1.1 200 OK"
2026-06-07 13:06:14,114 [INFO] httpx: HTTP Request: POST https://api.telegram.org/bot8677091828:AAF6Tsxq2JYSEX6EM8mPQFS_LUyStnHGXRE/getUpdates "HTTP/1.1 200 OK"
2026-06-07 13:06:24,307 [INFO] httpx: HTTP Request: POST https://api.telegram.org/bot8677091828:AAF6Tsxq2JYSEX6EM8mPQFS_LUyStnHGXRE/getUpdates "HTTP/1.1 200 OK"
2026-06-07 13:06:34,496 [INFO] httpx: HTTP Request: POST https://api.telegram.org/bot8677091828:AAF6Tsxq2JYSEX6EM8mPQFS_LUyStnHGXRE/getUpdates "HTTP/1.1 200 OK"
2026-06-07 13:06:44,695 [INFO] httpx: HTTP Request: POST https://api.telegram.org/bot8677091828:AAF6Tsxq2JYSEX6EM8mPQFS_LUyStnHGXRE/getUpdates "HTTP/1.1 200 OK"
2026-06-07 13:06:54,891 [INFO] httpx: HTTP Request: POST https://api.telegram.org/bot8677091828:AAF6Tsxq2JYSEX6EM8mPQFS_LUyStnHGXRE/getUpdates "HTTP/1.1 200 OK"
2026-06-07 13:07:05,074 [INFO] httpx: HTTP Request: POST https://api.telegram.org/bot8677091828:AAF6Tsxq2JYSEX6EM8mPQFS_LUyStnHGXRE/getUpdates "HTTP/1.1 200 OK"
2026-06-07 13:07:15,255 [INFO] httpx: HTTP Request: POST https://api.telegram.org/bot8677091828:AAF6Tsxq2JYSEX6EM8mPQFS_LUyStnHGXRE/getUpdates "HTTP/1.1 200 OK"
2026-06-07 13:07:25,450 [INFO] httpx: HTTP Request: POST https://api.telegram.org/bot8677091828:AAF6Tsxq2JYSEX6EM8mPQFS_LUyStnHGXRE/getUpdates "HTTP/1.1 200 OK"
2026-06-07 13:07:35,645 [INFO] httpx: HTTP Request: POST https://api.telegram.org/bot8677091828:AAF6Tsxq2JYSEX6EM8mPQFS_LUyStnHGXRE/getUpdates "HTTP/1.1 200 OK"
2026-06-07 13:07:45,826 [INFO] httpx: HTTP Request: POST https://api.telegram.org/bot8677091828:AAF6Tsxq2JYSEX6EM8mPQFS_LUyStnHGXRE/getUpdates "HTTP/1.1 200 OK"
2026-06-07 13:07:56,040 [INFO] httpx: HTTP Request: POST https://api.telegram.org/bot8677091828:AAF6Tsxq2JYSEX6EM8mPQFS_LUyStnHGXRE/getUpdates "HTTP/1.1 200 OK"
2026-06-07 13:08:06,229 [INFO] httpx: HTTP Request: POST https://api.telegram.org/bot8677091828:AAF6Tsxq2JYSEX6EM8mPQFS_LUyStnHGXRE/getUpdates "HTTP/1.1 200 OK"
2026-06-07 13:08:16,410 [INFO] httpx: HTTP Request: POST https://api.telegram.org/bot8677091828:AAF6Tsxq2JYSEX6EM8mPQFS_LUyStnHGXRE/getUpdates "HTTP/1.1 200 OK"
2026-06-07 13:08:26,594 [INFO] httpx: HTTP Request: POST https://api.telegram.org/bot8677091828:AAF6Tsxq2JYSEX6EM8mPQFS_LUyStnHGXRE/getUpdates "HTTP/1.1 200 OK"
2026-06-07 13:08:36,786 [INFO] httpx: HTTP Request: POST https://api.telegram.org/bot8677091828:AAF6Tsxq2JYSEX6EM8mPQFS_LUyStnHGXRE/getUpdates "HTTP/1.1 200 OK"
2026-06-07 13:08:46,967 [INFO] httpx: HTTP Request: POST https://api.telegram.org/bot8677091828:AAF6Tsxq2JYSEX6EM8mPQFS_LUyStnHGXRE/getUpdates "HTTP/1.1 200 OK"
2026-06-07 13:08:57,144 [INFO] httpx: HTTP Request: POST https://api.telegram.org/bot8677091828:AAF6Tsxq2JYSEX6EM8mPQFS_LUyStnHGXRE/getUpdates "HTTP/1.1 200 OK"
2026-06-07 13:09:07,341 [INFO] httpx: HTTP Request: POST https://api.telegram.org/bot8677091828:AAF6Tsxq2JYSEX6EM8mPQFS_LUyStnHGXRE/getUpdates "HTTP/1.1 200 OK"
2026-06-07 13:09:17,547 [INFO] httpx: HTTP Request: POST https://api.telegram.org/bot8677091828:AAF6Tsxq2JYSEX6EM8mPQFS_LUyStnHGXRE/getUpdates "HTTP/1.1 200 OK"
2026-06-07 13:09:27,735 [INFO] httpx: HTTP Request: POST https://api.telegram.org/bot8677091828:AAF6Tsxq2JYSEX6EM8mPQFS_LUyStnHGXRE/getUpdates "HTTP/1.1 200 OK"
2026-06-07 13:09:37,917 [INFO] httpx: HTTP Request: POST https://api.telegram.org/bot8677091828:AAF6Tsxq2JYSEX6EM8mPQFS_LUyStnHGXRE/getUpdates "HTTP/1.1 200 OK"
2026-06-07 13:09:48,101 [INFO] httpx: HTTP Request: POST https://api.telegram.org/bot8677091828:AAF6Tsxq2JYSEX6EM8mPQFS_LUyStnHGXRE/getUpdates "HTTP/1.1 200 OK"
2026-06-07 13:09:58,320 [INFO] httpx: HTTP Request: POST https://api.telegram.org/bot8677091828:AAF6Tsxq2JYSEX6EM8mPQFS_LUyStnHGXRE/getUpdates "HTTP/1.1 200 OK"
2026-06-07 13:10:08,515 [INFO] httpx: HTTP Request: POST https://api.telegram.org/bot8677091828:AAF6Tsxq2JYSEX6EM8mPQFS_LUyStnHGXRE/getUpdates "HTTP/1.1 200 OK"
2026-06-07 13:10:18,704 [INFO] httpx: HTTP Request: POST https://api.telegram.org/bot8677091828:AAF6Tsxq2JYSEX6EM8mPQFS_LUyStnHGXRE/getUpdates "HTTP/1.1 200 OK"
2026-06-07 13:10:28,883 [INFO] httpx: HTTP Request: POST https://api.telegram.org/bot8677091828:AAF6Tsxq2JYSEX6EM8mPQFS_LUyStnHGXRE/getUpdates "HTTP/1.1 200 OK"
2026-06-07 13:10:39,068 [INFO] httpx: HTTP Request: POST https://api.telegram.org/bot8677091828:AAF6Tsxq2JYSEX6EM8mPQFS_LUyStnHGXRE/getUpdates "HTTP/1.1 200 OK"
2026-06-07 13:10:49,263 [INFO] httpx: HTTP Request: POST https://api.telegram.org/bot8677091828:AAF6Tsxq2JYSEX6EM8mPQFS_LUyStnHGXRE/getUpdates "HTTP/1.1 200 OK"
2026-06-07 13:10:59,447 [INFO] httpx: HTTP Request: POST https://api.telegram.org/bot8677091828:AAF6Tsxq2JYSEX6EM8mPQFS_LUyStnHGXRE/getUpdates "HTTP/1.1 200 OK"
2026-06-07 13:11:09,630 [INFO] httpx: HTTP Request: POST https://api.telegram.org/bot8677091828:AAF6Tsxq2JYSEX6EM8mPQFS_LUyStnHGXRE/getUpdates "HTTP/1.1 200 OK"
2026-06-07 13:11:19,829 [INFO] httpx: HTTP Request: POST https://api.telegram.org/bot8677091828:AAF6Tsxq2JYSEX6EM8mPQFS_LUyStnHGXRE/getUpdates "HTTP/1.1 200 OK"
2026-06-07 13:11:30,016 [INFO] httpx: HTTP Request: POST https://api.telegram.org/bot8677091828:AAF6Tsxq2JYSEX6EM8mPQFS_LUyStnHGXRE/getUpdates "HTTP/1.1 200 OK"
2026-06-07 13:11:40,611 [INFO] httpx: HTTP Request: POST https://api.telegram.org/bot8677091828:AAF6Tsxq2JYSEX6EM8mPQFS_LUyStnHGXRE/getUpdates "HTTP/1.1 200 OK"
2026-06-07 13:11:50,795 [INFO] httpx: HTTP Request: POST https://api.telegram.org/bot8677091828:AAF6Tsxq2JYSEX6EM8mPQFS_LUyStnHGXRE/getUpdates "HTTP/1.1 200 OK"
2026-06-07 13:12:00,981 [INFO] httpx: HTTP Request: POST https://api.telegram.org/bot8677091828:AAF6Tsxq2JYSEX6EM8mPQFS_LUyStnHGXRE/getUpdates "HTTP/1.1 200 OK"
2026-06-07 13:12:11,160 [INFO] httpx: HTTP Request: POST https://api.telegram.org/bot8677091828:AAF6Tsxq2JYSEX6EM8mPQFS_LUyStnHGXRE/getUpdates "HTTP/1.1 200 OK"
2026-06-07 13:12:21,340 [INFO] httpx: HTTP Request: POST https://api.telegram.org/bot8677091828:AAF6Tsxq2JYSEX6EM8mPQFS_LUyStnHGXRE/getUpdates "HTTP/1.1 200 OK"
2026-06-07 13:12:31,540 [INFO] httpx: HTTP Request: POST https://api.telegram.org/bot8677091828:AAF6Tsxq2JYSEX6EM8mPQFS_LUyStnHGXRE/getUpdates "HTTP/1.1 200 OK"
2026-06-07 13:12:41,787 [INFO] httpx: HTTP Request: POST https://api.telegram.org/bot8677091828:AAF6Tsxq2JYSEX6EM8mPQFS_LUyStnHGXRE/getUpdates "HTTP/1.1 200 OK"
2026-06-07 13:12:51,985 [INFO] httpx: HTTP Request: POST https://api.telegram.org/bot8677091828:AAF6Tsxq2JYSEX6EM8mPQFS_LUyStnHGXRE/getUpdates "HTTP/1.1 200 OK"
2026-06-07 13:13:02,173 [INFO] httpx: HTTP Request: POST https://api.telegram.org/bot8677091828:AAF6Tsxq2JYSEX6EM8mPQFS_LUyStnHGXRE/getUpdates "HTTP/1.1 200 OK"
2026-06-07 13:13:12,847 [INFO] httpx: HTTP Request: POST https://api.telegram.org/bot8677091828:AAF6Tsxq2JYSEX6EM8mPQFS_LUyStnHGXRE/getUpdates "HTTP/1.1 200 OK"
2026-06-07 13:13:23,025 [INFO] httpx: HTTP Request: POST https://api.telegram.org/bot8677091828:AAF6Tsxq2JYSEX6EM8mPQFS_LUyStnHGXRE/getUpdates "HTTP/1.1 200 OK"
2026-06-07 13:13:33,210 [INFO] httpx: HTTP Request: POST https://api.telegram.org/bot8677091828:AAF6Tsxq2JYSEX6EM8mPQFS_LUyStnHGXRE/getUpdates "HTTP/1.1 200 OK"
2026-06-07 13:13:43,389 [INFO] httpx: HTTP Request: POST https://api.telegram.org/bot8677091828:AAF6Tsxq2JYSEX6EM8mPQFS_LUyStnHGXRE/getUpdates "HTTP/1.1 200 OK"
2026-06-07 13:13:53,566 [INFO] httpx: HTTP Request: POST https://api.telegram.org/bot8677091828:AAF6Tsxq2JYSEX6EM8mPQFS_LUyStnHGXRE/getUpdates "HTTP/1.1 200 OK"
2026-06-07 13:14:03,744 [INFO] httpx: HTTP Request: POST https://api.telegram.org/bot8677091828:AAF6Tsxq2JYSEX6EM8mPQFS_LUyStnHGXRE/getUpdates "HTTP/1.1 200 OK"
2026-06-07 13:14:13,933 [INFO] httpx: HTTP Request: POST https://api.telegram.org/bot8677091828:AAF6Tsxq2JYSEX6EM8mPQFS_LUyStnHGXRE/getUpdates "HTTP/1.1 200 OK"
2026-06-07 13:14:24,108 [INFO] httpx: HTTP Request: POST https://api.telegram.org/bot8677091828:AAF6Tsxq2JYSEX6EM8mPQFS_LUyStnHGXRE/getUpdates "HTTP/1.1 200 OK"
2026-06-07 13:14:34,282 [INFO] httpx: HTTP Request: POST https://api.telegram.org/bot8677091828:AAF6Tsxq2JYSEX6EM8mPQFS_LUyStnHGXRE/getUpdates "HTTP/1.1 200 OK"
2026-06-07 13:14:44,462 [INFO] httpx: HTTP Request: POST https://api.telegram.org/bot8677091828:AAF6Tsxq2JYSEX6EM8mPQFS_LUyStnHGXRE/getUpdates "HTTP/1.1 200 OK"
2026-06-07 13:14:54,634 [INFO] httpx: HTTP Request: POST https://api.telegram.org/bot8677091828:AAF6Tsxq2JYSEX6EM8mPQFS_LUyStnHGXRE/getUpdates "HTTP/1.1 200 OK"
2026-06-07 13:15:04,820 [INFO] httpx: HTTP Request: POST https://api.telegram.org/bot8677091828:AAF6Tsxq2JYSEX6EM8mPQFS_LUyStnHGXRE/getUpdates "HTTP/1.1 200 OK"
2026-06-07 13:15:15,000 [INFO] httpx: HTTP Request: POST https://api.telegram.org/bot8677091828:AAF6Tsxq2JYSEX6EM8mPQFS_LUyStnHGXRE/getUpdates "HTTP/1.1 200 OK"
2026-06-07 13:15:25,197 [INFO] httpx: HTTP Request: POST https://api.telegram.org/bot8677091828:AAF6Tsxq2JYSEX6EM8mPQFS_LUyStnHGXRE/getUpdates "HTTP/1.1 200 OK"
2026-06-07 13:15:35,386 [INFO] httpx: HTTP Request: POST https://api.telegram.org/bot8677091828:AAF6Tsxq2JYSEX6EM8mPQFS_LUyStnHGXRE/getUpdates "HTTP/1.1 200 OK"
2026-06-07 13:15:45,564 [INFO] httpx: HTTP Request: POST https://api.telegram.org/bot8677091828:AAF6Tsxq2JYSEX6EM8mPQFS_LUyStnHGXRE/getUpdates "HTTP/1.1 200 OK"
2026-06-07 13:15:55,740 [INFO] httpx: HTTP Request: POST https://api.telegram.org/bot8677091828:AAF6Tsxq2JYSEX6EM8mPQFS_LUyStnHGXRE/getUpdates "HTTP/1.1 200 OK"
2026-06-07 13:16:05,919 [INFO] httpx: HTTP Request: POST https://api.telegram.org/bot8677091828:AAF6Tsxq2JYSEX6EM8mPQFS_LUyStnHGXRE/getUpdates "HTTP/1.1 200 OK"
2026-06-07 13:16:16,105 [INFO] httpx: HTTP Request: POST https://api.telegram.org/bot8677091828:AAF6Tsxq2JYSEX6EM8mPQFS_LUyStnHGXRE/getUpdates "HTTP/1.1 200 OK"
2026-06-07 13:16:26,293 [INFO] httpx: HTTP Request: POST https://api.telegram.org/bot8677091828:AAF6Tsxq2JYSEX6EM8mPQFS_LUyStnHGXRE/getUpdates "HTTP/1.1 200 OK"
2026-06-07 13:16:36,491 [INFO] httpx: HTTP Request: POST https://api.telegram.org/bot8677091828:AAF6Tsxq2JYSEX6EM8mPQFS_LUyStnHGXRE/getUpdates "HTTP/1.1 200 OK"
2026-06-07 13:16:46,685 [INFO] httpx: HTTP Request: POST https://api.telegram.org/bot8677091828:AAF6Tsxq2JYSEX6EM8mPQFS_LUyStnHGXRE/getUpdates "HTTP/1.1 200 OK"
2026-06-07 13:16:56,880 [INFO] httpx: HTTP Request: POST https://api.telegram.org/bot8677091828:AAF6Tsxq2JYSEX6EM8mPQFS_LUyStnHGXRE/getUpdates "HTTP/1.1 200 OK"
2026-06-07 13:17:07,061 [INFO] httpx: HTTP Request: POST https://api.telegram.org/bot8677091828:AAF6Tsxq2JYSEX6EM8mPQFS_LUyStnHGXRE/getUpdates "HTTP/1.1 200 OK"
2026-06-07 13:17:17,237 [INFO] httpx: HTTP Request: POST https://api.telegram.org/bot8677091828:AAF6Tsxq2JYSEX6EM8mPQFS_LUyStnHGXRE/getUpdates "HTTP/1.1 200 OK"
2026-06-07 13:17:27,414 [INFO] httpx: HTTP Request: POST https://api.telegram.org/bot8677091828:AAF6Tsxq2JYSEX6EM8mPQFS_LUyStnHGXRE/getUpdates "HTTP/1.1 200 OK"
2026-06-07 13:17:37,602 [INFO] httpx: HTTP Request: POST https://api.telegram.org/bot8677091828:AAF6Tsxq2JYSEX6EM8mPQFS_LUyStnHGXRE/getUpdates "HTTP/1.1 200 OK"
2026-06-07 13:17:47,778 [INFO] httpx: HTTP Request: POST https://api.telegram.org/bot8677091828:AAF6Tsxq2JYSEX6EM8mPQFS_LUyStnHGXRE/getUpdates "HTTP/1.1 200 OK"
2026-06-07 13:17:57,954 [INFO] httpx: HTTP Request: POST https://api.telegram.org/bot8677091828:AAF6Tsxq2JYSEX6EM8mPQFS_LUyStnHGXRE/getUpdates "HTTP/1.1 200 OK"
2026-06-07 13:18:08,138 [INFO] httpx: HTTP Request: POST https://api.telegram.org/bot8677091828:AAF6Tsxq2JYSEX6EM8mPQFS_LUyStnHGXRE/getUpdates "HTTP/1.1 200 OK"
2026-06-07 13:18:18,319 [INFO] httpx: HTTP Request: POST https://api.telegram.org/bot8677091828:AAF6Tsxq2JYSEX6EM8mPQFS_LUyStnHGXRE/getUpdates "HTTP/1.1 200 OK"
2026-06-07 13:18:28,494 [INFO] httpx: HTTP Request: POST https://api.telegram.org/bot8677091828:AAF6Tsxq2JYSEX6EM8mPQFS_LUyStnHGXRE/getUpdates "HTTP/1.1 200 OK"
2026-06-07 13:18:38,678 [INFO] httpx: HTTP Request: POST https://api.telegram.org/bot8677091828:AAF6Tsxq2JYSEX6EM8mPQFS_LUyStnHGXRE/getUpdates "HTTP/1.1 200 OK"
2026-06-07 13:18:48,853 [INFO] httpx: HTTP Request: POST https://api.telegram.org/bot8677091828:AAF6Tsxq2JYSEX6EM8mPQFS_LUyStnHGXRE/getUpdates "HTTP/1.1 200 OK"
2026-06-07 13:18:59,027 [INFO] httpx: HTTP Request: POST https://api.telegram.org/bot8677091828:AAF6Tsxq2JYSEX6EM8mPQFS_LUyStnHGXRE/getUpdates "HTTP/1.1 200 OK"
2026-06-07 13:19:09,211 [INFO] httpx: HTTP Request: POST https://api.telegram.org/bot8677091828:AAF6Tsxq2JYSEX6EM8mPQFS_LUyStnHGXRE/getUpdates "HTTP/1.1 200 OK"
2026-06-07 13:19:19,423 [INFO] httpx: HTTP Request: POST https://api.telegram.org/bot8677091828:AAF6Tsxq2JYSEX6EM8mPQFS_LUyStnHGXRE/getUpdates "HTTP/1.1 200 OK"
2026-06-07 13:19:29,597 [INFO] httpx: HTTP Request: POST https://api.telegram.org/bot8677091828:AAF6Tsxq2JYSEX6EM8mPQFS_LUyStnHGXRE/getUpdates "HTTP/1.1 200 OK"
2026-06-07 13:19:39,776 [INFO] httpx: HTTP Request: POST https://api.telegram.org/bot8677091828:AAF6Tsxq2JYSEX6EM8mPQFS_LUyStnHGXRE/getUpdates "HTTP/1.1 200 OK"
2026-06-07 13:19:49,978 [INFO] httpx: HTTP Request: POST https://api.telegram.org/bot8677091828:AAF6Tsxq2JYSEX6EM8mPQFS_LUyStnHGXRE/getUpdates "HTTP/1.1 200 OK"
2026-06-07 13:20:00,154 [INFO] httpx: HTTP Request: POST https://api.telegram.org/bot8677091828:AAF6Tsxq2JYSEX6EM8mPQFS_LUyStnHGXRE/getUpdates "HTTP/1.1 200 OK"
2026-06-07 13:20:10,352 [INFO] httpx: HTTP Request: POST https://api.telegram.org/bot8677091828:AAF6Tsxq2JYSEX6EM8mPQFS_LUyStnHGXRE/getUpdates "HTTP/1.1 200 OK"
2026-06-07 13:20:20,534 [INFO] httpx: HTTP Request: POST https://api.telegram.org/bot8677091828:AAF6Tsxq2JYSEX6EM8mPQFS_LUyStnHGXRE/getUpdates "HTTP/1.1 200 OK"
2026-06-07 13:20:30,729 [INFO] httpx: HTTP Request: POST https://api.telegram.org/bot8677091828:AAF6Tsxq2JYSEX6EM8mPQFS_LUyStnHGXRE/getUpdates "HTTP/1.1 200 OK"
2026-06-07 13:20:40,914 [INFO] httpx: HTTP Request: POST https://api.telegram.org/bot8677091828:AAF6Tsxq2JYSEX6EM8mPQFS_LUyStnHGXRE/getUpdates "HTTP/1.1 200 OK"
2026-06-07 13:20:51,094 [INFO] httpx: HTTP Request: POST https://api.telegram.org/bot8677091828:AAF6Tsxq2JYSEX6EM8mPQFS_LUyStnHGXRE/getUpdates "HTTP/1.1 200 OK"
2026-06-07 13:21:01,279 [INFO] httpx: HTTP Request: POST https://api.telegram.org/bot8677091828:AAF6Tsxq2JYSEX6EM8mPQFS_LUyStnHGXRE/getUpdates "HTTP/1.1 200 OK"
2026-06-07 13:21:11,476 [INFO] httpx: HTTP Request: POST https://api.telegram.org/bot8677091828:AAF6Tsxq2JYSEX6EM8mPQFS_LUyStnHGXRE/getUpdates "HTTP/1.1 200 OK"
2026-06-07 13:21:21,656 [INFO] httpx: HTTP Request: POST https://api.telegram.org/bot8677091828:AAF6Tsxq2JYSEX6EM8mPQFS_LUyStnHGXRE/getUpdates "HTTP/1.1 200 OK"
2026-06-07 13:21:31,850 [INFO] httpx: HTTP Request: POST https://api.telegram.org/bot8677091828:AAF6Tsxq2JYSEX6EM8mPQFS_LUyStnHGXRE/getUpdates "HTTP/1.1 200 OK"
2026-06-07 13:21:42,029 [INFO] httpx: HTTP Request: POST https://api.telegram.org/bot8677091828:AAF6Tsxq2JYSEX6EM8mPQFS_LUyStnHGXRE/getUpdates "HTTP/1.1 200 OK"
2026-06-07 13:21:52,204 [INFO] httpx: HTTP Request: POST https://api.telegram.org/bot8677091828:AAF6Tsxq2JYSEX6EM8mPQFS_LUyStnHGXRE/getUpdates "HTTP/1.1 200 OK"
2026-06-07 13:22:02,380 [INFO] httpx: HTTP Request: POST https://api.telegram.org/bot8677091828:AAF6Tsxq2JYSEX6EM8mPQFS_LUyStnHGXRE/getUpdates "HTTP/1.1 200 OK"
2026-06-07 13:22:12,554 [INFO] httpx: HTTP Request: POST https://api.telegram.org/bot8677091828:AAF6Tsxq2JYSEX6EM8mPQFS_LUyStnHGXRE/getUpdates "HTTP/1.1 200 OK"
2026-06-07 13:22:22,739 [INFO] httpx: HTTP Request: POST https://api.telegram.org/bot8677091828:AAF6Tsxq2JYSEX6EM8mPQFS_LUyStnHGXRE/getUpdates "HTTP/1.1 200 OK"
2026-06-07 13:22:32,922 [INFO] httpx: HTTP Request: POST https://api.telegram.org/bot8677091828:AAF6Tsxq2JYSEX6EM8mPQFS_LUyStnHGXRE/getUpdates "HTTP/1.1 200 OK"
2026-06-07 13:22:43,105 [INFO] httpx: HTTP Request: POST https://api.telegram.org/bot8677091828:AAF6Tsxq2JYSEX6EM8mPQFS_LUyStnHGXRE/getUpdates "HTTP/1.1 200 OK"
2026-06-07 13:22:53,288 [INFO] httpx: HTTP Request: POST https://api.telegram.org/bot8677091828:AAF6Tsxq2JYSEX6EM8mPQFS_LUyStnHGXRE/getUpdates "HTTP/1.1 200 OK"
2026-06-07 13:23:03,465 [INFO] httpx: HTTP Request: POST https://api.telegram.org/bot8677091828:AAF6Tsxq2JYSEX6EM8mPQFS_LUyStnHGXRE/getUpdates "HTTP/1.1 200 OK"
2026-06-07 13:23:13,651 [INFO] httpx: HTTP Request: POST https://api.telegram.org/bot8677091828:AAF6Tsxq2JYSEX6EM8mPQFS_LUyStnHGXRE/getUpdates "HTTP/1.1 200 OK"
2026-06-07 13:23:23,835 [INFO] httpx: HTTP Request: POST https://api.telegram.org/bot8677091828:AAF6Tsxq2JYSEX6EM8mPQFS_LUyStnHGXRE/getUpdates "HTTP/1.1 200 OK"
2026-06-07 13:23:34,010 [INFO] httpx: HTTP Request: POST https://api.telegram.org/bot8677091828:AAF6Tsxq2JYSEX6EM8mPQFS_LUyStnHGXRE/getUpdates "HTTP/1.1 200 OK"
2026-06-07 13:23:44,191 [INFO] httpx: HTTP Request: POST https://api.telegram.org/bot8677091828:AAF6Tsxq2JYSEX6EM8mPQFS_LUyStnHGXRE/getUpdates "HTTP/1.1 200 OK"
2026-06-07 13:23:54,392 [INFO] httpx: HTTP Request: POST https://api.telegram.org/bot8677091828:AAF6Tsxq2JYSEX6EM8mPQFS_LUyStnHGXRE/getUpdates "HTTP/1.1 200 OK"
2026-06-07 13:24:04,568 [INFO] httpx: HTTP Request: POST https://api.telegram.org/bot8677091828:AAF6Tsxq2JYSEX6EM8mPQFS_LUyStnHGXRE/getUpdates "HTTP/1.1 200 OK"
2026-06-07 13:24:14,746 [INFO] httpx: HTTP Request: POST https://api.telegram.org/bot8677091828:AAF6Tsxq2JYSEX6EM8mPQFS_LUyStnHGXRE/getUpdates "HTTP/1.1 200 OK"
2026-06-07 13:24:24,922 [INFO] httpx: HTTP Request: POST https://api.telegram.org/bot8677091828:AAF6Tsxq2JYSEX6EM8mPQFS_LUyStnHGXRE/getUpdates "HTTP/1.1 200 OK"
2026-06-07 13:24:35,098 [INFO] httpx: HTTP Request: POST https://api.telegram.org/bot8677091828:AAF6Tsxq2JYSEX6EM8mPQFS_LUyStnHGXRE/getUpdates "HTTP/1.1 200 OK"
2026-06-07 13:24:45,276 [INFO] httpx: HTTP Request: POST https://api.telegram.org/bot8677091828:AAF6Tsxq2JYSEX6EM8mPQFS_LUyStnHGXRE/getUpdates "HTTP/1.1 200 OK"
2026-06-07 13:24:55,452 [INFO] httpx: HTTP Request: POST https://api.telegram.org/bot8677091828:AAF6Tsxq2JYSEX6EM8mPQFS_LUyStnHGXRE/getUpdates "HTTP/1.1 200 OK"
2026-06-07 13:25:05,634 [INFO] httpx: HTTP Request: POST https://api.telegram.org/bot8677091828:AAF6Tsxq2JYSEX6EM8mPQFS_LUyStnHGXRE/getUpdates "HTTP/1.1 200 OK"
2026-06-07 13:25:15,809 [INFO] httpx: HTTP Request: POST https://api.telegram.org/bot8677091828:AAF6Tsxq2JYSEX6EM8mPQFS_LUyStnHGXRE/getUpdates "HTTP/1.1 200 OK"
2026-06-07 13:25:26,003 [INFO] httpx: HTTP Request: POST https://api.telegram.org/bot8677091828:AAF6Tsxq2JYSEX6EM8mPQFS_LUyStnHGXRE/getUpdates "HTTP/1.1 200 OK"
2026-06-07 13:25:36,195 [INFO] httpx: HTTP Request: POST https://api.telegram.org/bot8677091828:AAF6Tsxq2JYSEX6EM8mPQFS_LUyStnHGXRE/getUpdates "HTTP/1.1 200 OK"
2026-06-07 13:25:46,384 [INFO] httpx: HTTP Request: POST https://api.telegram.org/bot8677091828:AAF6Tsxq2JYSEX6EM8mPQFS_LUyStnHGXRE/getUpdates "HTTP/1.1 200 OK"
2026-06-07 13:25:56,578 [INFO] httpx: HTTP Request: POST https://api.telegram.org/bot8677091828:AAF6Tsxq2JYSEX6EM8mPQFS_LUyStnHGXRE/getUpdates "HTTP/1.1 200 OK"
2026-06-07 13:26:06,774 [INFO] httpx: HTTP Request: POST https://api.telegram.org/bot8677091828:AAF6Tsxq2JYSEX6EM8mPQFS_LUyStnHGXRE/getUpdates "HTTP/1.1 200 OK"
2026-06-07 13:26:16,949 [INFO] httpx: HTTP Request: POST https://api.telegram.org/bot8677091828:AAF6Tsxq2JYSEX6EM8mPQFS_LUyStnHGXRE/getUpdates "HTTP/1.1 200 OK"
2026-06-07 13:26:27,534 [INFO] httpx: HTTP Request: POST https://api.telegram.org/bot8677091828:AAF6Tsxq2JYSEX6EM8mPQFS_LUyStnHGXRE/getUpdates "HTTP/1.1 200 OK"
2026-06-07 13:26:37,714 [INFO] httpx: HTTP Request: POST https://api.telegram.org/bot8677091828:AAF6Tsxq2JYSEX6EM8mPQFS_LUyStnHGXRE/getUpdates "HTTP/1.1 200 OK"
2026-06-07 13:26:48,302 [INFO] httpx: HTTP Request: POST https://api.telegram.org/bot8677091828:AAF6Tsxq2JYSEX6EM8mPQFS_LUyStnHGXRE/getUpdates "HTTP/1.1 200 OK"
2026-06-07 13:26:58,479 [INFO] httpx: HTTP Request: POST https://api.telegram.org/bot8677091828:AAF6Tsxq2JYSEX6EM8mPQFS_LUyStnHGXRE/getUpdates "HTTP/1.1 200 OK"
2026-06-07 13:27:08,654 [INFO] httpx: HTTP Request: POST https://api.telegram.org/bot8677091828:AAF6Tsxq2JYSEX6EM8mPQFS_LUyStnHGXRE/getUpdates "HTTP/1.1 200 OK"
2026-06-07 13:27:18,840 [INFO] httpx: HTTP Request: POST https://api.telegram.org/bot8677091828:AAF6Tsxq2JYSEX6EM8mPQFS_LUyStnHGXRE/getUpdates "HTTP/1.1 200 OK"
2026-06-07 13:27:29,017 [INFO] httpx: HTTP Request: POST https://api.telegram.org/bot8677091828:AAF6Tsxq2JYSEX6EM8mPQFS_LUyStnHGXRE/getUpdates "HTTP/1.1 200 OK"
2026-06-07 13:27:39,195 [INFO] httpx: HTTP Request: POST https://api.telegram.org/bot8677091828:AAF6Tsxq2JYSEX6EM8mPQFS_LUyStnHGXRE/getUpdates "HTTP/1.1 200 OK"
2026-06-07 13:27:49,380 [INFO] httpx: HTTP Request: POST https://api.telegram.org/bot8677091828:AAF6Tsxq2JYSEX6EM8mPQFS_LUyStnHGXRE/getUpdates "HTTP/1.1 200 OK"
2026-06-07 13:27:59,558 [INFO] httpx: HTTP Request: POST https://api.telegram.org/bot8677091828:AAF6Tsxq2JYSEX6EM8mPQFS_LUyStnHGXRE/getUpdates "HTTP/1.1 200 OK"
2026-06-07 13:28:09,746 [INFO] httpx: HTTP Request: POST https://api.telegram.org/bot8677091828:AAF6Tsxq2JYSEX6EM8mPQFS_LUyStnHGXRE/getUpdates "HTTP/1.1 200 OK"
2026-06-07 13:28:19,936 [INFO] httpx: HTTP Request: POST https://api.telegram.org/bot8677091828:AAF6Tsxq2JYSEX6EM8mPQFS_LUyStnHGXRE/getUpdates "HTTP/1.1 200 OK"
2026-06-07 13:28:30,131 [INFO] httpx: HTTP Request: POST https://api.telegram.org/bot8677091828:AAF6Tsxq2JYSEX6EM8mPQFS_LUyStnHGXRE/getUpdates "HTTP/1.1 200 OK"
2026-06-07 13:28:40,306 [INFO] httpx: HTTP Request: POST https://api.telegram.org/bot8677091828:AAF6Tsxq2JYSEX6EM8mPQFS_LUyStnHGXRE/getUpdates "HTTP/1.1 200 OK"
2026-06-07 13:28:50,481 [INFO] httpx: HTTP Request: POST https://api.telegram.org/bot8677091828:AAF6Tsxq2JYSEX6EM8mPQFS_LUyStnHGXRE/getUpdates "HTTP/1.1 200 OK"
2026-06-07 13:29:00,662 [INFO] httpx: HTTP Request: POST https://api.telegram.org/bot8677091828:AAF6Tsxq2JYSEX6EM8mPQFS_LUyStnHGXRE/getUpdates "HTTP/1.1 200 OK"
2026-06-07 13:29:10,835 [INFO] httpx: HTTP Request: POST https://api.telegram.org/bot8677091828:AAF6Tsxq2JYSEX6EM8mPQFS_LUyStnHGXRE/getUpdates "HTTP/1.1 200 OK"
2026-06-07 13:29:21,029 [INFO] httpx: HTTP Request: POST https://api.telegram.org/bot8677091828:AAF6Tsxq2JYSEX6EM8mPQFS_LUyStnHGXRE/getUpdates "HTTP/1.1 200 OK"
2026-06-07 13:29:31,206 [INFO] httpx: HTTP Request: POST https://api.telegram.org/bot8677091828:AAF6Tsxq2JYSEX6EM8mPQFS_LUyStnHGXRE/getUpdates "HTTP/1.1 200 OK"
2026-06-07 13:29:41,398 [INFO] httpx: HTTP Request: POST https://api.telegram.org/bot8677091828:AAF6Tsxq2JYSEX6EM8mPQFS_LUyStnHGXRE/getUpdates "HTTP/1.1 200 OK"
2026-06-07 13:29:51,571 [INFO] httpx: HTTP Request: POST https://api.telegram.org/bot8677091828:AAF6Tsxq2JYSEX6EM8mPQFS_LUyStnHGXRE/getUpdates "HTTP/1.1 200 OK"
2026-06-07 13:30:01,756 [INFO] httpx: HTTP Request: POST https://api.telegram.org/bot8677091828:AAF6Tsxq2JYSEX6EM8mPQFS_LUyStnHGXRE/getUpdates "HTTP/1.1 200 OK"
2026-06-07 13:30:11,933 [INFO] httpx: HTTP Request: POST https://api.telegram.org/bot8677091828:AAF6Tsxq2JYSEX6EM8mPQFS_LUyStnHGXRE/getUpdates "HTTP/1.1 200 OK"
2026-06-07 13:30:22,108 [INFO] httpx: HTTP Request: POST https://api.telegram.org/bot8677091828:AAF6Tsxq2JYSEX6EM8mPQFS_LUyStnHGXRE/getUpdates "HTTP/1.1 200 OK"
2026-06-07 13:30:32,286 [INFO] httpx: HTTP Request: POST https://api.telegram.org/bot8677091828:AAF6Tsxq2JYSEX6EM8mPQFS_LUyStnHGXRE/getUpdates "HTTP/1.1 200 OK"
2026-06-07 13:30:42,480 [INFO] httpx: HTTP Request: POST https://api.telegram.org/bot8677091828:AAF6Tsxq2JYSEX6EM8mPQFS_LUyStnHGXRE/getUpdates "HTTP/1.1 200 OK"
2026-06-07 13:30:52,664 [INFO] httpx: HTTP Request: POST https://api.telegram.org/bot8677091828:AAF6Tsxq2JYSEX6EM8mPQFS_LUyStnHGXRE/getUpdates "HTTP/1.1 200 OK"
2026-06-07 13:31:02,840 [INFO] httpx: HTTP Request: POST https://api.telegram.org/bot8677091828:AAF6Tsxq2JYSEX6EM8mPQFS_LUyStnHGXRE/getUpdates "HTTP/1.1 200 OK"
2026-06-07 13:31:13,018 [INFO] httpx: HTTP Request: POST https://api.telegram.org/bot8677091828:AAF6Tsxq2JYSEX6EM8mPQFS_LUyStnHGXRE/getUpdates "HTTP/1.1 200 OK"
2026-06-07 13:31:23,197 [INFO] httpx: HTTP Request: POST https://api.telegram.org/bot8677091828:AAF6Tsxq2JYSEX6EM8mPQFS_LUyStnHGXRE/getUpdates "HTTP/1.1 200 OK"
2026-06-07 13:31:33,376 [INFO] httpx: HTTP Request: POST https://api.telegram.org/bot8677091828:AAF6Tsxq2JYSEX6EM8mPQFS_LUyStnHGXRE/getUpdates "HTTP/1.1 200 OK"
2026-06-07 13:31:43,551 [INFO] httpx: HTTP Request: POST https://api.telegram.org/bot8677091828:AAF6Tsxq2JYSEX6EM8mPQFS_LUyStnHGXRE/getUpdates "HTTP/1.1 200 OK"
2026-06-07 13:31:53,727 [INFO] httpx: HTTP Request: POST https://api.telegram.org/bot8677091828:AAF6Tsxq2JYSEX6EM8mPQFS_LUyStnHGXRE/getUpdates "HTTP/1.1 200 OK"
2026-06-07 13:32:04,105 [INFO] httpx: HTTP Request: POST https://api.telegram.org/bot8677091828:AAF6Tsxq2JYSEX6EM8mPQFS_LUyStnHGXRE/getUpdates "HTTP/1.1 200 OK"
2026-06-07 13:32:14,283 [INFO] httpx: HTTP Request: POST https://api.telegram.org/bot8677091828:AAF6Tsxq2JYSEX6EM8mPQFS_LUyStnHGXRE/getUpdates "HTTP/1.1 200 OK"
2026-06-07 13:32:24,458 [INFO] httpx: HTTP Request: POST https://api.telegram.org/bot8677091828:AAF6Tsxq2JYSEX6EM8mPQFS_LUyStnHGXRE/getUpdates "HTTP/1.1 200 OK"
2026-06-07 13:32:34,638 [INFO] httpx: HTTP Request: POST https://api.telegram.org/bot8677091828:AAF6Tsxq2JYSEX6EM8mPQFS_LUyStnHGXRE/getUpdates "HTTP/1.1 200 OK"
2026-06-07 13:32:44,816 [INFO] httpx: HTTP Request: POST https://api.telegram.org/bot8677091828:AAF6Tsxq2JYSEX6EM8mPQFS_LUyStnHGXRE/getUpdates "HTTP/1.1 200 OK"
2026-06-07 13:32:54,988 [INFO] httpx: HTTP Request: POST https://api.telegram.org/bot8677091828:AAF6Tsxq2JYSEX6EM8mPQFS_LUyStnHGXRE/getUpdates "HTTP/1.1 200 OK"
2026-06-07 13:33:05,174 [INFO] httpx: HTTP Request: POST https://api.telegram.org/bot8677091828:AAF6Tsxq2JYSEX6EM8mPQFS_LUyStnHGXRE/getUpdates "HTTP/1.1 200 OK"
2026-06-07 13:33:15,367 [INFO] httpx: HTTP Request: POST https://api.telegram.org/bot8677091828:AAF6Tsxq2JYSEX6EM8mPQFS_LUyStnHGXRE/getUpdates "HTTP/1.1 200 OK"
2026-06-07 13:33:25,543 [INFO] httpx: HTTP Request: POST https://api.telegram.org/bot8677091828:AAF6Tsxq2JYSEX6EM8mPQFS_LUyStnHGXRE/getUpdates "HTTP/1.1 200 OK"
2026-06-07 13:33:35,728 [INFO] httpx: HTTP Request: POST https://api.telegram.org/bot8677091828:AAF6Tsxq2JYSEX6EM8mPQFS_LUyStnHGXRE/getUpdates "HTTP/1.1 200 OK"
2026-06-07 13:33:46,308 [INFO] httpx: HTTP Request: POST https://api.telegram.org/bot8677091828:AAF6Tsxq2JYSEX6EM8mPQFS_LUyStnHGXRE/getUpdates "HTTP/1.1 200 OK"
2026-06-07 13:33:56,483 [INFO] httpx: HTTP Request: POST https://api.telegram.org/bot8677091828:AAF6Tsxq2JYSEX6EM8mPQFS_LUyStnHGXRE/getUpdates "HTTP/1.1 200 OK"
2026-06-07 13:34:06,667 [INFO] httpx: HTTP Request: POST https://api.telegram.org/bot8677091828:AAF6Tsxq2JYSEX6EM8mPQFS_LUyStnHGXRE/getUpdates "HTTP/1.1 200 OK"
2026-06-07 13:34:16,848 [INFO] httpx: HTTP Request: POST https://api.telegram.org/bot8677091828:AAF6Tsxq2JYSEX6EM8mPQFS_LUyStnHGXRE/getUpdates "HTTP/1.1 200 OK"
2026-06-07 13:34:27,022 [INFO] httpx: HTTP Request: POST https://api.telegram.org/bot8677091828:AAF6Tsxq2JYSEX6EM8mPQFS_LUyStnHGXRE/getUpdates "HTTP/1.1 200 OK"
2026-06-07 13:34:37,199 [INFO] httpx: HTTP Request: POST https://api.telegram.org/bot8677091828:AAF6Tsxq2JYSEX6EM8mPQFS_LUyStnHGXRE/getUpdates "HTTP/1.1 200 OK"
2026-06-07 13:34:47,375 [INFO] httpx: HTTP Request: POST https://api.telegram.org/bot8677091828:AAF6Tsxq2JYSEX6EM8mPQFS_LUyStnHGXRE/getUpdates "HTTP/1.1 200 OK"
2026-06-07 13:34:57,959 [INFO] httpx: HTTP Request: POST https://api.telegram.org/bot8677091828:AAF6Tsxq2JYSEX6EM8mPQFS_LUyStnHGXRE/getUpdates "HTTP/1.1 200 OK"
2026-06-07 13:35:08,137 [INFO] httpx: HTTP Request: POST https://api.telegram.org/bot8677091828:AAF6Tsxq2JYSEX6EM8mPQFS_LUyStnHGXRE/getUpdates "HTTP/1.1 200 OK"
2026-06-07 13:35:18,321 [INFO] httpx: HTTP Request: POST https://api.telegram.org/bot8677091828:AAF6Tsxq2JYSEX6EM8mPQFS_LUyStnHGXRE/getUpdates "HTTP/1.1 200 OK"
2026-06-07 13:35:28,498 [INFO] httpx: HTTP Request: POST https://api.telegram.org/bot8677091828:AAF6Tsxq2JYSEX6EM8mPQFS_LUyStnHGXRE/getUpdates "HTTP/1.1 200 OK"
2026-06-07 13:35:38,686 [INFO] httpx: HTTP Request: POST https://api.telegram.org/bot8677091828:AAF6Tsxq2JYSEX6EM8mPQFS_LUyStnHGXRE/getUpdates "HTTP/1.1 200 OK"
2026-06-07 13:35:48,865 [INFO] httpx: HTTP Request: POST https://api.telegram.org/bot8677091828:AAF6Tsxq2JYSEX6EM8mPQFS_LUyStnHGXRE/getUpdates "HTTP/1.1 200 OK"
2026-06-07 13:35:59,291 [INFO] httpx: HTTP Request: POST https://api.telegram.org/bot8677091828:AAF6Tsxq2JYSEX6EM8mPQFS_LUyStnHGXRE/getUpdates "HTTP/1.1 200 OK"
2026-06-07 13:36:09,468 [INFO] httpx: HTTP Request: POST https://api.telegram.org/bot8677091828:AAF6Tsxq2JYSEX6EM8mPQFS_LUyStnHGXRE/getUpdates "HTTP/1.1 200 OK"
2026-06-07 13:36:19,652 [INFO] httpx: HTTP Request: POST https://api.telegram.org/bot8677091828:AAF6Tsxq2JYSEX6EM8mPQFS_LUyStnHGXRE/getUpdates "HTTP/1.1 200 OK"
2026-06-07 13:36:29,831 [INFO] httpx: HTTP Request: POST https://api.telegram.org/bot8677091828:AAF6Tsxq2JYSEX6EM8mPQFS_LUyStnHGXRE/getUpdates "HTTP/1.1 200 OK"
2026-06-07 13:36:40,008 [INFO] httpx: HTTP Request: POST https://api.telegram.org/bot8677091828:AAF6Tsxq2JYSEX6EM8mPQFS_LUyStnHGXRE/getUpdates "HTTP/1.1 200 OK"
2026-06-07 13:36:50,194 [INFO] httpx: HTTP Request: POST https://api.telegram.org/bot8677091828:AAF6Tsxq2JYSEX6EM8mPQFS_LUyStnHGXRE/getUpdates "HTTP/1.1 200 OK"
2026-06-07 13:37:00,383 [INFO] httpx: HTTP Request: POST https://api.telegram.org/bot8677091828:AAF6Tsxq2JYSEX6EM8mPQFS_LUyStnHGXRE/getUpdates "HTTP/1.1 200 OK"
2026-06-07 13:37:10,567 [INFO] httpx: HTTP Request: POST https://api.telegram.org/bot8677091828:AAF6Tsxq2JYSEX6EM8mPQFS_LUyStnHGXRE/getUpdates "HTTP/1.1 200 OK"
2026-06-07 13:37:20,748 [INFO] httpx: HTTP Request: POST https://api.telegram.org/bot8677091828:AAF6Tsxq2JYSEX6EM8mPQFS_LUyStnHGXRE/getUpdates "HTTP/1.1 200 OK"
2026-06-07 13:37:30,924 [INFO] httpx: HTTP Request: POST https://api.telegram.org/bot8677091828:AAF6Tsxq2JYSEX6EM8mPQFS_LUyStnHGXRE/getUpdates "HTTP/1.1 200 OK"
2026-06-07 13:37:41,104 [INFO] httpx: HTTP Request: POST https://api.telegram.org/bot8677091828:AAF6Tsxq2JYSEX6EM8mPQFS_LUyStnHGXRE/getUpdates "HTTP/1.1 200 OK"
2026-06-07 13:37:51,284 [INFO] httpx: HTTP Request: POST https://api.telegram.org/bot8677091828:AAF6Tsxq2JYSEX6EM8mPQFS_LUyStnHGXRE/getUpdates "HTTP/1.1 200 OK"
2026-06-07 13:38:01,492 [INFO] httpx: HTTP Request: POST https://api.telegram.org/bot8677091828:AAF6Tsxq2JYSEX6EM8mPQFS_LUyStnHGXRE/getUpdates "HTTP/1.1 200 OK"
2026-06-07 13:38:11,675 [INFO] httpx: HTTP Request: POST https://api.telegram.org/bot8677091828:AAF6Tsxq2JYSEX6EM8mPQFS_LUyStnHGXRE/getUpdates "HTTP/1.1 200 OK"
2026-06-07 13:38:21,862 [INFO] httpx: HTTP Request: POST https://api.telegram.org/bot8677091828:AAF6Tsxq2JYSEX6EM8mPQFS_LUyStnHGXRE/getUpdates "HTTP/1.1 200 OK"
2026-06-07 13:38:32,044 [INFO] httpx: HTTP Request: POST https://api.telegram.org/bot8677091828:AAF6Tsxq2JYSEX6EM8mPQFS_LUyStnHGXRE/getUpdates "HTTP/1.1 200 OK"
2026-06-07 13:38:42,223 [INFO] httpx: HTTP Request: POST https://api.telegram.org/bot8677091828:AAF6Tsxq2JYSEX6EM8mPQFS_LUyStnHGXRE/getUpdates "HTTP/1.1 200 OK"
2026-06-07 13:38:52,397 [INFO] httpx: HTTP Request: POST https://api.telegram.org/bot8677091828:AAF6Tsxq2JYSEX6EM8mPQFS_LUyStnHGXRE/getUpdates "HTTP/1.1 200 OK"
2026-06-07 13:39:03,006 [INFO] httpx: HTTP Request: POST https://api.telegram.org/bot8677091828:AAF6Tsxq2JYSEX6EM8mPQFS_LUyStnHGXRE/getUpdates "HTTP/1.1 200 OK"
2026-06-07 13:39:13,186 [INFO] httpx: HTTP Request: POST https://api.telegram.org/bot8677091828:AAF6Tsxq2JYSEX6EM8mPQFS_LUyStnHGXRE/getUpdates "HTTP/1.1 200 OK"
2026-06-07 13:39:23,386 [INFO] httpx: HTTP Request: POST https://api.telegram.org/bot8677091828:AAF6Tsxq2JYSEX6EM8mPQFS_LUyStnHGXRE/getUpdates "HTTP/1.1 200 OK"
2026-06-07 13:39:33,575 [INFO] httpx: HTTP Request: POST https://api.telegram.org/bot8677091828:AAF6Tsxq2JYSEX6EM8mPQFS_LUyStnHGXRE/getUpdates "HTTP/1.1 200 OK"
2026-06-07 13:39:43,766 [INFO] httpx: HTTP Request: POST https://api.telegram.org/bot8677091828:AAF6Tsxq2JYSEX6EM8mPQFS_LUyStnHGXRE/getUpdates "HTTP/1.1 200 OK"
2026-06-07 13:39:53,962 [INFO] httpx: HTTP Request: POST https://api.telegram.org/bot8677091828:AAF6Tsxq2JYSEX6EM8mPQFS_LUyStnHGXRE/getUpdates "HTTP/1.1 200 OK"
2026-06-07 13:40:04,144 [INFO] httpx: HTTP Request: POST https://api.telegram.org/bot8677091828:AAF6Tsxq2JYSEX6EM8mPQFS_LUyStnHGXRE/getUpdates "HTTP/1.1 200 OK"
2026-06-07 13:40:14,326 [INFO] httpx: HTTP Request: POST https://api.telegram.org/bot8677091828:AAF6Tsxq2JYSEX6EM8mPQFS_LUyStnHGXRE/getUpdates "HTTP/1.1 200 OK"
2026-06-07 13:40:24,517 [INFO] httpx: HTTP Request: POST https://api.telegram.org/bot8677091828:AAF6Tsxq2JYSEX6EM8mPQFS_LUyStnHGXRE/getUpdates "HTTP/1.1 200 OK"
2026-06-07 13:40:34,698 [INFO] httpx: HTTP Request: POST https://api.telegram.org/bot8677091828:AAF6Tsxq2JYSEX6EM8mPQFS_LUyStnHGXRE/getUpdates "HTTP/1.1 200 OK"
2026-06-07 13:40:44,879 [INFO] httpx: HTTP Request: POST https://api.telegram.org/bot8677091828:AAF6Tsxq2JYSEX6EM8mPQFS_LUyStnHGXRE/getUpdates "HTTP/1.1 200 OK"
2026-06-07 13:40:55,053 [INFO] httpx: HTTP Request: POST https://api.telegram.org/bot8677091828:AAF6Tsxq2JYSEX6EM8mPQFS_LUyStnHGXRE/getUpdates "HTTP/1.1 200 OK"
2026-06-07 13:41:05,237 [INFO] httpx: HTTP Request: POST https://api.telegram.org/bot8677091828:AAF6Tsxq2JYSEX6EM8mPQFS_LUyStnHGXRE/getUpdates "HTTP/1.1 200 OK"
2026-06-07 13:41:15,434 [INFO] httpx: HTTP Request: POST https://api.telegram.org/bot8677091828:AAF6Tsxq2JYSEX6EM8mPQFS_LUyStnHGXRE/getUpdates "HTTP/1.1 200 OK"
2026-06-07 13:41:25,606 [INFO] httpx: HTTP Request: POST https://api.telegram.org/bot8677091828:AAF6Tsxq2JYSEX6EM8mPQFS_LUyStnHGXRE/getUpdates "HTTP/1.1 200 OK"
2026-06-07 13:41:35,792 [INFO] httpx: HTTP Request: POST https://api.telegram.org/bot8677091828:AAF6Tsxq2JYSEX6EM8mPQFS_LUyStnHGXRE/getUpdates "HTTP/1.1 200 OK"
2026-06-07 13:41:45,987 [INFO] httpx: HTTP Request: POST https://api.telegram.org/bot8677091828:AAF6Tsxq2JYSEX6EM8mPQFS_LUyStnHGXRE/getUpdates "HTTP/1.1 200 OK"
2026-06-07 13:41:56,568 [INFO] httpx: HTTP Request: POST https://api.telegram.org/bot8677091828:AAF6Tsxq2JYSEX6EM8mPQFS_LUyStnHGXRE/getUpdates "HTTP/1.1 200 OK"
2026-06-07 13:42:06,743 [INFO] httpx: HTTP Request: POST https://api.telegram.org/bot8677091828:AAF6Tsxq2JYSEX6EM8mPQFS_LUyStnHGXRE/getUpdates "HTTP/1.1 200 OK"
2026-06-07 13:42:16,941 [INFO] httpx: HTTP Request: POST https://api.telegram.org/bot8677091828:AAF6Tsxq2JYSEX6EM8mPQFS_LUyStnHGXRE/getUpdates "HTTP/1.1 200 OK"
2026-06-07 13:42:27,119 [INFO] httpx: HTTP Request: POST https://api.telegram.org/bot8677091828:AAF6Tsxq2JYSEX6EM8mPQFS_LUyStnHGXRE/getUpdates "HTTP/1.1 200 OK"
2026-06-07 13:42:37,295 [INFO] httpx: HTTP Request: POST https://api.telegram.org/bot8677091828:AAF6Tsxq2JYSEX6EM8mPQFS_LUyStnHGXRE/getUpdates "HTTP/1.1 200 OK"
2026-06-07 13:42:47,471 [INFO] httpx: HTTP Request: POST https://api.telegram.org/bot8677091828:AAF6Tsxq2JYSEX6EM8mPQFS_LUyStnHGXRE/getUpdates "HTTP/1.1 200 OK"
2026-06-07 13:42:57,647 [INFO] httpx: HTTP Request: POST https://api.telegram.org/bot8677091828:AAF6Tsxq2JYSEX6EM8mPQFS_LUyStnHGXRE/getUpdates "HTTP/1.1 200 OK"
2026-06-07 13:43:07,827 [INFO] httpx: HTTP Request: POST https://api.telegram.org/bot8677091828:AAF6Tsxq2JYSEX6EM8mPQFS_LUyStnHGXRE/getUpdates "HTTP/1.1 200 OK"
2026-06-07 13:43:18,008 [INFO] httpx: HTTP Request: POST https://api.telegram.org/bot8677091828:AAF6Tsxq2JYSEX6EM8mPQFS_LUyStnHGXRE/getUpdates "HTTP/1.1 200 OK"
2026-06-07 13:43:28,181 [INFO] httpx: HTTP Request: POST https://api.telegram.org/bot8677091828:AAF6Tsxq2JYSEX6EM8mPQFS_LUyStnHGXRE/getUpdates "HTTP/1.1 200 OK"
2026-06-07 13:43:38,385 [INFO] httpx: HTTP Request: POST https://api.telegram.org/bot8677091828:AAF6Tsxq2JYSEX6EM8mPQFS_LUyStnHGXRE/getUpdates "HTTP/1.1 200 OK"
2026-06-07 13:43:48,560 [INFO] httpx: HTTP Request: POST https://api.telegram.org/bot8677091828:AAF6Tsxq2JYSEX6EM8mPQFS_LUyStnHGXRE/getUpdates "HTTP/1.1 200 OK"
2026-06-07 13:43:58,731 [INFO] httpx: HTTP Request: POST https://api.telegram.org/bot8677091828:AAF6Tsxq2JYSEX6EM8mPQFS_LUyStnHGXRE/getUpdates "HTTP/1.1 200 OK"
2026-06-07 13:44:08,906 [INFO] httpx: HTTP Request: POST https://api.telegram.org/bot8677091828:AAF6Tsxq2JYSEX6EM8mPQFS_LUyStnHGXRE/getUpdates "HTTP/1.1 200 OK"
2026-06-07 13:44:19,083 [INFO] httpx: HTTP Request: POST https://api.telegram.org/bot8677091828:AAF6Tsxq2JYSEX6EM8mPQFS_LUyStnHGXRE/getUpdates "HTTP/1.1 200 OK"
2026-06-07 13:44:29,261 [INFO] httpx: HTTP Request: POST https://api.telegram.org/bot8677091828:AAF6Tsxq2JYSEX6EM8mPQFS_LUyStnHGXRE/getUpdates "HTTP/1.1 200 OK"
2026-06-07 13:44:39,438 [INFO] httpx: HTTP Request: POST https://api.telegram.org/bot8677091828:AAF6Tsxq2JYSEX6EM8mPQFS_LUyStnHGXRE/getUpdates "HTTP/1.1 200 OK"
2026-06-07 13:44:49,615 [INFO] httpx: HTTP Request: POST https://api.telegram.org/bot8677091828:AAF6Tsxq2JYSEX6EM8mPQFS_LUyStnHGXRE/getUpdates "HTTP/1.1 200 OK"
2026-06-07 13:44:59,795 [INFO] httpx: HTTP Request: POST https://api.telegram.org/bot8677091828:AAF6Tsxq2JYSEX6EM8mPQFS_LUyStnHGXRE/getUpdates "HTTP/1.1 200 OK"
2026-06-07 13:45:09,980 [INFO] httpx: HTTP Request: POST https://api.telegram.org/bot8677091828:AAF6Tsxq2JYSEX6EM8mPQFS_LUyStnHGXRE/getUpdates "HTTP/1.1 200 OK"
2026-06-07 13:45:20,155 [INFO] httpx: HTTP Request: POST https://api.telegram.org/bot8677091828:AAF6Tsxq2JYSEX6EM8mPQFS_LUyStnHGXRE/getUpdates "HTTP/1.1 200 OK"
2026-06-07 13:45:30,335 [INFO] httpx: HTTP Request: POST https://api.telegram.org/bot8677091828:AAF6Tsxq2JYSEX6EM8mPQFS_LUyStnHGXRE/getUpdates "HTTP/1.1 200 OK"
2026-06-07 13:45:40,510 [INFO] httpx: HTTP Request: POST https://api.telegram.org/bot8677091828:AAF6Tsxq2JYSEX6EM8mPQFS_LUyStnHGXRE/getUpdates "HTTP/1.1 200 OK"
2026-06-07 13:45:50,695 [INFO] httpx: HTTP Request: POST https://api.telegram.org/bot8677091828:AAF6Tsxq2JYSEX6EM8mPQFS_LUyStnHGXRE/getUpdates "HTTP/1.1 200 OK"
2026-06-07 13:46:00,880 [INFO] httpx: HTTP Request: POST https://api.telegram.org/bot8677091828:AAF6Tsxq2JYSEX6EM8mPQFS_LUyStnHGXRE/getUpdates "HTTP/1.1 200 OK"
2026-06-07 13:46:11,063 [INFO] httpx: HTTP Request: POST https://api.telegram.org/bot8677091828:AAF6Tsxq2JYSEX6EM8mPQFS_LUyStnHGXRE/getUpdates "HTTP/1.1 200 OK"
2026-06-07 13:46:21,239 [INFO] httpx: HTTP Request: POST https://api.telegram.org/bot8677091828:AAF6Tsxq2JYSEX6EM8mPQFS_LUyStnHGXRE/getUpdates "HTTP/1.1 200 OK"
2026-06-07 13:46:31,427 [INFO] httpx: HTTP Request: POST https://api.telegram.org/bot8677091828:AAF6Tsxq2JYSEX6EM8mPQFS_LUyStnHGXRE/getUpdates "HTTP/1.1 200 OK"
2026-06-07 13:46:41,611 [INFO] httpx: HTTP Request: POST https://api.telegram.org/bot8677091828:AAF6Tsxq2JYSEX6EM8mPQFS_LUyStnHGXRE/getUpdates "HTTP/1.1 200 OK"
2026-06-07 13:46:51,785 [INFO] httpx: HTTP Request: POST https://api.telegram.org/bot8677091828:AAF6Tsxq2JYSEX6EM8mPQFS_LUyStnHGXRE/getUpdates "HTTP/1.1 200 OK"
2026-06-07 13:47:01,960 [INFO] httpx: HTTP Request: POST https://api.telegram.org/bot8677091828:AAF6Tsxq2JYSEX6EM8mPQFS_LUyStnHGXRE/getUpdates "HTTP/1.1 200 OK"
2026-06-07 13:47:12,141 [INFO] httpx: HTTP Request: POST https://api.telegram.org/bot8677091828:AAF6Tsxq2JYSEX6EM8mPQFS_LUyStnHGXRE/getUpdates "HTTP/1.1 200 OK"
2026-06-07 13:47:22,317 [INFO] httpx: HTTP Request: POST https://api.telegram.org/bot8677091828:AAF6Tsxq2JYSEX6EM8mPQFS_LUyStnHGXRE/getUpdates "HTTP/1.1 200 OK"
2026-06-07 13:47:32,492 [INFO] httpx: HTTP Request: POST https://api.telegram.org/bot8677091828:AAF6Tsxq2JYSEX6EM8mPQFS_LUyStnHGXRE/getUpdates "HTTP/1.1 200 OK"
2026-06-07 13:47:42,667 [INFO] httpx: HTTP Request: POST https://api.telegram.org/bot8677091828:AAF6Tsxq2JYSEX6EM8mPQFS_LUyStnHGXRE/getUpdates "HTTP/1.1 200 OK"
2026-06-07 13:47:52,847 [INFO] httpx: HTTP Request: POST https://api.telegram.org/bot8677091828:AAF6Tsxq2JYSEX6EM8mPQFS_LUyStnHGXRE/getUpdates "HTTP/1.1 200 OK"
2026-06-07 13:48:03,044 [INFO] httpx: HTTP Request: POST https://api.telegram.org/bot8677091828:AAF6Tsxq2JYSEX6EM8mPQFS_LUyStnHGXRE/getUpdates "HTTP/1.1 200 OK"
2026-06-07 13:48:13,262 [INFO] httpx: HTTP Request: POST https://api.telegram.org/bot8677091828:AAF6Tsxq2JYSEX6EM8mPQFS_LUyStnHGXRE/getUpdates "HTTP/1.1 200 OK"
2026-06-07 13:48:23,444 [INFO] httpx: HTTP Request: POST https://api.telegram.org/bot8677091828:AAF6Tsxq2JYSEX6EM8mPQFS_LUyStnHGXRE/getUpdates "HTTP/1.1 200 OK"
2026-06-07 13:48:34,031 [INFO] httpx: HTTP Request: POST https://api.telegram.org/bot8677091828:AAF6Tsxq2JYSEX6EM8mPQFS_LUyStnHGXRE/getUpdates "HTTP/1.1 200 OK"
2026-06-07 13:48:44,229 [INFO] httpx: HTTP Request: POST https://api.telegram.org/bot8677091828:AAF6Tsxq2JYSEX6EM8mPQFS_LUyStnHGXRE/getUpdates "HTTP/1.1 200 OK"
2026-06-07 13:48:54,409 [INFO] httpx: HTTP Request: POST https://api.telegram.org/bot8677091828:AAF6Tsxq2JYSEX6EM8mPQFS_LUyStnHGXRE/getUpdates "HTTP/1.1 200 OK"
2026-06-07 13:49:04,585 [INFO] httpx: HTTP Request: POST https://api.telegram.org/bot8677091828:AAF6Tsxq2JYSEX6EM8mPQFS_LUyStnHGXRE/getUpdates "HTTP/1.1 200 OK"
2026-06-07 13:49:14,761 [INFO] httpx: HTTP Request: POST https://api.telegram.org/bot8677091828:AAF6Tsxq2JYSEX6EM8mPQFS_LUyStnHGXRE/getUpdates "HTTP/1.1 200 OK"
2026-06-07 13:49:24,940 [INFO] httpx: HTTP Request: POST https://api.telegram.org/bot8677091828:AAF6Tsxq2JYSEX6EM8mPQFS_LUyStnHGXRE/getUpdates "HTTP/1.1 200 OK"
2026-06-07 13:49:35,564 [INFO] httpx: HTTP Request: POST https://api.telegram.org/bot8677091828:AAF6Tsxq2JYSEX6EM8mPQFS_LUyStnHGXRE/getUpdates "HTTP/1.1 200 OK"
2026-06-07 13:49:45,785 [INFO] httpx: HTTP Request: POST https://api.telegram.org/bot8677091828:AAF6Tsxq2JYSEX6EM8mPQFS_LUyStnHGXRE/getUpdates "HTTP/1.1 200 OK"
2026-06-07 13:49:55,974 [INFO] httpx: HTTP Request: POST https://api.telegram.org/bot8677091828:AAF6Tsxq2JYSEX6EM8mPQFS_LUyStnHGXRE/getUpdates "HTTP/1.1 200 OK"
2026-06-07 13:50:06,150 [INFO] httpx: HTTP Request: POST https://api.telegram.org/bot8677091828:AAF6Tsxq2JYSEX6EM8mPQFS_LUyStnHGXRE/getUpdates "HTTP/1.1 200 OK"
2026-06-07 13:50:16,325 [INFO] httpx: HTTP Request: POST https://api.telegram.org/bot8677091828:AAF6Tsxq2JYSEX6EM8mPQFS_LUyStnHGXRE/getUpdates "HTTP/1.1 200 OK"
2026-06-07 13:50:26,938 [INFO] httpx: HTTP Request: POST https://api.telegram.org/bot8677091828:AAF6Tsxq2JYSEX6EM8mPQFS_LUyStnHGXRE/getUpdates "HTTP/1.1 200 OK"
2026-06-07 13:50:37,118 [INFO] httpx: HTTP Request: POST https://api.telegram.org/bot8677091828:AAF6Tsxq2JYSEX6EM8mPQFS_LUyStnHGXRE/getUpdates "HTTP/1.1 200 OK"
2026-06-07 13:50:47,694 [INFO] httpx: HTTP Request: POST https://api.telegram.org/bot8677091828:AAF6Tsxq2JYSEX6EM8mPQFS_LUyStnHGXRE/getUpdates "HTTP/1.1 200 OK"
2026-06-07 13:50:57,874 [INFO] httpx: HTTP Request: POST https://api.telegram.org/bot8677091828:AAF6Tsxq2JYSEX6EM8mPQFS_LUyStnHGXRE/getUpdates "HTTP/1.1 200 OK"
2026-06-07 13:51:08,461 [INFO] httpx: HTTP Request: POST https://api.telegram.org/bot8677091828:AAF6Tsxq2JYSEX6EM8mPQFS_LUyStnHGXRE/getUpdates "HTTP/1.1 200 OK"
2026-06-07 13:51:18,677 [INFO] httpx: HTTP Request: POST https://api.telegram.org/bot8677091828:AAF6Tsxq2JYSEX6EM8mPQFS_LUyStnHGXRE/getUpdates "HTTP/1.1 200 OK"
2026-06-07 13:51:28,862 [INFO] httpx: HTTP Request: POST https://api.telegram.org/bot8677091828:AAF6Tsxq2JYSEX6EM8mPQFS_LUyStnHGXRE/getUpdates "HTTP/1.1 200 OK"
2026-06-07 13:51:39,040 [INFO] httpx: HTTP Request: POST https://api.telegram.org/bot8677091828:AAF6Tsxq2JYSEX6EM8mPQFS_LUyStnHGXRE/getUpdates "HTTP/1.1 200 OK"
2026-06-07 13:51:49,232 [INFO] httpx: HTTP Request: POST https://api.telegram.org/bot8677091828:AAF6Tsxq2JYSEX6EM8mPQFS_LUyStnHGXRE/getUpdates "HTTP/1.1 200 OK"
2026-06-07 13:51:59,416 [INFO] httpx: HTTP Request: POST https://api.telegram.org/bot8677091828:AAF6Tsxq2JYSEX6EM8mPQFS_LUyStnHGXRE/getUpdates "HTTP/1.1 200 OK"
2026-06-07 13:52:09,996 [INFO] httpx: HTTP Request: POST https://api.telegram.org/bot8677091828:AAF6Tsxq2JYSEX6EM8mPQFS_LUyStnHGXRE/getUpdates "HTTP/1.1 200 OK"
2026-06-07 13:52:20,187 [INFO] httpx: HTTP Request: POST https://api.telegram.org/bot8677091828:AAF6Tsxq2JYSEX6EM8mPQFS_LUyStnHGXRE/getUpdates "HTTP/1.1 200 OK"
2026-06-07 13:52:30,366 [INFO] httpx: HTTP Request: POST https://api.telegram.org/bot8677091828:AAF6Tsxq2JYSEX6EM8mPQFS_LUyStnHGXRE/getUpdates "HTTP/1.1 200 OK"
2026-06-07 13:52:40,543 [INFO] httpx: HTTP Request: POST https://api.telegram.org/bot8677091828:AAF6Tsxq2JYSEX6EM8mPQFS_LUyStnHGXRE/getUpdates "HTTP/1.1 200 OK"
2026-06-07 13:52:50,722 [INFO] httpx: HTTP Request: POST https://api.telegram.org/bot8677091828:AAF6Tsxq2JYSEX6EM8mPQFS_LUyStnHGXRE/getUpdates "HTTP/1.1 200 OK"
2026-06-07 13:53:00,911 [INFO] httpx: HTTP Request: POST https://api.telegram.org/bot8677091828:AAF6Tsxq2JYSEX6EM8mPQFS_LUyStnHGXRE/getUpdates "HTTP/1.1 200 OK"
2026-06-07 13:53:11,090 [INFO] httpx: HTTP Request: POST https://api.telegram.org/bot8677091828:AAF6Tsxq2JYSEX6EM8mPQFS_LUyStnHGXRE/getUpdates "HTTP/1.1 200 OK"
2026-06-07 13:53:21,273 [INFO] httpx: HTTP Request: POST https://api.telegram.org/bot8677091828:AAF6Tsxq2JYSEX6EM8mPQFS_LUyStnHGXRE/getUpdates "HTTP/1.1 200 OK"
2026-06-07 13:53:31,470 [INFO] httpx: HTTP Request: POST https://api.telegram.org/bot8677091828:AAF6Tsxq2JYSEX6EM8mPQFS_LUyStnHGXRE/getUpdates "HTTP/1.1 200 OK"
2026-06-07 13:53:41,648 [INFO] httpx: HTTP Request: POST https://api.telegram.org/bot8677091828:AAF6Tsxq2JYSEX6EM8mPQFS_LUyStnHGXRE/getUpdates "HTTP/1.1 200 OK"
2026-06-07 13:53:51,825 [INFO] httpx: HTTP Request: POST https://api.telegram.org/bot8677091828:AAF6Tsxq2JYSEX6EM8mPQFS_LUyStnHGXRE/getUpdates "HTTP/1.1 200 OK"
2026-06-07 13:54:02,005 [INFO] httpx: HTTP Request: POST https://api.telegram.org/bot8677091828:AAF6Tsxq2JYSEX6EM8mPQFS_LUyStnHGXRE/getUpdates "HTTP/1.1 200 OK"
2026-06-07 13:54:12,183 [INFO] httpx: HTTP Request: POST https://api.telegram.org/bot8677091828:AAF6Tsxq2JYSEX6EM8mPQFS_LUyStnHGXRE/getUpdates "HTTP/1.1 200 OK"
2026-06-07 13:54:22,763 [INFO] httpx: HTTP Request: POST https://api.telegram.org/bot8677091828:AAF6Tsxq2JYSEX6EM8mPQFS_LUyStnHGXRE/getUpdates "HTTP/1.1 200 OK"
2026-06-07 13:54:33,361 [INFO] httpx: HTTP Request: POST https://api.telegram.org/bot8677091828:AAF6Tsxq2JYSEX6EM8mPQFS_LUyStnHGXRE/getUpdates "HTTP/1.1 200 OK"
2026-06-07 13:54:43,550 [INFO] httpx: HTTP Request: POST https://api.telegram.org/bot8677091828:AAF6Tsxq2JYSEX6EM8mPQFS_LUyStnHGXRE/getUpdates "HTTP/1.1 200 OK"
2026-06-07 13:54:53,748 [INFO] httpx: HTTP Request: POST https://api.telegram.org/bot8677091828:AAF6Tsxq2JYSEX6EM8mPQFS_LUyStnHGXRE/getUpdates "HTTP/1.1 200 OK"
2026-06-07 13:55:03,969 [INFO] httpx: HTTP Request: POST https://api.telegram.org/bot8677091828:AAF6Tsxq2JYSEX6EM8mPQFS_LUyStnHGXRE/getUpdates "HTTP/1.1 200 OK"
2026-06-07 13:55:14,987 [INFO] httpx: HTTP Request: POST https://api.telegram.org/bot8677091828:AAF6Tsxq2JYSEX6EM8mPQFS_LUyStnHGXRE/getUpdates "HTTP/1.1 200 OK"
2026-06-07 13:55:25,165 [INFO] httpx: HTTP Request: POST https://api.telegram.org/bot8677091828:AAF6Tsxq2JYSEX6EM8mPQFS_LUyStnHGXRE/getUpdates "HTTP/1.1 200 OK"
2026-06-07 13:55:35,346 [INFO] httpx: HTTP Request: POST https://api.telegram.org/bot8677091828:AAF6Tsxq2JYSEX6EM8mPQFS_LUyStnHGXRE/getUpdates "HTTP/1.1 200 OK"
2026-06-07 13:55:45,979 [INFO] httpx: HTTP Request: POST https://api.telegram.org/bot8677091828:AAF6Tsxq2JYSEX6EM8mPQFS_LUyStnHGXRE/getUpdates "HTTP/1.1 200 OK"
2026-06-07 13:55:56,164 [INFO] httpx: HTTP Request: POST https://api.telegram.org/bot8677091828:AAF6Tsxq2JYSEX6EM8mPQFS_LUyStnHGXRE/getUpdates "HTTP/1.1 200 OK"
2026-06-07 13:56:06,346 [INFO] httpx: HTTP Request: POST https://api.telegram.org/bot8677091828:AAF6Tsxq2JYSEX6EM8mPQFS_LUyStnHGXRE/getUpdates "HTTP/1.1 200 OK"
2026-06-07 13:56:16,522 [INFO] httpx: HTTP Request: POST https://api.telegram.org/bot8677091828:AAF6Tsxq2JYSEX6EM8mPQFS_LUyStnHGXRE/getUpdates "HTTP/1.1 200 OK"
2026-06-07 13:56:26,721 [INFO] httpx: HTTP Request: POST https://api.telegram.org/bot8677091828:AAF6Tsxq2JYSEX6EM8mPQFS_LUyStnHGXRE/getUpdates "HTTP/1.1 200 OK"
2026-06-07 13:56:36,920 [INFO] httpx: HTTP Request: POST https://api.telegram.org/bot8677091828:AAF6Tsxq2JYSEX6EM8mPQFS_LUyStnHGXRE/getUpdates "HTTP/1.1 200 OK"
2026-06-07 13:56:47,095 [INFO] httpx: HTTP Request: POST https://api.telegram.org/bot8677091828:AAF6Tsxq2JYSEX6EM8mPQFS_LUyStnHGXRE/getUpdates "HTTP/1.1 200 OK"
2026-06-07 13:56:57,273 [INFO] httpx: HTTP Request: POST https://api.telegram.org/bot8677091828:AAF6Tsxq2JYSEX6EM8mPQFS_LUyStnHGXRE/getUpdates "HTTP/1.1 200 OK"
2026-06-07 13:57:07,840 [INFO] httpx: HTTP Request: POST https://api.telegram.org/bot8677091828:AAF6Tsxq2JYSEX6EM8mPQFS_LUyStnHGXRE/getUpdates "HTTP/1.1 200 OK"
2026-06-07 13:57:18,020 [INFO] httpx: HTTP Request: POST https://api.telegram.org/bot8677091828:AAF6Tsxq2JYSEX6EM8mPQFS_LUyStnHGXRE/getUpdates "HTTP/1.1 200 OK"
2026-06-07 13:57:28,201 [INFO] httpx: HTTP Request: POST https://api.telegram.org/bot8677091828:AAF6Tsxq2JYSEX6EM8mPQFS_LUyStnHGXRE/getUpdates "HTTP/1.1 200 OK"
2026-06-07 13:57:38,389 [INFO] httpx: HTTP Request: POST https://api.telegram.org/bot8677091828:AAF6Tsxq2JYSEX6EM8mPQFS_LUyStnHGXRE/getUpdates "HTTP/1.1 200 OK"
2026-06-07 13:57:48,570 [INFO] httpx: HTTP Request: POST https://api.telegram.org/bot8677091828:AAF6Tsxq2JYSEX6EM8mPQFS_LUyStnHGXRE/getUpdates "HTTP/1.1 200 OK"
2026-06-07 13:57:59,140 [INFO] httpx: HTTP Request: POST https://api.telegram.org/bot8677091828:AAF6Tsxq2JYSEX6EM8mPQFS_LUyStnHGXRE/getUpdates "HTTP/1.1 200 OK"
2026-06-07 13:58:09,353 [INFO] httpx: HTTP Request: POST https://api.telegram.org/bot8677091828:AAF6Tsxq2JYSEX6EM8mPQFS_LUyStnHGXRE/getUpdates "HTTP/1.1 200 OK"
2026-06-07 13:58:19,557 [INFO] httpx: HTTP Request: POST https://api.telegram.org/bot8677091828:AAF6Tsxq2JYSEX6EM8mPQFS_LUyStnHGXRE/getUpdates "HTTP/1.1 200 OK"
2026-06-07 13:58:30,142 [INFO] httpx: HTTP Request: POST https://api.telegram.org/bot8677091828:AAF6Tsxq2JYSEX6EM8mPQFS_LUyStnHGXRE/getUpdates "HTTP/1.1 200 OK"
2026-06-07 13:58:40,338 [INFO] httpx: HTTP Request: POST https://api.telegram.org/bot8677091828:AAF6Tsxq2JYSEX6EM8mPQFS_LUyStnHGXRE/getUpdates "HTTP/1.1 200 OK"
2026-06-07 13:58:50,531 [INFO] httpx: HTTP Request: POST https://api.telegram.org/bot8677091828:AAF6Tsxq2JYSEX6EM8mPQFS_LUyStnHGXRE/getUpdates "HTTP/1.1 200 OK"
2026-06-07 13:59:00,732 [INFO] httpx: HTTP Request: POST https://api.telegram.org/bot8677091828:AAF6Tsxq2JYSEX6EM8mPQFS_LUyStnHGXRE/getUpdates "HTTP/1.1 200 OK"
2026-06-07 13:59:10,911 [INFO] httpx: HTTP Request: POST https://api.telegram.org/bot8677091828:AAF6Tsxq2JYSEX6EM8mPQFS_LUyStnHGXRE/getUpdates "HTTP/1.1 200 OK"
2026-06-07 13:59:21,085 [INFO] httpx: HTTP Request: POST https://api.telegram.org/bot8677091828:AAF6Tsxq2JYSEX6EM8mPQFS_LUyStnHGXRE/getUpdates "HTTP/1.1 200 OK"
2026-06-07 13:59:31,276 [INFO] httpx: HTTP Request: POST https://api.telegram.org/bot8677091828:AAF6Tsxq2JYSEX6EM8mPQFS_LUyStnHGXRE/getUpdates "HTTP/1.1 200 OK"
2026-06-07 13:59:41,457 [INFO] httpx: HTTP Request: POST https://api.telegram.org/bot8677091828:AAF6Tsxq2JYSEX6EM8mPQFS_LUyStnHGXRE/getUpdates "HTTP/1.1 200 OK"
2026-06-07 13:59:51,639 [INFO] httpx: HTTP Request: POST https://api.telegram.org/bot8677091828:AAF6Tsxq2JYSEX6EM8mPQFS_LUyStnHGXRE/getUpdates "HTTP/1.1 200 OK"
2026-06-07 14:00:01,827 [INFO] httpx: HTTP Request: POST https://api.telegram.org/bot8677091828:AAF6Tsxq2JYSEX6EM8mPQFS_LUyStnHGXRE/getUpdates "HTTP/1.1 200 OK"
2026-06-07 14:00:12,094 [INFO] httpx: HTTP Request: POST https://api.telegram.org/bot8677091828:AAF6Tsxq2JYSEX6EM8mPQFS_LUyStnHGXRE/getUpdates "HTTP/1.1 200 OK"
2026-06-07 14:00:22,376 [INFO] httpx: HTTP Request: POST https://api.telegram.org/bot8677091828:AAF6Tsxq2JYSEX6EM8mPQFS_LUyStnHGXRE/getUpdates "HTTP/1.1 200 OK"
2026-06-07 14:00:32,622 [INFO] httpx: HTTP Request: POST https://api.telegram.org/bot8677091828:AAF6Tsxq2JYSEX6EM8mPQFS_LUyStnHGXRE/getUpdates "HTTP/1.1 200 OK"
2026-06-07 14:00:42,841 [INFO] httpx: HTTP Request: POST https://api.telegram.org/bot8677091828:AAF6Tsxq2JYSEX6EM8mPQFS_LUyStnHGXRE/getUpdates "HTTP/1.1 200 OK"
2026-06-07 14:00:53,063 [INFO] httpx: HTTP Request: POST https://api.telegram.org/bot8677091828:AAF6Tsxq2JYSEX6EM8mPQFS_LUyStnHGXRE/getUpdates "HTTP/1.1 200 OK"
2026-06-07 14:01:03,288 [INFO] httpx: HTTP Request: POST https://api.telegram.org/bot8677091828:AAF6Tsxq2JYSEX6EM8mPQFS_LUyStnHGXRE/getUpdates "HTTP/1.1 200 OK"
2026-06-07 14:01:13,559 [INFO] httpx: HTTP Request: POST https://api.telegram.org/bot8677091828:AAF6Tsxq2JYSEX6EM8mPQFS_LUyStnHGXRE/getUpdates "HTTP/1.1 200 OK"
2026-06-07 14:01:23,774 [INFO] httpx: HTTP Request: POST https://api.telegram.org/bot8677091828:AAF6Tsxq2JYSEX6EM8mPQFS_LUyStnHGXRE/getUpdates "HTTP/1.1 200 OK"
2026-06-07 14:01:33,975 [INFO] httpx: HTTP Request: POST https://api.telegram.org/bot8677091828:AAF6Tsxq2JYSEX6EM8mPQFS_LUyStnHGXRE/getUpdates "HTTP/1.1 200 OK"
2026-06-07 14:01:44,154 [INFO] httpx: HTTP Request: POST https://api.telegram.org/bot8677091828:AAF6Tsxq2JYSEX6EM8mPQFS_LUyStnHGXRE/getUpdates "HTTP/1.1 200 OK"
2026-06-07 14:01:54,348 [INFO] httpx: HTTP Request: POST https://api.telegram.org/bot8677091828:AAF6Tsxq2JYSEX6EM8mPQFS_LUyStnHGXRE/getUpdates "HTTP/1.1 200 OK"
2026-06-07 14:02:04,535 [INFO] httpx: HTTP Request: POST https://api.telegram.org/bot8677091828:AAF6Tsxq2JYSEX6EM8mPQFS_LUyStnHGXRE/getUpdates "HTTP/1.1 200 OK"
2026-06-07 14:02:14,728 [INFO] httpx: HTTP Request: POST https://api.telegram.org/bot8677091828:AAF6Tsxq2JYSEX6EM8mPQFS_LUyStnHGXRE/getUpdates "HTTP/1.1 200 OK"
2026-06-07 14:02:24,918 [INFO] httpx: HTTP Request: POST https://api.telegram.org/bot8677091828:AAF6Tsxq2JYSEX6EM8mPQFS_LUyStnHGXRE/getUpdates "HTTP/1.1 200 OK"
2026-06-07 14:02:35,114 [INFO] httpx: HTTP Request: POST https://api.telegram.org/bot8677091828:AAF6Tsxq2JYSEX6EM8mPQFS_LUyStnHGXRE/getUpdates "HTTP/1.1 200 OK"
2026-06-07 14:02:45,357 [INFO] httpx: HTTP Request: POST https://api.telegram.org/bot8677091828:AAF6Tsxq2JYSEX6EM8mPQFS_LUyStnHGXRE/getUpdates "HTTP/1.1 200 OK"
2026-06-07 14:02:55,532 [INFO] httpx: HTTP Request: POST https://api.telegram.org/bot8677091828:AAF6Tsxq2JYSEX6EM8mPQFS_LUyStnHGXRE/getUpdates "HTTP/1.1 200 OK"
2026-06-07 14:03:05,707 [INFO] httpx: HTTP Request: POST https://api.telegram.org/bot8677091828:AAF6Tsxq2JYSEX6EM8mPQFS_LUyStnHGXRE/getUpdates "HTTP/1.1 200 OK"
2026-06-07 14:03:15,887 [INFO] httpx: HTTP Request: POST https://api.telegram.org/bot8677091828:AAF6Tsxq2JYSEX6EM8mPQFS_LUyStnHGXRE/getUpdates "HTTP/1.1 200 OK"
2026-06-07 14:03:26,066 [INFO] httpx: HTTP Request: POST https://api.telegram.org/bot8677091828:AAF6Tsxq2JYSEX6EM8mPQFS_LUyStnHGXRE/getUpdates "HTTP/1.1 200 OK"
2026-06-07 14:03:36,663 [INFO] httpx: HTTP Request: POST https://api.telegram.org/bot8677091828:AAF6Tsxq2JYSEX6EM8mPQFS_LUyStnHGXRE/getUpdates "HTTP/1.1 200 OK"
2026-06-07 14:03:46,849 [INFO] httpx: HTTP Request: POST https://api.telegram.org/bot8677091828:AAF6Tsxq2JYSEX6EM8mPQFS_LUyStnHGXRE/getUpdates "HTTP/1.1 200 OK"
2026-06-07 14:03:57,032 [INFO] httpx: HTTP Request: POST https://api.telegram.org/bot8677091828:AAF6Tsxq2JYSEX6EM8mPQFS_LUyStnHGXRE/getUpdates "HTTP/1.1 200 OK"
2026-06-07 14:04:07,214 [INFO] httpx: HTTP Request: POST https://api.telegram.org/bot8677091828:AAF6Tsxq2JYSEX6EM8mPQFS_LUyStnHGXRE/getUpdates "HTTP/1.1 200 OK"
2026-06-07 14:04:17,400 [INFO] httpx: HTTP Request: POST https://api.telegram.org/bot8677091828:AAF6Tsxq2JYSEX6EM8mPQFS_LUyStnHGXRE/getUpdates "HTTP/1.1 200 OK"
2026-06-07 14:04:27,576 [INFO] httpx: HTTP Request: POST https://api.telegram.org/bot8677091828:AAF6Tsxq2JYSEX6EM8mPQFS_LUyStnHGXRE/getUpdates "HTTP/1.1 200 OK"
2026-06-07 14:04:37,756 [INFO] httpx: HTTP Request: POST https://api.telegram.org/bot8677091828:AAF6Tsxq2JYSEX6EM8mPQFS_LUyStnHGXRE/getUpdates "HTTP/1.1 200 OK"
2026-06-07 14:04:47,942 [INFO] httpx: HTTP Request: POST https://api.telegram.org/bot8677091828:AAF6Tsxq2JYSEX6EM8mPQFS_LUyStnHGXRE/getUpdates "HTTP/1.1 200 OK"
2026-06-07 14:04:58,132 [INFO] httpx: HTTP Request: POST https://api.telegram.org/bot8677091828:AAF6Tsxq2JYSEX6EM8mPQFS_LUyStnHGXRE/getUpdates "HTTP/1.1 200 OK"
2026-06-07 14:05:08,305 [INFO] httpx: HTTP Request: POST https://api.telegram.org/bot8677091828:AAF6Tsxq2JYSEX6EM8mPQFS_LUyStnHGXRE/getUpdates "HTTP/1.1 200 OK"
2026-06-07 14:05:18,899 [INFO] httpx: HTTP Request: POST https://api.telegram.org/bot8677091828:AAF6Tsxq2JYSEX6EM8mPQFS_LUyStnHGXRE/getUpdates "HTTP/1.1 200 OK"
2026-06-07 14:05:29,087 [INFO] httpx: HTTP Request: POST https://api.telegram.org/bot8677091828:AAF6Tsxq2JYSEX6EM8mPQFS_LUyStnHGXRE/getUpdates "HTTP/1.1 200 OK"
2026-06-07 14:05:39,266 [INFO] httpx: HTTP Request: POST https://api.telegram.org/bot8677091828:AAF6Tsxq2JYSEX6EM8mPQFS_LUyStnHGXRE/getUpdates "HTTP/1.1 200 OK"
2026-06-07 14:05:49,440 [INFO] httpx: HTTP Request: POST https://api.telegram.org/bot8677091828:AAF6Tsxq2JYSEX6EM8mPQFS_LUyStnHGXRE/getUpdates "HTTP/1.1 200 OK"
2026-06-07 14:05:59,620 [INFO] httpx: HTTP Request: POST https://api.telegram.org/bot8677091828:AAF6Tsxq2JYSEX6EM8mPQFS_LUyStnHGXRE/getUpdates "HTTP/1.1 200 OK"
2026-06-07 14:06:09,799 [INFO] httpx: HTTP Request: POST https://api.telegram.org/bot8677091828:AAF6Tsxq2JYSEX6EM8mPQFS_LUyStnHGXRE/getUpdates "HTTP/1.1 200 OK"
2026-06-07 14:06:19,985 [INFO] httpx: HTTP Request: POST https://api.telegram.org/bot8677091828:AAF6Tsxq2JYSEX6EM8mPQFS_LUyStnHGXRE/getUpdates "HTTP/1.1 200 OK"
2026-06-07 14:06:30,165 [INFO] httpx: HTTP Request: POST https://api.telegram.org/bot8677091828:AAF6Tsxq2JYSEX6EM8mPQFS_LUyStnHGXRE/getUpdates "HTTP/1.1 200 OK"
2026-06-07 14:06:40,350 [INFO] httpx: HTTP Request: POST https://api.telegram.org/bot8677091828:AAF6Tsxq2JYSEX6EM8mPQFS_LUyStnHGXRE/getUpdates "HTTP/1.1 200 OK"
2026-06-07 14:06:50,522 [INFO] httpx: HTTP Request: POST https://api.telegram.org/bot8677091828:AAF6Tsxq2JYSEX6EM8mPQFS_LUyStnHGXRE/getUpdates "HTTP/1.1 200 OK"
2026-06-07 14:07:01,105 [INFO] httpx: HTTP Request: POST https://api.telegram.org/bot8677091828:AAF6Tsxq2JYSEX6EM8mPQFS_LUyStnHGXRE/getUpdates "HTTP/1.1 200 OK"
2026-06-07 14:07:11,281 [INFO] httpx: HTTP Request: POST https://api.telegram.org/bot8677091828:AAF6Tsxq2JYSEX6EM8mPQFS_LUyStnHGXRE/getUpdates "HTTP/1.1 200 OK"
2026-06-07 14:07:21,473 [INFO] httpx: HTTP Request: POST https://api.telegram.org/bot8677091828:AAF6Tsxq2JYSEX6EM8mPQFS_LUyStnHGXRE/getUpdates "HTTP/1.1 200 OK"
2026-06-07 14:07:31,649 [INFO] httpx: HTTP Request: POST https://api.telegram.org/bot8677091828:AAF6Tsxq2JYSEX6EM8mPQFS_LUyStnHGXRE/getUpdates "HTTP/1.1 200 OK"
2026-06-07 14:07:41,832 [INFO] httpx: HTTP Request: POST https://api.telegram.org/bot8677091828:AAF6Tsxq2JYSEX6EM8mPQFS_LUyStnHGXRE/getUpdates "HTTP/1.1 200 OK"
2026-06-07 14:07:52,007 [INFO] httpx: HTTP Request: POST https://api.telegram.org/bot8677091828:AAF6Tsxq2JYSEX6EM8mPQFS_LUyStnHGXRE/getUpdates "HTTP/1.1 200 OK"
2026-06-07 14:08:02,188 [INFO] httpx: HTTP Request: POST https://api.telegram.org/bot8677091828:AAF6Tsxq2JYSEX6EM8mPQFS_LUyStnHGXRE/getUpdates "HTTP/1.1 200 OK"
2026-06-07 14:08:12,368 [INFO] httpx: HTTP Request: POST https://api.telegram.org/bot8677091828:AAF6Tsxq2JYSEX6EM8mPQFS_LUyStnHGXRE/getUpdates "HTTP/1.1 200 OK"
2026-06-07 14:08:22,546 [INFO] httpx: HTTP Request: POST https://api.telegram.org/bot8677091828:AAF6Tsxq2JYSEX6EM8mPQFS_LUyStnHGXRE/getUpdates "HTTP/1.1 200 OK"
2026-06-07 14:08:33,108 [INFO] httpx: HTTP Request: POST https://api.telegram.org/bot8677091828:AAF6Tsxq2JYSEX6EM8mPQFS_LUyStnHGXRE/getUpdates "HTTP/1.1 200 OK"
2026-06-07 14:08:43,286 [INFO] httpx: HTTP Request: POST https://api.telegram.org/bot8677091828:AAF6Tsxq2JYSEX6EM8mPQFS_LUyStnHGXRE/getUpdates "HTTP/1.1 200 OK"
2026-06-07 14:08:53,474 [INFO] httpx: HTTP Request: POST https://api.telegram.org/bot8677091828:AAF6Tsxq2JYSEX6EM8mPQFS_LUyStnHGXRE/getUpdates "HTTP/1.1 200 OK"
2026-06-07 14:09:03,666 [INFO] httpx: HTTP Request: POST https://api.telegram.org/bot8677091828:AAF6Tsxq2JYSEX6EM8mPQFS_LUyStnHGXRE/getUpdates "HTTP/1.1 200 OK"
2026-06-07 14:09:14,254 [INFO] httpx: HTTP Request: POST https://api.telegram.org/bot8677091828:AAF6Tsxq2JYSEX6EM8mPQFS_LUyStnHGXRE/getUpdates "HTTP/1.1 200 OK"
2026-06-07 14:09:24,431 [INFO] httpx: HTTP Request: POST https://api.telegram.org/bot8677091828:AAF6Tsxq2JYSEX6EM8mPQFS_LUyStnHGXRE/getUpdates "HTTP/1.1 200 OK"
2026-06-07 14:09:34,606 [INFO] httpx: HTTP Request: POST https://api.telegram.org/bot8677091828:AAF6Tsxq2JYSEX6EM8mPQFS_LUyStnHGXRE/getUpdates "HTTP/1.1 200 OK"
2026-06-07 14:09:44,781 [INFO] httpx: HTTP Request: POST https://api.telegram.org/bot8677091828:AAF6Tsxq2JYSEX6EM8mPQFS_LUyStnHGXRE/getUpdates "HTTP/1.1 200 OK"
2026-06-07 14:09:54,959 [INFO] httpx: HTTP Request: POST https://api.telegram.org/bot8677091828:AAF6Tsxq2JYSEX6EM8mPQFS_LUyStnHGXRE/getUpdates "HTTP/1.1 200 OK"
2026-06-07 14:10:05,136 [INFO] httpx: HTTP Request: POST https://api.telegram.org/bot8677091828:AAF6Tsxq2JYSEX6EM8mPQFS_LUyStnHGXRE/getUpdates "HTTP/1.1 200 OK"
2026-06-07 14:10:15,337 [INFO] httpx: HTTP Request: POST https://api.telegram.org/bot8677091828:AAF6Tsxq2JYSEX6EM8mPQFS_LUyStnHGXRE/getUpdates "HTTP/1.1 200 OK"
2026-06-07 14:10:25,519 [INFO] httpx: HTTP Request: POST https://api.telegram.org/bot8677091828:AAF6Tsxq2JYSEX6EM8mPQFS_LUyStnHGXRE/getUpdates "HTTP/1.1 200 OK"
2026-06-07 14:10:36,108 [INFO] httpx: HTTP Request: POST https://api.telegram.org/bot8677091828:AAF6Tsxq2JYSEX6EM8mPQFS_LUyStnHGXRE/getUpdates "HTTP/1.1 200 OK"
2026-06-07 14:10:46,283 [INFO] httpx: HTTP Request: POST https://api.telegram.org/bot8677091828:AAF6Tsxq2JYSEX6EM8mPQFS_LUyStnHGXRE/getUpdates "HTTP/1.1 200 OK"
2026-06-07 14:10:56,466 [INFO] httpx: HTTP Request: POST https://api.telegram.org/bot8677091828:AAF6Tsxq2JYSEX6EM8mPQFS_LUyStnHGXRE/getUpdates "HTTP/1.1 200 OK"
2026-06-07 14:11:06,662 [INFO] httpx: HTTP Request: POST https://api.telegram.org/bot8677091828:AAF6Tsxq2JYSEX6EM8mPQFS_LUyStnHGXRE/getUpdates "HTTP/1.1 200 OK"
2026-06-07 14:11:16,866 [INFO] httpx: HTTP Request: POST https://api.telegram.org/bot8677091828:AAF6Tsxq2JYSEX6EM8mPQFS_LUyStnHGXRE/getUpdates "HTTP/1.1 200 OK"
2026-06-07 14:11:27,047 [INFO] httpx: HTTP Request: POST https://api.telegram.org/bot8677091828:AAF6Tsxq2JYSEX6EM8mPQFS_LUyStnHGXRE/getUpdates "HTTP/1.1 200 OK"
2026-06-07 14:11:37,248 [INFO] httpx: HTTP Request: POST https://api.telegram.org/bot8677091828:AAF6Tsxq2JYSEX6EM8mPQFS_LUyStnHGXRE/getUpdates "HTTP/1.1 200 OK"
2026-06-07 14:11:47,424 [INFO] httpx: HTTP Request: POST https://api.telegram.org/bot8677091828:AAF6Tsxq2JYSEX6EM8mPQFS_LUyStnHGXRE/getUpdates "HTTP/1.1 200 OK"
2026-06-07 14:11:57,625 [INFO] httpx: HTTP Request: POST https://api.telegram.org/bot8677091828:AAF6Tsxq2JYSEX6EM8mPQFS_LUyStnHGXRE/getUpdates "HTTP/1.1 200 OK"
2026-06-07 14:12:07,806 [INFO] httpx: HTTP Request: POST https://api.telegram.org/bot8677091828:AAF6Tsxq2JYSEX6EM8mPQFS_LUyStnHGXRE/getUpdates "HTTP/1.1 200 OK"
2026-06-07 14:12:17,982 [INFO] httpx: HTTP Request: POST https://api.telegram.org/bot8677091828:AAF6Tsxq2JYSEX6EM8mPQFS_LUyStnHGXRE/getUpdates "HTTP/1.1 200 OK"
2026-06-07 14:12:28,159 [INFO] httpx: HTTP Request: POST https://api.telegram.org/bot8677091828:AAF6Tsxq2JYSEX6EM8mPQFS_LUyStnHGXRE/getUpdates "HTTP/1.1 200 OK"
2026-06-07 14:12:38,729 [INFO] httpx: HTTP Request: POST https://api.telegram.org/bot8677091828:AAF6Tsxq2JYSEX6EM8mPQFS_LUyStnHGXRE/getUpdates "HTTP/1.1 200 OK"
2026-06-07 14:12:48,903 [INFO] httpx: HTTP Request: POST https://api.telegram.org/bot8677091828:AAF6Tsxq2JYSEX6EM8mPQFS_LUyStnHGXRE/getUpdates "HTTP/1.1 200 OK"
2026-06-07 14:12:59,086 [INFO] httpx: HTTP Request: POST https://api.telegram.org/bot8677091828:AAF6Tsxq2JYSEX6EM8mPQFS_LUyStnHGXRE/getUpdates "HTTP/1.1 200 OK"
2026-06-07 14:13:09,270 [INFO] httpx: HTTP Request: POST https://api.telegram.org/bot8677091828:AAF6Tsxq2JYSEX6EM8mPQFS_LUyStnHGXRE/getUpdates "HTTP/1.1 200 OK"
2026-06-07 14:13:19,448 [INFO] httpx: HTTP Request: POST https://api.telegram.org/bot8677091828:AAF6Tsxq2JYSEX6EM8mPQFS_LUyStnHGXRE/getUpdates "HTTP/1.1 200 OK"
2026-06-07 14:13:30,144 [INFO] httpx: HTTP Request: POST https://api.telegram.org/bot8677091828:AAF6Tsxq2JYSEX6EM8mPQFS_LUyStnHGXRE/getUpdates "HTTP/1.1 200 OK"
2026-06-07 14:13:40,339 [INFO] httpx: HTTP Request: POST https://api.telegram.org/bot8677091828:AAF6Tsxq2JYSEX6EM8mPQFS_LUyStnHGXRE/getUpdates "HTTP/1.1 200 OK"
2026-06-07 14:13:50,537 [INFO] httpx: HTTP Request: POST https://api.telegram.org/bot8677091828:AAF6Tsxq2JYSEX6EM8mPQFS_LUyStnHGXRE/getUpdates "HTTP/1.1 200 OK"
2026-06-07 14:14:00,730 [INFO] httpx: HTTP Request: POST https://api.telegram.org/bot8677091828:AAF6Tsxq2JYSEX6EM8mPQFS_LUyStnHGXRE/getUpdates "HTTP/1.1 200 OK"
2026-06-07 14:14:10,925 [INFO] httpx: HTTP Request: POST https://api.telegram.org/bot8677091828:AAF6Tsxq2JYSEX6EM8mPQFS_LUyStnHGXRE/getUpdates "HTTP/1.1 200 OK"
2026-06-07 14:14:21,113 [INFO] httpx: HTTP Request: POST https://api.telegram.org/bot8677091828:AAF6Tsxq2JYSEX6EM8mPQFS_LUyStnHGXRE/getUpdates "HTTP/1.1 200 OK"
2026-06-07 14:14:31,302 [INFO] httpx: HTTP Request: POST https://api.telegram.org/bot8677091828:AAF6Tsxq2JYSEX6EM8mPQFS_LUyStnHGXRE/getUpdates "HTTP/1.1 200 OK"
2026-06-07 14:14:41,486 [INFO] httpx: HTTP Request: POST https://api.telegram.org/bot8677091828:AAF6Tsxq2JYSEX6EM8mPQFS_LUyStnHGXRE/getUpdates "HTTP/1.1 200 OK"
2026-06-07 14:14:51,680 [INFO] httpx: HTTP Request: POST https://api.telegram.org/bot8677091828:AAF6Tsxq2JYSEX6EM8mPQFS_LUyStnHGXRE/getUpdates "HTTP/1.1 200 OK"
2026-06-07 14:15:01,879 [INFO] httpx: HTTP Request: POST https://api.telegram.org/bot8677091828:AAF6Tsxq2JYSEX6EM8mPQFS_LUyStnHGXRE/getUpdates "HTTP/1.1 200 OK"
2026-06-07 14:15:12,066 [INFO] httpx: HTTP Request: POST https://api.telegram.org/bot8677091828:AAF6Tsxq2JYSEX6EM8mPQFS_LUyStnHGXRE/getUpdates "HTTP/1.1 200 OK"
2026-06-07 14:15:22,260 [INFO] httpx: HTTP Request: POST https://api.telegram.org/bot8677091828:AAF6Tsxq2JYSEX6EM8mPQFS_LUyStnHGXRE/getUpdates "HTTP/1.1 200 OK"
2026-06-07 14:15:32,447 [INFO] httpx: HTTP Request: POST https://api.telegram.org/bot8677091828:AAF6Tsxq2JYSEX6EM8mPQFS_LUyStnHGXRE/getUpdates "HTTP/1.1 200 OK"
2026-06-07 14:15:42,633 [INFO] httpx: HTTP Request: POST https://api.telegram.org/bot8677091828:AAF6Tsxq2JYSEX6EM8mPQFS_LUyStnHGXRE/getUpdates "HTTP/1.1 200 OK"
2026-06-07 14:15:52,822 [INFO] httpx: HTTP Request: POST https://api.telegram.org/bot8677091828:AAF6Tsxq2JYSEX6EM8mPQFS_LUyStnHGXRE/getUpdates "HTTP/1.1 200 OK"
2026-06-07 14:16:03,005 [INFO] httpx: HTTP Request: POST https://api.telegram.org/bot8677091828:AAF6Tsxq2JYSEX6EM8mPQFS_LUyStnHGXRE/getUpdates "HTTP/1.1 200 OK"
2026-06-07 14:16:13,191 [INFO] httpx: HTTP Request: POST https://api.telegram.org/bot8677091828:AAF6Tsxq2JYSEX6EM8mPQFS_LUyStnHGXRE/getUpdates "HTTP/1.1 200 OK"
2026-06-07 14:16:23,377 [INFO] httpx: HTTP Request: POST https://api.telegram.org/bot8677091828:AAF6Tsxq2JYSEX6EM8mPQFS_LUyStnHGXRE/getUpdates "HTTP/1.1 200 OK"
2026-06-07 14:16:33,973 [INFO] httpx: HTTP Request: POST https://api.telegram.org/bot8677091828:AAF6Tsxq2JYSEX6EM8mPQFS_LUyStnHGXRE/getUpdates "HTTP/1.1 200 OK"
2026-06-07 14:16:44,165 [INFO] httpx: HTTP Request: POST https://api.telegram.org/bot8677091828:AAF6Tsxq2JYSEX6EM8mPQFS_LUyStnHGXRE/getUpdates "HTTP/1.1 200 OK"
2026-06-07 14:16:54,356 [INFO] httpx: HTTP Request: POST https://api.telegram.org/bot8677091828:AAF6Tsxq2JYSEX6EM8mPQFS_LUyStnHGXRE/getUpdates "HTTP/1.1 200 OK"
2026-06-07 14:17:04,540 [INFO] httpx: HTTP Request: POST https://api.telegram.org/bot8677091828:AAF6Tsxq2JYSEX6EM8mPQFS_LUyStnHGXRE/getUpdates "HTTP/1.1 200 OK"
2026-06-07 14:17:14,741 [INFO] httpx: HTTP Request: POST https://api.telegram.org/bot8677091828:AAF6Tsxq2JYSEX6EM8mPQFS_LUyStnHGXRE/getUpdates "HTTP/1.1 200 OK"
2026-06-07 14:17:24,935 [INFO] httpx: HTTP Request: POST https://api.telegram.org/bot8677091828:AAF6Tsxq2JYSEX6EM8mPQFS_LUyStnHGXRE/getUpdates "HTTP/1.1 200 OK"
2026-06-07 14:17:35,159 [INFO] httpx: HTTP Request: POST https://api.telegram.org/bot8677091828:AAF6Tsxq2JYSEX6EM8mPQFS_LUyStnHGXRE/getUpdates "HTTP/1.1 200 OK"
2026-06-07 14:17:45,358 [INFO] httpx: HTTP Request: POST https://api.telegram.org/bot8677091828:AAF6Tsxq2JYSEX6EM8mPQFS_LUyStnHGXRE/getUpdates "HTTP/1.1 200 OK"
2026-06-07 14:17:55,547 [INFO] httpx: HTTP Request: POST https://api.telegram.org/bot8677091828:AAF6Tsxq2JYSEX6EM8mPQFS_LUyStnHGXRE/getUpdates "HTTP/1.1 200 OK"
2026-06-07 14:18:05,750 [INFO] httpx: HTTP Request: POST https://api.telegram.org/bot8677091828:AAF6Tsxq2JYSEX6EM8mPQFS_LUyStnHGXRE/getUpdates "HTTP/1.1 200 OK"
2026-06-07 14:18:15,943 [INFO] httpx: HTTP Request: POST https://api.telegram.org/bot8677091828:AAF6Tsxq2JYSEX6EM8mPQFS_LUyStnHGXRE/getUpdates "HTTP/1.1 200 OK"
2026-06-07 14:18:26,139 [INFO] httpx: HTTP Request: POST https://api.telegram.org/bot8677091828:AAF6Tsxq2JYSEX6EM8mPQFS_LUyStnHGXRE/getUpdates "HTTP/1.1 200 OK"
2026-06-07 14:18:36,330 [INFO] httpx: HTTP Request: POST https://api.telegram.org/bot8677091828:AAF6Tsxq2JYSEX6EM8mPQFS_LUyStnHGXRE/getUpdates "HTTP/1.1 200 OK"
2026-06-07 14:18:46,523 [INFO] httpx: HTTP Request: POST https://api.telegram.org/bot8677091828:AAF6Tsxq2JYSEX6EM8mPQFS_LUyStnHGXRE/getUpdates "HTTP/1.1 200 OK"
2026-06-07 14:18:56,708 [INFO] httpx: HTTP Request: POST https://api.telegram.org/bot8677091828:AAF6Tsxq2JYSEX6EM8mPQFS_LUyStnHGXRE/getUpdates "HTTP/1.1 200 OK"
2026-06-07 14:19:06,890 [INFO] httpx: HTTP Request: POST https://api.telegram.org/bot8677091828:AAF6Tsxq2JYSEX6EM8mPQFS_LUyStnHGXRE/getUpdates "HTTP/1.1 200 OK"
2026-06-07 14:19:17,081 [INFO] httpx: HTTP Request: POST https://api.telegram.org/bot8677091828:AAF6Tsxq2JYSEX6EM8mPQFS_LUyStnHGXRE/getUpdates "HTTP/1.1 200 OK"
2026-06-07 14:19:27,266 [INFO] httpx: HTTP Request: POST https://api.telegram.org/bot8677091828:AAF6Tsxq2JYSEX6EM8mPQFS_LUyStnHGXRE/getUpdates "HTTP/1.1 200 OK"
2026-06-07 14:19:37,453 [INFO] httpx: HTTP Request: POST https://api.telegram.org/bot8677091828:AAF6Tsxq2JYSEX6EM8mPQFS_LUyStnHGXRE/getUpdates "HTTP/1.1 200 OK"
2026-06-07 14:19:47,638 [INFO] httpx: HTTP Request: POST https://api.telegram.org/bot8677091828:AAF6Tsxq2JYSEX6EM8mPQFS_LUyStnHGXRE/getUpdates "HTTP/1.1 200 OK"
2026-06-07 14:19:57,854 [INFO] httpx: HTTP Request: POST https://api.telegram.org/bot8677091828:AAF6Tsxq2JYSEX6EM8mPQFS_LUyStnHGXRE/getUpdates "HTTP/1.1 200 OK"
2026-06-07 14:20:08,108 [INFO] httpx: HTTP Request: POST https://api.telegram.org/bot8677091828:AAF6Tsxq2JYSEX6EM8mPQFS_LUyStnHGXRE/getUpdates "HTTP/1.1 200 OK"
2026-06-07 14:20:18,320 [INFO] httpx: HTTP Request: POST https://api.telegram.org/bot8677091828:AAF6Tsxq2JYSEX6EM8mPQFS_LUyStnHGXRE/getUpdates "HTTP/1.1 200 OK"
2026-06-07 14:20:28,511 [INFO] httpx: HTTP Request: POST https://api.telegram.org/bot8677091828:AAF6Tsxq2JYSEX6EM8mPQFS_LUyStnHGXRE/getUpdates "HTTP/1.1 200 OK"
2026-06-07 14:20:38,721 [INFO] httpx: HTTP Request: POST https://api.telegram.org/bot8677091828:AAF6Tsxq2JYSEX6EM8mPQFS_LUyStnHGXRE/getUpdates "HTTP/1.1 200 OK"
2026-06-07 14:20:48,922 [INFO] httpx: HTTP Request: POST https://api.telegram.org/bot8677091828:AAF6Tsxq2JYSEX6EM8mPQFS_LUyStnHGXRE/getUpdates "HTTP/1.1 200 OK"
2026-06-07 14:20:59,131 [INFO] httpx: HTTP Request: POST https://api.telegram.org/bot8677091828:AAF6Tsxq2JYSEX6EM8mPQFS_LUyStnHGXRE/getUpdates "HTTP/1.1 200 OK"
2026-06-07 14:21:09,328 [INFO] httpx: HTTP Request: POST https://api.telegram.org/bot8677091828:AAF6Tsxq2JYSEX6EM8mPQFS_LUyStnHGXRE/getUpdates "HTTP/1.1 200 OK"
2026-06-07 14:21:19,521 [INFO] httpx: HTTP Request: POST https://api.telegram.org/bot8677091828:AAF6Tsxq2JYSEX6EM8mPQFS_LUyStnHGXRE/getUpdates "HTTP/1.1 200 OK"
2026-06-07 14:21:29,712 [INFO] httpx: HTTP Request: POST https://api.telegram.org/bot8677091828:AAF6Tsxq2JYSEX6EM8mPQFS_LUyStnHGXRE/getUpdates "HTTP/1.1 200 OK"
2026-06-07 14:21:39,898 [INFO] httpx: HTTP Request: POST https://api.telegram.org/bot8677091828:AAF6Tsxq2JYSEX6EM8mPQFS_LUyStnHGXRE/getUpdates "HTTP/1.1 200 OK"
2026-06-07 14:21:50,093 [INFO] httpx: HTTP Request: POST https://api.telegram.org/bot8677091828:AAF6Tsxq2JYSEX6EM8mPQFS_LUyStnHGXRE/getUpdates "HTTP/1.1 200 OK"
2026-06-07 14:22:00,292 [INFO] httpx: HTTP Request: POST https://api.telegram.org/bot8677091828:AAF6Tsxq2JYSEX6EM8mPQFS_LUyStnHGXRE/getUpdates "HTTP/1.1 200 OK"
2026-06-07 14:22:10,492 [INFO] httpx: HTTP Request: POST https://api.telegram.org/bot8677091828:AAF6Tsxq2JYSEX6EM8mPQFS_LUyStnHGXRE/getUpdates "HTTP/1.1 200 OK"
2026-06-07 14:22:20,676 [INFO] httpx: HTTP Request: POST https://api.telegram.org/bot8677091828:AAF6Tsxq2JYSEX6EM8mPQFS_LUyStnHGXRE/getUpdates "HTTP/1.1 200 OK"
2026-06-07 14:22:30,869 [INFO] httpx: HTTP Request: POST https://api.telegram.org/bot8677091828:AAF6Tsxq2JYSEX6EM8mPQFS_LUyStnHGXRE/getUpdates "HTTP/1.1 200 OK"
2026-06-07 14:22:41,062 [INFO] httpx: HTTP Request: POST https://api.telegram.org/bot8677091828:AAF6Tsxq2JYSEX6EM8mPQFS_LUyStnHGXRE/getUpdates "HTTP/1.1 200 OK"
2026-06-07 14:22:51,257 [INFO] httpx: HTTP Request: POST https://api.telegram.org/bot8677091828:AAF6Tsxq2JYSEX6EM8mPQFS_LUyStnHGXRE/getUpdates "HTTP/1.1 200 OK"
2026-06-07 14:23:01,465 [INFO] httpx: HTTP Request: POST https://api.telegram.org/bot8677091828:AAF6Tsxq2JYSEX6EM8mPQFS_LUyStnHGXRE/getUpdates "HTTP/1.1 200 OK"
2026-06-07 14:23:11,672 [INFO] httpx: HTTP Request: POST https://api.telegram.org/bot8677091828:AAF6Tsxq2JYSEX6EM8mPQFS_LUyStnHGXRE/getUpdates "HTTP/1.1 200 OK"
2026-06-07 14:23:21,861 [INFO] httpx: HTTP Request: POST https://api.telegram.org/bot8677091828:AAF6Tsxq2JYSEX6EM8mPQFS_LUyStnHGXRE/getUpdates "HTTP/1.1 200 OK"
2026-06-07 14:23:32,049 [INFO] httpx: HTTP Request: POST https://api.telegram.org/bot8677091828:AAF6Tsxq2JYSEX6EM8mPQFS_LUyStnHGXRE/getUpdates "HTTP/1.1 200 OK"
2026-06-07 14:23:42,235 [INFO] httpx: HTTP Request: POST https://api.telegram.org/bot8677091828:AAF6Tsxq2JYSEX6EM8mPQFS_LUyStnHGXRE/getUpdates "HTTP/1.1 200 OK"
2026-06-07 14:23:52,410 [INFO] httpx: HTTP Request: POST https://api.telegram.org/bot8677091828:AAF6Tsxq2JYSEX6EM8mPQFS_LUyStnHGXRE/getUpdates "HTTP/1.1 200 OK"
2026-06-07 14:24:02,592 [INFO] httpx: HTTP Request: POST https://api.telegram.org/bot8677091828:AAF6Tsxq2JYSEX6EM8mPQFS_LUyStnHGXRE/getUpdates "HTTP/1.1 200 OK"
2026-06-07 14:24:12,782 [INFO] httpx: HTTP Request: POST https://api.telegram.org/bot8677091828:AAF6Tsxq2JYSEX6EM8mPQFS_LUyStnHGXRE/getUpdates "HTTP/1.1 200 OK"
2026-06-07 14:24:22,967 [INFO] httpx: HTTP Request: POST https://api.telegram.org/bot8677091828:AAF6Tsxq2JYSEX6EM8mPQFS_LUyStnHGXRE/getUpdates "HTTP/1.1 200 OK"
2026-06-07 14:24:33,156 [INFO] httpx: HTTP Request: POST https://api.telegram.org/bot8677091828:AAF6Tsxq2JYSEX6EM8mPQFS_LUyStnHGXRE/getUpdates "HTTP/1.1 200 OK"
2026-06-07 14:24:43,354 [INFO] httpx: HTTP Request: POST https://api.telegram.org/bot8677091828:AAF6Tsxq2JYSEX6EM8mPQFS_LUyStnHGXRE/getUpdates "HTTP/1.1 200 OK"
2026-06-07 14:24:53,538 [INFO] httpx: HTTP Request: POST https://api.telegram.org/bot8677091828:AAF6Tsxq2JYSEX6EM8mPQFS_LUyStnHGXRE/getUpdates "HTTP/1.1 200 OK"
2026-06-07 14:25:03,728 [INFO] httpx: HTTP Request: POST https://api.telegram.org/bot8677091828:AAF6Tsxq2JYSEX6EM8mPQFS_LUyStnHGXRE/getUpdates "HTTP/1.1 200 OK"
2026-06-07 14:25:13,921 [INFO] httpx: HTTP Request: POST https://api.telegram.org/bot8677091828:AAF6Tsxq2JYSEX6EM8mPQFS_LUyStnHGXRE/getUpdates "HTTP/1.1 200 OK"
2026-06-07 14:25:24,117 [INFO] httpx: HTTP Request: POST https://api.telegram.org/bot8677091828:AAF6Tsxq2JYSEX6EM8mPQFS_LUyStnHGXRE/getUpdates "HTTP/1.1 200 OK"
2026-06-07 14:25:34,309 [INFO] httpx: HTTP Request: POST https://api.telegram.org/bot8677091828:AAF6Tsxq2JYSEX6EM8mPQFS_LUyStnHGXRE/getUpdates "HTTP/1.1 200 OK"
2026-06-07 14:25:44,537 [INFO] httpx: HTTP Request: POST https://api.telegram.org/bot8677091828:AAF6Tsxq2JYSEX6EM8mPQFS_LUyStnHGXRE/getUpdates "HTTP/1.1 200 OK"
2026-06-07 14:25:54,731 [INFO] httpx: HTTP Request: POST https://api.telegram.org/bot8677091828:AAF6Tsxq2JYSEX6EM8mPQFS_LUyStnHGXRE/getUpdates "HTTP/1.1 200 OK"
2026-06-07 14:26:04,928 [INFO] httpx: HTTP Request: POST https://api.telegram.org/bot8677091828:AAF6Tsxq2JYSEX6EM8mPQFS_LUyStnHGXRE/getUpdates "HTTP/1.1 200 OK"
2026-06-07 14:26:15,527 [INFO] httpx: HTTP Request: POST https://api.telegram.org/bot8677091828:AAF6Tsxq2JYSEX6EM8mPQFS_LUyStnHGXRE/getUpdates "HTTP/1.1 200 OK"
2026-06-07 14:26:25,711 [INFO] httpx: HTTP Request: POST https://api.telegram.org/bot8677091828:AAF6Tsxq2JYSEX6EM8mPQFS_LUyStnHGXRE/getUpdates "HTTP/1.1 200 OK"
2026-06-07 14:26:35,895 [INFO] httpx: HTTP Request: POST https://api.telegram.org/bot8677091828:AAF6Tsxq2JYSEX6EM8mPQFS_LUyStnHGXRE/getUpdates "HTTP/1.1 200 OK"
2026-06-07 14:26:46,111 [INFO] httpx: HTTP Request: POST https://api.telegram.org/bot8677091828:AAF6Tsxq2JYSEX6EM8mPQFS_LUyStnHGXRE/getUpdates "HTTP/1.1 200 OK"
2026-06-07 14:26:56,294 [INFO] httpx: HTTP Request: POST https://api.telegram.org/bot8677091828:AAF6Tsxq2JYSEX6EM8mPQFS_LUyStnHGXRE/getUpdates "HTTP/1.1 200 OK"
2026-06-07 14:27:06,487 [INFO] httpx: HTTP Request: POST https://api.telegram.org/bot8677091828:AAF6Tsxq2JYSEX6EM8mPQFS_LUyStnHGXRE/getUpdates "HTTP/1.1 200 OK"
2026-06-07 14:27:16,679 [INFO] httpx: HTTP Request: POST https://api.telegram.org/bot8677091828:AAF6Tsxq2JYSEX6EM8mPQFS_LUyStnHGXRE/getUpdates "HTTP/1.1 200 OK"
2026-06-07 14:27:26,863 [INFO] httpx: HTTP Request: POST https://api.telegram.org/bot8677091828:AAF6Tsxq2JYSEX6EM8mPQFS_LUyStnHGXRE/getUpdates "HTTP/1.1 200 OK"
2026-06-07 14:27:37,045 [INFO] httpx: HTTP Request: POST https://api.telegram.org/bot8677091828:AAF6Tsxq2JYSEX6EM8mPQFS_LUyStnHGXRE/getUpdates "HTTP/1.1 200 OK"
2026-06-07 14:27:47,238 [INFO] httpx: HTTP Request: POST https://api.telegram.org/bot8677091828:AAF6Tsxq2JYSEX6EM8mPQFS_LUyStnHGXRE/getUpdates "HTTP/1.1 200 OK"
2026-06-07 14:27:57,447 [INFO] httpx: HTTP Request: POST https://api.telegram.org/bot8677091828:AAF6Tsxq2JYSEX6EM8mPQFS_LUyStnHGXRE/getUpdates "HTTP/1.1 200 OK"
2026-06-07 14:28:07,674 [INFO] httpx: HTTP Request: POST https://api.telegram.org/bot8677091828:AAF6Tsxq2JYSEX6EM8mPQFS_LUyStnHGXRE/getUpdates "HTTP/1.1 200 OK"
2026-06-07 14:28:17,861 [INFO] httpx: HTTP Request: POST https://api.telegram.org/bot8677091828:AAF6Tsxq2JYSEX6EM8mPQFS_LUyStnHGXRE/getUpdates "HTTP/1.1 200 OK"
2026-06-07 14:28:28,045 [INFO] httpx: HTTP Request: POST https://api.telegram.org/bot8677091828:AAF6Tsxq2JYSEX6EM8mPQFS_LUyStnHGXRE/getUpdates "HTTP/1.1 200 OK"
2026-06-07 14:28:38,229 [INFO] httpx: HTTP Request: POST https://api.telegram.org/bot8677091828:AAF6Tsxq2JYSEX6EM8mPQFS_LUyStnHGXRE/getUpdates "HTTP/1.1 200 OK"
2026-06-07 14:28:48,412 [INFO] httpx: HTTP Request: POST https://api.telegram.org/bot8677091828:AAF6Tsxq2JYSEX6EM8mPQFS_LUyStnHGXRE/getUpdates "HTTP/1.1 200 OK"
2026-06-07 14:28:58,605 [INFO] httpx: HTTP Request: POST https://api.telegram.org/bot8677091828:AAF6Tsxq2JYSEX6EM8mPQFS_LUyStnHGXRE/getUpdates "HTTP/1.1 200 OK"
2026-06-07 14:29:08,798 [INFO] httpx: HTTP Request: POST https://api.telegram.org/bot8677091828:AAF6Tsxq2JYSEX6EM8mPQFS_LUyStnHGXRE/getUpdates "HTTP/1.1 200 OK"
2026-06-07 14:29:18,985 [INFO] httpx: HTTP Request: POST https://api.telegram.org/bot8677091828:AAF6Tsxq2JYSEX6EM8mPQFS_LUyStnHGXRE/getUpdates "HTTP/1.1 200 OK"
2026-06-07 14:29:29,164 [INFO] httpx: HTTP Request: POST https://api.telegram.org/bot8677091828:AAF6Tsxq2JYSEX6EM8mPQFS_LUyStnHGXRE/getUpdates "HTTP/1.1 200 OK"
2026-06-07 14:29:39,351 [INFO] httpx: HTTP Request: POST https://api.telegram.org/bot8677091828:AAF6Tsxq2JYSEX6EM8mPQFS_LUyStnHGXRE/getUpdates "HTTP/1.1 200 OK"
2026-06-07 14:29:49,540 [INFO] httpx: HTTP Request: POST https://api.telegram.org/bot8677091828:AAF6Tsxq2JYSEX6EM8mPQFS_LUyStnHGXRE/getUpdates "HTTP/1.1 200 OK"
2026-06-07 14:29:59,712 [INFO] httpx: HTTP Request: POST https://api.telegram.org/bot8677091828:AAF6Tsxq2JYSEX6EM8mPQFS_LUyStnHGXRE/getUpdates "HTTP/1.1 200 OK"
2026-06-07 14:30:09,895 [INFO] httpx: HTTP Request: POST https://api.telegram.org/bot8677091828:AAF6Tsxq2JYSEX6EM8mPQFS_LUyStnHGXRE/getUpdates "HTTP/1.1 200 OK"
2026-06-07 14:30:20,073 [INFO] httpx: HTTP Request: POST https://api.telegram.org/bot8677091828:AAF6Tsxq2JYSEX6EM8mPQFS_LUyStnHGXRE/getUpdates "HTTP/1.1 200 OK"
2026-06-07 14:30:30,259 [INFO] httpx: HTTP Request: POST https://api.telegram.org/bot8677091828:AAF6Tsxq2JYSEX6EM8mPQFS_LUyStnHGXRE/getUpdates "HTTP/1.1 200 OK"
2026-06-07 14:30:40,448 [INFO] httpx: HTTP Request: POST https://api.telegram.org/bot8677091828:AAF6Tsxq2JYSEX6EM8mPQFS_LUyStnHGXRE/getUpdates "HTTP/1.1 200 OK"
2026-06-07 14:30:50,642 [INFO] httpx: HTTP Request: POST https://api.telegram.org/bot8677091828:AAF6Tsxq2JYSEX6EM8mPQFS_LUyStnHGXRE/getUpdates "HTTP/1.1 200 OK"
2026-06-07 14:31:00,831 [INFO] httpx: HTTP Request: POST https://api.telegram.org/bot8677091828:AAF6Tsxq2JYSEX6EM8mPQFS_LUyStnHGXRE/getUpdates "HTTP/1.1 200 OK"
2026-06-07 14:31:11,015 [INFO] httpx: HTTP Request: POST https://api.telegram.org/bot8677091828:AAF6Tsxq2JYSEX6EM8mPQFS_LUyStnHGXRE/getUpdates "HTTP/1.1 200 OK"
2026-06-07 14:31:21,201 [INFO] httpx: HTTP Request: POST https://api.telegram.org/bot8677091828:AAF6Tsxq2JYSEX6EM8mPQFS_LUyStnHGXRE/getUpdates "HTTP/1.1 200 OK"
2026-06-07 14:31:31,394 [INFO] httpx: HTTP Request: POST https://api.telegram.org/bot8677091828:AAF6Tsxq2JYSEX6EM8mPQFS_LUyStnHGXRE/getUpdates "HTTP/1.1 200 OK"
2026-06-07 14:31:41,584 [INFO] httpx: HTTP Request: POST https://api.telegram.org/bot8677091828:AAF6Tsxq2JYSEX6EM8mPQFS_LUyStnHGXRE/getUpdates "HTTP/1.1 200 OK"
2026-06-07 14:31:51,786 [INFO] httpx: HTTP Request: POST https://api.telegram.org/bot8677091828:AAF6Tsxq2JYSEX6EM8mPQFS_LUyStnHGXRE/getUpdates "HTTP/1.1 200 OK"
2026-06-07 14:32:01,966 [INFO] httpx: HTTP Request: POST https://api.telegram.org/bot8677091828:AAF6Tsxq2JYSEX6EM8mPQFS_LUyStnHGXRE/getUpdates "HTTP/1.1 200 OK"
2026-06-07 14:32:12,156 [INFO] httpx: HTTP Request: POST https://api.telegram.org/bot8677091828:AAF6Tsxq2JYSEX6EM8mPQFS_LUyStnHGXRE/getUpdates "HTTP/1.1 200 OK"
2026-06-07 14:32:22,342 [INFO] httpx: HTTP Request: POST https://api.telegram.org/bot8677091828:AAF6Tsxq2JYSEX6EM8mPQFS_LUyStnHGXRE/getUpdates "HTTP/1.1 200 OK"
2026-06-07 14:32:32,522 [INFO] httpx: HTTP Request: POST https://api.telegram.org/bot8677091828:AAF6Tsxq2JYSEX6EM8mPQFS_LUyStnHGXRE/getUpdates "HTTP/1.1 200 OK"
2026-06-07 14:32:42,714 [INFO] httpx: HTTP Request: POST https://api.telegram.org/bot8677091828:AAF6Tsxq2JYSEX6EM8mPQFS_LUyStnHGXRE/getUpdates "HTTP/1.1 200 OK"
2026-06-07 14:32:52,905 [INFO] httpx: HTTP Request: POST https://api.telegram.org/bot8677091828:AAF6Tsxq2JYSEX6EM8mPQFS_LUyStnHGXRE/getUpdates "HTTP/1.1 200 OK"
2026-06-07 14:33:03,085 [INFO] httpx: HTTP Request: POST https://api.telegram.org/bot8677091828:AAF6Tsxq2JYSEX6EM8mPQFS_LUyStnHGXRE/getUpdates "HTTP/1.1 200 OK"
2026-06-07 14:33:13,270 [INFO] httpx: HTTP Request: POST https://api.telegram.org/bot8677091828:AAF6Tsxq2JYSEX6EM8mPQFS_LUyStnHGXRE/getUpdates "HTTP/1.1 200 OK"
2026-06-07 14:33:23,450 [INFO] httpx: HTTP Request: POST https://api.telegram.org/bot8677091828:AAF6Tsxq2JYSEX6EM8mPQFS_LUyStnHGXRE/getUpdates "HTTP/1.1 200 OK"
2026-06-07 14:33:33,636 [INFO] httpx: HTTP Request: POST https://api.telegram.org/bot8677091828:AAF6Tsxq2JYSEX6EM8mPQFS_LUyStnHGXRE/getUpdates "HTTP/1.1 200 OK"
2026-06-07 14:33:43,822 [INFO] httpx: HTTP Request: POST https://api.telegram.org/bot8677091828:AAF6Tsxq2JYSEX6EM8mPQFS_LUyStnHGXRE/getUpdates "HTTP/1.1 200 OK"
2026-06-07 14:33:54,005 [INFO] httpx: HTTP Request: POST https://api.telegram.org/bot8677091828:AAF6Tsxq2JYSEX6EM8mPQFS_LUyStnHGXRE/getUpdates "HTTP/1.1 200 OK"
2026-06-07 14:34:04,195 [INFO] httpx: HTTP Request: POST https://api.telegram.org/bot8677091828:AAF6Tsxq2JYSEX6EM8mPQFS_LUyStnHGXRE/getUpdates "HTTP/1.1 200 OK"
2026-06-07 14:34:14,394 [INFO] httpx: HTTP Request: POST https://api.telegram.org/bot8677091828:AAF6Tsxq2JYSEX6EM8mPQFS_LUyStnHGXRE/getUpdates "HTTP/1.1 200 OK"
2026-06-07 14:34:24,588 [INFO] httpx: HTTP Request: POST https://api.telegram.org/bot8677091828:AAF6Tsxq2JYSEX6EM8mPQFS_LUyStnHGXRE/getUpdates "HTTP/1.1 200 OK"
2026-06-07 14:34:34,772 [INFO] httpx: HTTP Request: POST https://api.telegram.org/bot8677091828:AAF6Tsxq2JYSEX6EM8mPQFS_LUyStnHGXRE/getUpdates "HTTP/1.1 200 OK"
2026-06-07 14:34:44,962 [INFO] httpx: HTTP Request: POST https://api.telegram.org/bot8677091828:AAF6Tsxq2JYSEX6EM8mPQFS_LUyStnHGXRE/getUpdates "HTTP/1.1 200 OK"
2026-06-07 14:34:55,164 [INFO] httpx: HTTP Request: POST https://api.telegram.org/bot8677091828:AAF6Tsxq2JYSEX6EM8mPQFS_LUyStnHGXRE/getUpdates "HTTP/1.1 200 OK"
2026-06-07 14:35:05,360 [INFO] httpx: HTTP Request: POST https://api.telegram.org/bot8677091828:AAF6Tsxq2JYSEX6EM8mPQFS_LUyStnHGXRE/getUpdates "HTTP/1.1 200 OK"
2026-06-07 14:35:15,642 [INFO] httpx: HTTP Request: POST https://api.telegram.org/bot8677091828:AAF6Tsxq2JYSEX6EM8mPQFS_LUyStnHGXRE/getUpdates "HTTP/1.1 200 OK"
2026-06-07 14:35:25,843 [INFO] httpx: HTTP Request: POST https://api.telegram.org/bot8677091828:AAF6Tsxq2JYSEX6EM8mPQFS_LUyStnHGXRE/getUpdates "HTTP/1.1 200 OK"
2026-06-07 14:35:36,031 [INFO] httpx: HTTP Request: POST https://api.telegram.org/bot8677091828:AAF6Tsxq2JYSEX6EM8mPQFS_LUyStnHGXRE/getUpdates "HTTP/1.1 200 OK"
2026-06-07 14:35:46,214 [INFO] httpx: HTTP Request: POST https://api.telegram.org/bot8677091828:AAF6Tsxq2JYSEX6EM8mPQFS_LUyStnHGXRE/getUpdates "HTTP/1.1 200 OK"
2026-06-07 14:35:56,399 [INFO] httpx: HTTP Request: POST https://api.telegram.org/bot8677091828:AAF6Tsxq2JYSEX6EM8mPQFS_LUyStnHGXRE/getUpdates "HTTP/1.1 200 OK"
2026-06-07 14:36:06,583 [INFO] httpx: HTTP Request: POST https://api.telegram.org/bot8677091828:AAF6Tsxq2JYSEX6EM8mPQFS_LUyStnHGXRE/getUpdates "HTTP/1.1 200 OK"
2026-06-07 14:36:16,781 [INFO] httpx: HTTP Request: POST https://api.telegram.org/bot8677091828:AAF6Tsxq2JYSEX6EM8mPQFS_LUyStnHGXRE/getUpdates "HTTP/1.1 200 OK"
2026-06-07 14:36:27,351 [INFO] httpx: HTTP Request: POST https://api.telegram.org/bot8677091828:AAF6Tsxq2JYSEX6EM8mPQFS_LUyStnHGXRE/getUpdates "HTTP/1.1 200 OK"
2026-06-07 14:36:37,536 [INFO] httpx: HTTP Request: POST https://api.telegram.org/bot8677091828:AAF6Tsxq2JYSEX6EM8mPQFS_LUyStnHGXRE/getUpdates "HTTP/1.1 200 OK"
2026-06-07 14:36:47,731 [INFO] httpx: HTTP Request: POST https://api.telegram.org/bot8677091828:AAF6Tsxq2JYSEX6EM8mPQFS_LUyStnHGXRE/getUpdates "HTTP/1.1 200 OK"
2026-06-07 14:36:57,908 [INFO] httpx: HTTP Request: POST https://api.telegram.org/bot8677091828:AAF6Tsxq2JYSEX6EM8mPQFS_LUyStnHGXRE/getUpdates "HTTP/1.1 200 OK"
2026-06-07 14:37:08,105 [INFO] httpx: HTTP Request: POST https://api.telegram.org/bot8677091828:AAF6Tsxq2JYSEX6EM8mPQFS_LUyStnHGXRE/getUpdates "HTTP/1.1 200 OK"
2026-06-07 14:37:18,287 [INFO] httpx: HTTP Request: POST https://api.telegram.org/bot8677091828:AAF6Tsxq2JYSEX6EM8mPQFS_LUyStnHGXRE/getUpdates "HTTP/1.1 200 OK"
2026-06-07 14:37:28,484 [INFO] httpx: HTTP Request: POST https://api.telegram.org/bot8677091828:AAF6Tsxq2JYSEX6EM8mPQFS_LUyStnHGXRE/getUpdates "HTTP/1.1 200 OK"
2026-06-07 14:37:38,679 [INFO] httpx: HTTP Request: POST https://api.telegram.org/bot8677091828:AAF6Tsxq2JYSEX6EM8mPQFS_LUyStnHGXRE/getUpdates "HTTP/1.1 200 OK"
2026-06-07 14:37:48,860 [INFO] httpx: HTTP Request: POST https://api.telegram.org/bot8677091828:AAF6Tsxq2JYSEX6EM8mPQFS_LUyStnHGXRE/getUpdates "HTTP/1.1 200 OK"
2026-06-07 14:37:59,054 [INFO] httpx: HTTP Request: POST https://api.telegram.org/bot8677091828:AAF6Tsxq2JYSEX6EM8mPQFS_LUyStnHGXRE/getUpdates "HTTP/1.1 200 OK"
2026-06-07 14:38:09,242 [INFO] httpx: HTTP Request: POST https://api.telegram.org/bot8677091828:AAF6Tsxq2JYSEX6EM8mPQFS_LUyStnHGXRE/getUpdates "HTTP/1.1 200 OK"
2026-06-07 14:38:19,423 [INFO] httpx: HTTP Request: POST https://api.telegram.org/bot8677091828:AAF6Tsxq2JYSEX6EM8mPQFS_LUyStnHGXRE/getUpdates "HTTP/1.1 200 OK"
2026-06-07 14:38:29,847 [INFO] httpx: HTTP Request: POST https://api.telegram.org/bot8677091828:AAF6Tsxq2JYSEX6EM8mPQFS_LUyStnHGXRE/getUpdates "HTTP/1.1 200 OK"
2026-06-07 14:38:40,040 [INFO] httpx: HTTP Request: POST https://api.telegram.org/bot8677091828:AAF6Tsxq2JYSEX6EM8mPQFS_LUyStnHGXRE/getUpdates "HTTP/1.1 200 OK"
2026-06-07 14:38:50,233 [INFO] httpx: HTTP Request: POST https://api.telegram.org/bot8677091828:AAF6Tsxq2JYSEX6EM8mPQFS_LUyStnHGXRE/getUpdates "HTTP/1.1 200 OK"
2026-06-07 14:39:00,417 [INFO] httpx: HTTP Request: POST https://api.telegram.org/bot8677091828:AAF6Tsxq2JYSEX6EM8mPQFS_LUyStnHGXRE/getUpdates "HTTP/1.1 200 OK"
2026-06-07 14:39:10,600 [INFO] httpx: HTTP Request: POST https://api.telegram.org/bot8677091828:AAF6Tsxq2JYSEX6EM8mPQFS_LUyStnHGXRE/getUpdates "HTTP/1.1 200 OK"
2026-06-07 14:39:20,790 [INFO] httpx: HTTP Request: POST https://api.telegram.org/bot8677091828:AAF6Tsxq2JYSEX6EM8mPQFS_LUyStnHGXRE/getUpdates "HTTP/1.1 200 OK"
2026-06-07 14:39:30,980 [INFO] httpx: HTTP Request: POST https://api.telegram.org/bot8677091828:AAF6Tsxq2JYSEX6EM8mPQFS_LUyStnHGXRE/getUpdates "HTTP/1.1 200 OK"
2026-06-07 14:39:41,158 [INFO] httpx: HTTP Request: POST https://api.telegram.org/bot8677091828:AAF6Tsxq2JYSEX6EM8mPQFS_LUyStnHGXRE/getUpdates "HTTP/1.1 200 OK"
2026-06-07 14:39:51,351 [INFO] httpx: HTTP Request: POST https://api.telegram.org/bot8677091828:AAF6Tsxq2JYSEX6EM8mPQFS_LUyStnHGXRE/getUpdates "HTTP/1.1 200 OK"
2026-06-07 14:40:01,539 [INFO] httpx: HTTP Request: POST https://api.telegram.org/bot8677091828:AAF6Tsxq2JYSEX6EM8mPQFS_LUyStnHGXRE/getUpdates "HTTP/1.1 200 OK"
2026-06-07 14:40:11,726 [INFO] httpx: HTTP Request: POST https://api.telegram.org/bot8677091828:AAF6Tsxq2JYSEX6EM8mPQFS_LUyStnHGXRE/getUpdates "HTTP/1.1 200 OK"
2026-06-07 14:40:21,909 [INFO] httpx: HTTP Request: POST https://api.telegram.org/bot8677091828:AAF6Tsxq2JYSEX6EM8mPQFS_LUyStnHGXRE/getUpdates "HTTP/1.1 200 OK"
2026-06-07 14:40:32,099 [INFO] httpx: HTTP Request: POST https://api.telegram.org/bot8677091828:AAF6Tsxq2JYSEX6EM8mPQFS_LUyStnHGXRE/getUpdates "HTTP/1.1 200 OK"
2026-06-07 14:40:42,282 [INFO] httpx: HTTP Request: POST https://api.telegram.org/bot8677091828:AAF6Tsxq2JYSEX6EM8mPQFS_LUyStnHGXRE/getUpdates "HTTP/1.1 200 OK"
2026-06-07 14:40:52,465 [INFO] httpx: HTTP Request: POST https://api.telegram.org/bot8677091828:AAF6Tsxq2JYSEX6EM8mPQFS_LUyStnHGXRE/getUpdates "HTTP/1.1 200 OK"
2026-06-07 14:41:02,644 [INFO] httpx: HTTP Request: POST https://api.telegram.org/bot8677091828:AAF6Tsxq2JYSEX6EM8mPQFS_LUyStnHGXRE/getUpdates "HTTP/1.1 200 OK"
2026-06-07 14:41:12,821 [INFO] httpx: HTTP Request: POST https://api.telegram.org/bot8677091828:AAF6Tsxq2JYSEX6EM8mPQFS_LUyStnHGXRE/getUpdates "HTTP/1.1 200 OK"
2026-06-07 14:41:23,011 [INFO] httpx: HTTP Request: POST https://api.telegram.org/bot8677091828:AAF6Tsxq2JYSEX6EM8mPQFS_LUyStnHGXRE/getUpdates "HTTP/1.1 200 OK"
2026-06-07 14:41:33,201 [INFO] httpx: HTTP Request: POST https://api.telegram.org/bot8677091828:AAF6Tsxq2JYSEX6EM8mPQFS_LUyStnHGXRE/getUpdates "HTTP/1.1 200 OK"
2026-06-07 14:41:43,383 [INFO] httpx: HTTP Request: POST https://api.telegram.org/bot8677091828:AAF6Tsxq2JYSEX6EM8mPQFS_LUyStnHGXRE/getUpdates "HTTP/1.1 200 OK"
2026-06-07 14:41:53,571 [INFO] httpx: HTTP Request: POST https://api.telegram.org/bot8677091828:AAF6Tsxq2JYSEX6EM8mPQFS_LUyStnHGXRE/getUpdates "HTTP/1.1 200 OK"
2026-06-07 14:42:03,767 [INFO] httpx: HTTP Request: POST https://api.telegram.org/bot8677091828:AAF6Tsxq2JYSEX6EM8mPQFS_LUyStnHGXRE/getUpdates "HTTP/1.1 200 OK"
2026-06-07 14:42:13,955 [INFO] httpx: HTTP Request: POST https://api.telegram.org/bot8677091828:AAF6Tsxq2JYSEX6EM8mPQFS_LUyStnHGXRE/getUpdates "HTTP/1.1 200 OK"
2026-06-07 14:42:24,166 [INFO] httpx: HTTP Request: POST https://api.telegram.org/bot8677091828:AAF6Tsxq2JYSEX6EM8mPQFS_LUyStnHGXRE/getUpdates "HTTP/1.1 200 OK"
2026-06-07 14:42:34,349 [INFO] httpx: HTTP Request: POST https://api.telegram.org/bot8677091828:AAF6Tsxq2JYSEX6EM8mPQFS_LUyStnHGXRE/getUpdates "HTTP/1.1 200 OK"
2026-06-07 14:42:44,534 [INFO] httpx: HTTP Request: POST https://api.telegram.org/bot8677091828:AAF6Tsxq2JYSEX6EM8mPQFS_LUyStnHGXRE/getUpdates "HTTP/1.1 200 OK"
2026-06-07 14:42:54,727 [INFO] httpx: HTTP Request: POST https://api.telegram.org/bot8677091828:AAF6Tsxq2JYSEX6EM8mPQFS_LUyStnHGXRE/getUpdates "HTTP/1.1 200 OK"
2026-06-07 14:43:04,916 [INFO] httpx: HTTP Request: POST https://api.telegram.org/bot8677091828:AAF6Tsxq2JYSEX6EM8mPQFS_LUyStnHGXRE/getUpdates "HTTP/1.1 200 OK"
2026-06-07 14:43:15,095 [INFO] httpx: HTTP Request: POST https://api.telegram.org/bot8677091828:AAF6Tsxq2JYSEX6EM8mPQFS_LUyStnHGXRE/getUpdates "HTTP/1.1 200 OK"
2026-06-07 14:43:25,284 [INFO] httpx: HTTP Request: POST https://api.telegram.org/bot8677091828:AAF6Tsxq2JYSEX6EM8mPQFS_LUyStnHGXRE/getUpdates "HTTP/1.1 200 OK"
2026-06-07 14:43:35,617 [INFO] httpx: HTTP Request: POST https://api.telegram.org/bot8677091828:AAF6Tsxq2JYSEX6EM8mPQFS_LUyStnHGXRE/getUpdates "HTTP/1.1 200 OK"
2026-06-07 14:43:45,833 [INFO] httpx: HTTP Request: POST https://api.telegram.org/bot8677091828:AAF6Tsxq2JYSEX6EM8mPQFS_LUyStnHGXRE/getUpdates "HTTP/1.1 200 OK"
2026-06-07 14:43:56,020 [INFO] httpx: HTTP Request: POST https://api.telegram.org/bot8677091828:AAF6Tsxq2JYSEX6EM8mPQFS_LUyStnHGXRE/getUpdates "HTTP/1.1 200 OK"
2026-06-07 14:44:06,212 [INFO] httpx: HTTP Request: POST https://api.telegram.org/bot8677091828:AAF6Tsxq2JYSEX6EM8mPQFS_LUyStnHGXRE/getUpdates "HTTP/1.1 200 OK"
2026-06-07 14:44:16,401 [INFO] httpx: HTTP Request: POST https://api.telegram.org/bot8677091828:AAF6Tsxq2JYSEX6EM8mPQFS_LUyStnHGXRE/getUpdates "HTTP/1.1 200 OK"
2026-06-07 14:44:26,581 [INFO] httpx: HTTP Request: POST https://api.telegram.org/bot8677091828:AAF6Tsxq2JYSEX6EM8mPQFS_LUyStnHGXRE/getUpdates "HTTP/1.1 200 OK"
2026-06-07 14:44:36,758 [INFO] httpx: HTTP Request: POST https://api.telegram.org/bot8677091828:AAF6Tsxq2JYSEX6EM8mPQFS_LUyStnHGXRE/getUpdates "HTTP/1.1 200 OK"
2026-06-07 14:44:46,936 [INFO] httpx: HTTP Request: POST https://api.telegram.org/bot8677091828:AAF6Tsxq2JYSEX6EM8mPQFS_LUyStnHGXRE/getUpdates "HTTP/1.1 200 OK"
2026-06-07 14:44:57,120 [INFO] httpx: HTTP Request: POST https://api.telegram.org/bot8677091828:AAF6Tsxq2JYSEX6EM8mPQFS_LUyStnHGXRE/getUpdates "HTTP/1.1 200 OK"
2026-06-07 14:45:07,300 [INFO] httpx: HTTP Request: POST https://api.telegram.org/bot8677091828:AAF6Tsxq2JYSEX6EM8mPQFS_LUyStnHGXRE/getUpdates "HTTP/1.1 200 OK"
2026-06-07 14:45:17,503 [INFO] httpx: HTTP Request: POST https://api.telegram.org/bot8677091828:AAF6Tsxq2JYSEX6EM8mPQFS_LUyStnHGXRE/getUpdates "HTTP/1.1 200 OK"
2026-06-07 14:45:27,684 [INFO] httpx: HTTP Request: POST https://api.telegram.org/bot8677091828:AAF6Tsxq2JYSEX6EM8mPQFS_LUyStnHGXRE/getUpdates "HTTP/1.1 200 OK"
2026-06-07 14:45:38,254 [INFO] httpx: HTTP Request: POST https://api.telegram.org/bot8677091828:AAF6Tsxq2JYSEX6EM8mPQFS_LUyStnHGXRE/getUpdates "HTTP/1.1 200 OK"
2026-06-07 14:45:48,444 [INFO] httpx: HTTP Request: POST https://api.telegram.org/bot8677091828:AAF6Tsxq2JYSEX6EM8mPQFS_LUyStnHGXRE/getUpdates "HTTP/1.1 200 OK"
2026-06-07 14:45:58,626 [INFO] httpx: HTTP Request: POST https://api.telegram.org/bot8677091828:AAF6Tsxq2JYSEX6EM8mPQFS_LUyStnHGXRE/getUpdates "HTTP/1.1 200 OK"
2026-06-07 14:46:08,810 [INFO] httpx: HTTP Request: POST https://api.telegram.org/bot8677091828:AAF6Tsxq2JYSEX6EM8mPQFS_LUyStnHGXRE/getUpdates "HTTP/1.1 200 OK"
2026-06-07 14:46:18,994 [INFO] httpx: HTTP Request: POST https://api.telegram.org/bot8677091828:AAF6Tsxq2JYSEX6EM8mPQFS_LUyStnHGXRE/getUpdates "HTTP/1.1 200 OK"
2026-06-07 14:46:29,183 [INFO] httpx: HTTP Request: POST https://api.telegram.org/bot8677091828:AAF6Tsxq2JYSEX6EM8mPQFS_LUyStnHGXRE/getUpdates "HTTP/1.1 200 OK"
2026-06-07 14:46:39,371 [INFO] httpx: HTTP Request: POST https://api.telegram.org/bot8677091828:AAF6Tsxq2JYSEX6EM8mPQFS_LUyStnHGXRE/getUpdates "HTTP/1.1 200 OK"
2026-06-07 14:46:49,580 [INFO] httpx: HTTP Request: POST https://api.telegram.org/bot8677091828:AAF6Tsxq2JYSEX6EM8mPQFS_LUyStnHGXRE/getUpdates "HTTP/1.1 200 OK"
2026-06-07 14:46:59,768 [INFO] httpx: HTTP Request: POST https://api.telegram.org/bot8677091828:AAF6Tsxq2JYSEX6EM8mPQFS_LUyStnHGXRE/getUpdates "HTTP/1.1 200 OK"
2026-06-07 14:47:09,953 [INFO] httpx: HTTP Request: POST https://api.telegram.org/bot8677091828:AAF6Tsxq2JYSEX6EM8mPQFS_LUyStnHGXRE/getUpdates "HTTP/1.1 200 OK"
2026-06-07 14:47:20,162 [INFO] httpx: HTTP Request: POST https://api.telegram.org/bot8677091828:AAF6Tsxq2JYSEX6EM8mPQFS_LUyStnHGXRE/getUpdates "HTTP/1.1 200 OK"
2026-06-07 14:47:30,362 [INFO] httpx: HTTP Request: POST https://api.telegram.org/bot8677091828:AAF6Tsxq2JYSEX6EM8mPQFS_LUyStnHGXRE/getUpdates "HTTP/1.1 200 OK"
2026-06-07 14:47:40,570 [INFO] httpx: HTTP Request: POST https://api.telegram.org/bot8677091828:AAF6Tsxq2JYSEX6EM8mPQFS_LUyStnHGXRE/getUpdates "HTTP/1.1 200 OK"
2026-06-07 14:47:50,771 [INFO] httpx: HTTP Request: POST https://api.telegram.org/bot8677091828:AAF6Tsxq2JYSEX6EM8mPQFS_LUyStnHGXRE/getUpdates "HTTP/1.1 200 OK"
2026-06-07 14:48:00,975 [INFO] httpx: HTTP Request: POST https://api.telegram.org/bot8677091828:AAF6Tsxq2JYSEX6EM8mPQFS_LUyStnHGXRE/getUpdates "HTTP/1.1 200 OK"
2026-06-07 14:48:11,167 [INFO] httpx: HTTP Request: POST https://api.telegram.org/bot8677091828:AAF6Tsxq2JYSEX6EM8mPQFS_LUyStnHGXRE/getUpdates "HTTP/1.1 200 OK"
2026-06-07 14:48:21,358 [INFO] httpx: HTTP Request: POST https://api.telegram.org/bot8677091828:AAF6Tsxq2JYSEX6EM8mPQFS_LUyStnHGXRE/getUpdates "HTTP/1.1 200 OK"
2026-06-07 14:48:31,546 [INFO] httpx: HTTP Request: POST https://api.telegram.org/bot8677091828:AAF6Tsxq2JYSEX6EM8mPQFS_LUyStnHGXRE/getUpdates "HTTP/1.1 200 OK"
2026-06-07 14:48:41,747 [INFO] httpx: HTTP Request: POST https://api.telegram.org/bot8677091828:AAF6Tsxq2JYSEX6EM8mPQFS_LUyStnHGXRE/getUpdates "HTTP/1.1 200 OK"
2026-06-07 14:48:51,939 [INFO] httpx: HTTP Request: POST https://api.telegram.org/bot8677091828:AAF6Tsxq2JYSEX6EM8mPQFS_LUyStnHGXRE/getUpdates "HTTP/1.1 200 OK"
2026-06-07 14:49:02,545 [INFO] httpx: HTTP Request: POST https://api.telegram.org/bot8677091828:AAF6Tsxq2JYSEX6EM8mPQFS_LUyStnHGXRE/getUpdates "HTTP/1.1 200 OK"
2026-06-07 14:49:13,548 [INFO] httpx: HTTP Request: POST https://api.telegram.org/bot8677091828:AAF6Tsxq2JYSEX6EM8mPQFS_LUyStnHGXRE/getUpdates "HTTP/1.1 200 OK"
2026-06-07 15:21:47,907 [INFO] httpx: HTTP Request: POST https://api.telegram.org/bot8677091828:AAF6Tsxq2JYSEX6EM8mPQFS_LUyStnHGXRE/getUpdates "HTTP/1.1 200 OK"
2026-06-07 15:21:58,156 [INFO] httpx: HTTP Request: POST https://api.telegram.org/bot8677091828:AAF6Tsxq2JYSEX6EM8mPQFS_LUyStnHGXRE/getUpdates "HTTP/1.1 200 OK"
2026-06-07 15:22:08,330 [INFO] httpx: HTTP Request: POST https://api.telegram.org/bot8677091828:AAF6Tsxq2JYSEX6EM8mPQFS_LUyStnHGXRE/getUpdates "HTTP/1.1 200 OK"
2026-06-07 15:22:18,532 [INFO] httpx: HTTP Request: POST https://api.telegram.org/bot8677091828:AAF6Tsxq2JYSEX6EM8mPQFS_LUyStnHGXRE/getUpdates "HTTP/1.1 200 OK"
2026-06-07 15:22:29,928 [INFO] httpx: HTTP Request: POST https://api.telegram.org/bot8677091828:AAF6Tsxq2JYSEX6EM8mPQFS_LUyStnHGXRE/getUpdates "HTTP/1.1 200 OK"
2026-06-07 15:22:40,168 [INFO] httpx: HTTP Request: POST https://api.telegram.org/bot8677091828:AAF6Tsxq2JYSEX6EM8mPQFS_LUyStnHGXRE/getUpdates "HTTP/1.1 200 OK"
2026-06-07 15:22:50,408 [INFO] httpx: HTTP Request: POST https://api.telegram.org/bot8677091828:AAF6Tsxq2JYSEX6EM8mPQFS_LUyStnHGXRE/getUpdates "HTTP/1.1 200 OK"
2026-06-07 15:23:00,584 [INFO] httpx: HTTP Request: POST https://api.telegram.org/bot8677091828:AAF6Tsxq2JYSEX6EM8mPQFS_LUyStnHGXRE/getUpdates "HTTP/1.1 200 OK"
2026-06-07 15:23:10,754 [INFO] httpx: HTTP Request: POST https://api.telegram.org/bot8677091828:AAF6Tsxq2JYSEX6EM8mPQFS_LUyStnHGXRE/getUpdates "HTTP/1.1 200 OK"
2026-06-07 15:23:21,025 [INFO] httpx: HTTP Request: POST https://api.telegram.org/bot8677091828:AAF6Tsxq2JYSEX6EM8mPQFS_LUyStnHGXRE/getUpdates "HTTP/1.1 200 OK"
2026-06-07 15:23:31,205 [INFO] httpx: HTTP Request: POST https://api.telegram.org/bot8677091828:AAF6Tsxq2JYSEX6EM8mPQFS_LUyStnHGXRE/getUpdates "HTTP/1.1 200 OK"
2026-06-07 15:23:41,404 [INFO] httpx: HTTP Request: POST https://api.telegram.org/bot8677091828:AAF6Tsxq2JYSEX6EM8mPQFS_LUyStnHGXRE/getUpdates "HTTP/1.1 200 OK"
2026-06-07 15:23:51,745 [INFO] httpx: HTTP Request: POST https://api.telegram.org/bot8677091828:AAF6Tsxq2JYSEX6EM8mPQFS_LUyStnHGXRE/getUpdates "HTTP/1.1 200 OK"
2026-06-07 15:24:01,985 [INFO] httpx: HTTP Request: POST https://api.telegram.org/bot8677091828:AAF6Tsxq2JYSEX6EM8mPQFS_LUyStnHGXRE/getUpdates "HTTP/1.1 200 OK"
2026-06-07 15:24:12,327 [INFO] httpx: HTTP Request: POST https://api.telegram.org/bot8677091828:AAF6Tsxq2JYSEX6EM8mPQFS_LUyStnHGXRE/getUpdates "HTTP/1.1 200 OK"
2026-06-07 15:24:22,567 [INFO] httpx: HTTP Request: POST https://api.telegram.org/bot8677091828:AAF6Tsxq2JYSEX6EM8mPQFS_LUyStnHGXRE/getUpdates "HTTP/1.1 200 OK"
2026-06-07 15:24:32,807 [INFO] httpx: HTTP Request: POST https://api.telegram.org/bot8677091828:AAF6Tsxq2JYSEX6EM8mPQFS_LUyStnHGXRE/getUpdates "HTTP/1.1 200 OK"
2026-06-07 15:24:43,014 [INFO] httpx: HTTP Request: POST https://api.telegram.org/bot8677091828:AAF6Tsxq2JYSEX6EM8mPQFS_LUyStnHGXRE/getUpdates "HTTP/1.1 200 OK"
2026-06-07 15:24:53,492 [INFO] httpx: HTTP Request: POST https://api.telegram.org/bot8677091828:AAF6Tsxq2JYSEX6EM8mPQFS_LUyStnHGXRE/getUpdates "HTTP/1.1 200 OK"
2026-06-07 15:25:03,835 [INFO] httpx: HTTP Request: POST https://api.telegram.org/bot8677091828:AAF6Tsxq2JYSEX6EM8mPQFS_LUyStnHGXRE/getUpdates "HTTP/1.1 200 OK"
2026-06-07 15:25:14,177 [INFO] httpx: HTTP Request: POST https://api.telegram.org/bot8677091828:AAF6Tsxq2JYSEX6EM8mPQFS_LUyStnHGXRE/getUpdates "HTTP/1.1 200 OK"
2026-06-07 15:25:24,416 [INFO] httpx: HTTP Request: POST https://api.telegram.org/bot8677091828:AAF6Tsxq2JYSEX6EM8mPQFS_LUyStnHGXRE/getUpdates "HTTP/1.1 200 OK"
2026-06-07 15:25:34,656 [INFO] httpx: HTTP Request: POST https://api.telegram.org/bot8677091828:AAF6Tsxq2JYSEX6EM8mPQFS_LUyStnHGXRE/getUpdates "HTTP/1.1 200 OK"
2026-06-07 15:25:44,887 [INFO] httpx: HTTP Request: POST https://api.telegram.org/bot8677091828:AAF6Tsxq2JYSEX6EM8mPQFS_LUyStnHGXRE/getUpdates "HTTP/1.1 200 OK"
2026-06-07 15:25:55,218 [INFO] httpx: HTTP Request: POST https://api.telegram.org/bot8677091828:AAF6Tsxq2JYSEX6EM8mPQFS_LUyStnHGXRE/getUpdates "HTTP/1.1 200 OK"
2026-06-07 15:26:05,478 [INFO] httpx: HTTP Request: POST https://api.telegram.org/bot8677091828:AAF6Tsxq2JYSEX6EM8mPQFS_LUyStnHGXRE/getUpdates "HTTP/1.1 200 OK"
2026-06-07 15:26:15,658 [INFO] httpx: HTTP Request: POST https://api.telegram.org/bot8677091828:AAF6Tsxq2JYSEX6EM8mPQFS_LUyStnHGXRE/getUpdates "HTTP/1.1 200 OK"
2026-06-07 15:26:25,855 [INFO] httpx: HTTP Request: POST https://api.telegram.org/bot8677091828:AAF6Tsxq2JYSEX6EM8mPQFS_LUyStnHGXRE/getUpdates "HTTP/1.1 200 OK"
2026-06-07 15:26:36,061 [INFO] httpx: HTTP Request: POST https://api.telegram.org/bot8677091828:AAF6Tsxq2JYSEX6EM8mPQFS_LUyStnHGXRE/getUpdates "HTTP/1.1 200 OK"
2026-06-07 15:26:46,335 [INFO] httpx: HTTP Request: POST https://api.telegram.org/bot8677091828:AAF6Tsxq2JYSEX6EM8mPQFS_LUyStnHGXRE/getUpdates "HTTP/1.1 200 OK"
2026-06-07 15:26:56,575 [INFO] httpx: HTTP Request: POST https://api.telegram.org/bot8677091828:AAF6Tsxq2JYSEX6EM8mPQFS_LUyStnHGXRE/getUpdates "HTTP/1.1 200 OK"
2026-06-07 15:27:06,829 [INFO] httpx: HTTP Request: POST https://api.telegram.org/bot8677091828:AAF6Tsxq2JYSEX6EM8mPQFS_LUyStnHGXRE/getUpdates "HTTP/1.1 200 OK"
2026-06-07 15:27:17,054 [INFO] httpx: HTTP Request: POST https://api.telegram.org/bot8677091828:AAF6Tsxq2JYSEX6EM8mPQFS_LUyStnHGXRE/getUpdates "HTTP/1.1 200 OK"
2026-06-07 15:27:27,295 [INFO] httpx: HTTP Request: POST https://api.telegram.org/bot8677091828:AAF6Tsxq2JYSEX6EM8mPQFS_LUyStnHGXRE/getUpdates "HTTP/1.1 200 OK"
2026-06-07 15:27:37,533 [INFO] httpx: HTTP Request: POST https://api.telegram.org/bot8677091828:AAF6Tsxq2JYSEX6EM8mPQFS_LUyStnHGXRE/getUpdates "HTTP/1.1 200 OK"
2026-06-07 15:27:47,743 [INFO] httpx: HTTP Request: POST https://api.telegram.org/bot8677091828:AAF6Tsxq2JYSEX6EM8mPQFS_LUyStnHGXRE/getUpdates "HTTP/1.1 200 OK"
2026-06-07 15:27:58,424 [INFO] httpx: HTTP Request: POST https://api.telegram.org/bot8677091828:AAF6Tsxq2JYSEX6EM8mPQFS_LUyStnHGXRE/getUpdates "HTTP/1.1 200 OK"
2026-06-07 15:28:08,766 [INFO] httpx: HTTP Request: POST https://api.telegram.org/bot8677091828:AAF6Tsxq2JYSEX6EM8mPQFS_LUyStnHGXRE/getUpdates "HTTP/1.1 200 OK"
2026-06-07 15:28:19,016 [INFO] httpx: HTTP Request: POST https://api.telegram.org/bot8677091828:AAF6Tsxq2JYSEX6EM8mPQFS_LUyStnHGXRE/getUpdates "HTTP/1.1 200 OK"
2026-06-07 15:28:29,210 [INFO] httpx: HTTP Request: POST https://api.telegram.org/bot8677091828:AAF6Tsxq2JYSEX6EM8mPQFS_LUyStnHGXRE/getUpdates "HTTP/1.1 200 OK"
2026-06-07 15:28:39,486 [INFO] httpx: HTTP Request: POST https://api.telegram.org/bot8677091828:AAF6Tsxq2JYSEX6EM8mPQFS_LUyStnHGXRE/getUpdates "HTTP/1.1 200 OK"
2026-06-07 15:28:49,689 [INFO] httpx: HTTP Request: POST https://api.telegram.org/bot8677091828:AAF6Tsxq2JYSEX6EM8mPQFS_LUyStnHGXRE/getUpdates "HTTP/1.1 200 OK"
2026-06-07 15:28:59,970 [INFO] httpx: HTTP Request: POST https://api.telegram.org/bot8677091828:AAF6Tsxq2JYSEX6EM8mPQFS_LUyStnHGXRE/getUpdates "HTTP/1.1 200 OK"
2026-06-07 15:29:10,214 [INFO] httpx: HTTP Request: POST https://api.telegram.org/bot8677091828:AAF6Tsxq2JYSEX6EM8mPQFS_LUyStnHGXRE/getUpdates "HTTP/1.1 200 OK"
2026-06-07 15:29:20,404 [INFO] httpx: HTTP Request: POST https://api.telegram.org/bot8677091828:AAF6Tsxq2JYSEX6EM8mPQFS_LUyStnHGXRE/getUpdates "HTTP/1.1 200 OK"
2026-06-07 15:29:30,581 [INFO] httpx: HTTP Request: POST https://api.telegram.org/bot8677091828:AAF6Tsxq2JYSEX6EM8mPQFS_LUyStnHGXRE/getUpdates "HTTP/1.1 200 OK"
2026-06-07 15:29:40,784 [INFO] httpx: HTTP Request: POST https://api.telegram.org/bot8677091828:AAF6Tsxq2JYSEX6EM8mPQFS_LUyStnHGXRE/getUpdates "HTTP/1.1 200 OK"
2026-06-07 15:29:51,011 [INFO] httpx: HTTP Request: POST https://api.telegram.org/bot8677091828:AAF6Tsxq2JYSEX6EM8mPQFS_LUyStnHGXRE/getUpdates "HTTP/1.1 200 OK"
2026-06-07 15:30:01,193 [INFO] httpx: HTTP Request: POST https://api.telegram.org/bot8677091828:AAF6Tsxq2JYSEX6EM8mPQFS_LUyStnHGXRE/getUpdates "HTTP/1.1 200 OK"
2026-06-07 15:30:11,441 [INFO] httpx: HTTP Request: POST https://api.telegram.org/bot8677091828:AAF6Tsxq2JYSEX6EM8mPQFS_LUyStnHGXRE/getUpdates "HTTP/1.1 200 OK"
2026-06-07 15:30:21,615 [INFO] httpx: HTTP Request: POST https://api.telegram.org/bot8677091828:AAF6Tsxq2JYSEX6EM8mPQFS_LUyStnHGXRE/getUpdates "HTTP/1.1 200 OK"
2026-06-07 15:30:31,921 [INFO] httpx: HTTP Request: POST https://api.telegram.org/bot8677091828:AAF6Tsxq2JYSEX6EM8mPQFS_LUyStnHGXRE/getUpdates "HTTP/1.1 200 OK"
2026-06-07 15:30:42,198 [INFO] httpx: HTTP Request: POST https://api.telegram.org/bot8677091828:AAF6Tsxq2JYSEX6EM8mPQFS_LUyStnHGXRE/getUpdates "HTTP/1.1 200 OK"
2026-06-07 15:30:52,603 [INFO] httpx: HTTP Request: POST https://api.telegram.org/bot8677091828:AAF6Tsxq2JYSEX6EM8mPQFS_LUyStnHGXRE/getUpdates "HTTP/1.1 200 OK"
2026-06-07 15:31:02,878 [INFO] httpx: HTTP Request: POST https://api.telegram.org/bot8677091828:AAF6Tsxq2JYSEX6EM8mPQFS_LUyStnHGXRE/getUpdates "HTTP/1.1 200 OK"
2026-06-07 15:31:13,295 [INFO] httpx: HTTP Request: POST https://api.telegram.org/bot8677091828:AAF6Tsxq2JYSEX6EM8mPQFS_LUyStnHGXRE/getUpdates "HTTP/1.1 200 OK"
2026-06-07 15:31:23,530 [INFO] httpx: HTTP Request: POST https://api.telegram.org/bot8677091828:AAF6Tsxq2JYSEX6EM8mPQFS_LUyStnHGXRE/getUpdates "HTTP/1.1 200 OK"
2026-06-07 15:31:33,767 [INFO] httpx: HTTP Request: POST https://api.telegram.org/bot8677091828:AAF6Tsxq2JYSEX6EM8mPQFS_LUyStnHGXRE/getUpdates "HTTP/1.1 200 OK"
2026-06-07 15:31:44,113 [INFO] httpx: HTTP Request: POST https://api.telegram.org/bot8677091828:AAF6Tsxq2JYSEX6EM8mPQFS_LUyStnHGXRE/getUpdates "HTTP/1.1 200 OK"
2026-06-07 15:31:54,350 [INFO] httpx: HTTP Request: POST https://api.telegram.org/bot8677091828:AAF6Tsxq2JYSEX6EM8mPQFS_LUyStnHGXRE/getUpdates "HTTP/1.1 200 OK"
2026-06-07 15:32:04,596 [INFO] httpx: HTTP Request: POST https://api.telegram.org/bot8677091828:AAF6Tsxq2JYSEX6EM8mPQFS_LUyStnHGXRE/getUpdates "HTTP/1.1 200 OK"
2026-06-07 15:32:14,829 [INFO] httpx: HTTP Request: POST https://api.telegram.org/bot8677091828:AAF6Tsxq2JYSEX6EM8mPQFS_LUyStnHGXRE/getUpdates "HTTP/1.1 200 OK"
2026-06-07 15:32:25,175 [INFO] httpx: HTTP Request: POST https://api.telegram.org/bot8677091828:AAF6Tsxq2JYSEX6EM8mPQFS_LUyStnHGXRE/getUpdates "HTTP/1.1 200 OK"
2026-06-07 15:32:35,514 [INFO] httpx: HTTP Request: POST https://api.telegram.org/bot8677091828:AAF6Tsxq2JYSEX6EM8mPQFS_LUyStnHGXRE/getUpdates "HTTP/1.1 200 OK"
2026-06-07 15:32:45,734 [INFO] httpx: HTTP Request: POST https://api.telegram.org/bot8677091828:AAF6Tsxq2JYSEX6EM8mPQFS_LUyStnHGXRE/getUpdates "HTTP/1.1 200 OK"
2026-06-07 15:32:55,920 [INFO] httpx: HTTP Request: POST https://api.telegram.org/bot8677091828:AAF6Tsxq2JYSEX6EM8mPQFS_LUyStnHGXRE/getUpdates "HTTP/1.1 200 OK"
2026-06-07 15:33:06,131 [INFO] httpx: HTTP Request: POST https://api.telegram.org/bot8677091828:AAF6Tsxq2JYSEX6EM8mPQFS_LUyStnHGXRE/getUpdates "HTTP/1.1 200 OK"
2026-06-07 15:33:16,370 [INFO] httpx: HTTP Request: POST https://api.telegram.org/bot8677091828:AAF6Tsxq2JYSEX6EM8mPQFS_LUyStnHGXRE/getUpdates "HTTP/1.1 200 OK"
2026-06-07 15:33:26,577 [INFO] httpx: HTTP Request: POST https://api.telegram.org/bot8677091828:AAF6Tsxq2JYSEX6EM8mPQFS_LUyStnHGXRE/getUpdates "HTTP/1.1 200 OK"
2026-06-07 15:33:36,871 [INFO] httpx: HTTP Request: POST https://api.telegram.org/bot8677091828:AAF6Tsxq2JYSEX6EM8mPQFS_LUyStnHGXRE/getUpdates "HTTP/1.1 200 OK"
2026-06-07 15:33:47,295 [INFO] httpx: HTTP Request: POST https://api.telegram.org/bot8677091828:AAF6Tsxq2JYSEX6EM8mPQFS_LUyStnHGXRE/getUpdates "HTTP/1.1 200 OK"
2026-06-07 15:33:57,535 [INFO] httpx: HTTP Request: POST https://api.telegram.org/bot8677091828:AAF6Tsxq2JYSEX6EM8mPQFS_LUyStnHGXRE/getUpdates "HTTP/1.1 200 OK"
2026-06-07 15:34:07,775 [INFO] httpx: HTTP Request: POST https://api.telegram.org/bot8677091828:AAF6Tsxq2JYSEX6EM8mPQFS_LUyStnHGXRE/getUpdates "HTTP/1.1 200 OK"
2026-06-07 15:34:18,018 [INFO] httpx: HTTP Request: POST https://api.telegram.org/bot8677091828:AAF6Tsxq2JYSEX6EM8mPQFS_LUyStnHGXRE/getUpdates "HTTP/1.1 200 OK"
2026-06-07 15:34:28,192 [INFO] httpx: HTTP Request: POST https://api.telegram.org/bot8677091828:AAF6Tsxq2JYSEX6EM8mPQFS_LUyStnHGXRE/getUpdates "HTTP/1.1 200 OK"
2026-06-07 15:34:38,919 [INFO] httpx: HTTP Request: POST https://api.telegram.org/bot8677091828:AAF6Tsxq2JYSEX6EM8mPQFS_LUyStnHGXRE/getUpdates "HTTP/1.1 200 OK"
2026-06-07 15:34:49,141 [INFO] httpx: HTTP Request: POST https://api.telegram.org/bot8677091828:AAF6Tsxq2JYSEX6EM8mPQFS_LUyStnHGXRE/getUpdates "HTTP/1.1 200 OK"
2026-06-07 15:34:59,392 [INFO] httpx: HTTP Request: POST https://api.telegram.org/bot8677091828:AAF6Tsxq2JYSEX6EM8mPQFS_LUyStnHGXRE/getUpdates "HTTP/1.1 200 OK"
2026-06-07 15:35:09,632 [INFO] httpx: HTTP Request: POST https://api.telegram.org/bot8677091828:AAF6Tsxq2JYSEX6EM8mPQFS_LUyStnHGXRE/getUpdates "HTTP/1.1 200 OK"
2026-06-07 15:35:19,966 [INFO] httpx: HTTP Request: POST https://api.telegram.org/bot8677091828:AAF6Tsxq2JYSEX6EM8mPQFS_LUyStnHGXRE/getUpdates "HTTP/1.1 200 OK"
2026-06-07 15:35:30,216 [INFO] httpx: HTTP Request: POST https://api.telegram.org/bot8677091828:AAF6Tsxq2JYSEX6EM8mPQFS_LUyStnHGXRE/getUpdates "HTTP/1.1 200 OK"
2026-06-07 15:35:40,550 [INFO] httpx: HTTP Request: POST https://api.telegram.org/bot8677091828:AAF6Tsxq2JYSEX6EM8mPQFS_LUyStnHGXRE/getUpdates "HTTP/1.1 200 OK"
2026-06-07 15:35:50,788 [INFO] httpx: HTTP Request: POST https://api.telegram.org/bot8677091828:AAF6Tsxq2JYSEX6EM8mPQFS_LUyStnHGXRE/getUpdates "HTTP/1.1 200 OK"
2026-06-07 15:36:01,027 [INFO] httpx: HTTP Request: POST https://api.telegram.org/bot8677091828:AAF6Tsxq2JYSEX6EM8mPQFS_LUyStnHGXRE/getUpdates "HTTP/1.1 200 OK"
2026-06-07 15:36:11,237 [INFO] httpx: HTTP Request: POST https://api.telegram.org/bot8677091828:AAF6Tsxq2JYSEX6EM8mPQFS_LUyStnHGXRE/getUpdates "HTTP/1.1 200 OK"
2026-06-07 15:36:21,425 [INFO] httpx: HTTP Request: POST https://api.telegram.org/bot8677091828:AAF6Tsxq2JYSEX6EM8mPQFS_LUyStnHGXRE/getUpdates "HTTP/1.1 200 OK"
2026-06-07 15:36:31,604 [INFO] httpx: HTTP Request: POST https://api.telegram.org/bot8677091828:AAF6Tsxq2JYSEX6EM8mPQFS_LUyStnHGXRE/getUpdates "HTTP/1.1 200 OK"
2026-06-07 15:36:41,803 [INFO] httpx: HTTP Request: POST https://api.telegram.org/bot8677091828:AAF6Tsxq2JYSEX6EM8mPQFS_LUyStnHGXRE/getUpdates "HTTP/1.1 200 OK"
2026-06-07 15:36:52,124 [INFO] httpx: HTTP Request: POST https://api.telegram.org/bot8677091828:AAF6Tsxq2JYSEX6EM8mPQFS_LUyStnHGXRE/getUpdates "HTTP/1.1 200 OK"
2026-06-07 15:37:02,452 [INFO] httpx: HTTP Request: POST https://api.telegram.org/bot8677091828:AAF6Tsxq2JYSEX6EM8mPQFS_LUyStnHGXRE/getUpdates "HTTP/1.1 200 OK"
2026-06-07 15:37:12,707 [INFO] httpx: HTTP Request: POST https://api.telegram.org/bot8677091828:AAF6Tsxq2JYSEX6EM8mPQFS_LUyStnHGXRE/getUpdates "HTTP/1.1 200 OK"
2026-06-07 15:37:22,885 [INFO] httpx: HTTP Request: POST https://api.telegram.org/bot8677091828:AAF6Tsxq2JYSEX6EM8mPQFS_LUyStnHGXRE/getUpdates "HTTP/1.1 200 OK"
2026-06-07 15:37:33,082 [INFO] httpx: HTTP Request: POST https://api.telegram.org/bot8677091828:AAF6Tsxq2JYSEX6EM8mPQFS_LUyStnHGXRE/getUpdates "HTTP/1.1 200 OK"
2026-06-07 15:37:43,696 [INFO] httpx: HTTP Request: POST https://api.telegram.org/bot8677091828:AAF6Tsxq2JYSEX6EM8mPQFS_LUyStnHGXRE/getUpdates "HTTP/1.1 200 OK"
2026-06-07 15:37:53,913 [INFO] httpx: HTTP Request: POST https://api.telegram.org/bot8677091828:AAF6Tsxq2JYSEX6EM8mPQFS_LUyStnHGXRE/getUpdates "HTTP/1.1 200 OK"
2026-06-07 15:38:04,320 [INFO] httpx: HTTP Request: POST https://api.telegram.org/bot8677091828:AAF6Tsxq2JYSEX6EM8mPQFS_LUyStnHGXRE/getUpdates "HTTP/1.1 200 OK"
2026-06-07 15:38:14,555 [INFO] httpx: HTTP Request: POST https://api.telegram.org/bot8677091828:AAF6Tsxq2JYSEX6EM8mPQFS_LUyStnHGXRE/getUpdates "HTTP/1.1 200 OK"
2026-06-07 15:38:24,802 [INFO] httpx: HTTP Request: POST https://api.telegram.org/bot8677091828:AAF6Tsxq2JYSEX6EM8mPQFS_LUyStnHGXRE/getUpdates "HTTP/1.1 200 OK"
2026-06-07 15:38:35,037 [INFO] httpx: HTTP Request: POST https://api.telegram.org/bot8677091828:AAF6Tsxq2JYSEX6EM8mPQFS_LUyStnHGXRE/getUpdates "HTTP/1.1 200 OK"
2026-06-07 15:38:45,275 [INFO] httpx: HTTP Request: POST https://api.telegram.org/bot8677091828:AAF6Tsxq2JYSEX6EM8mPQFS_LUyStnHGXRE/getUpdates "HTTP/1.1 200 OK"
2026-06-07 15:38:55,512 [INFO] httpx: HTTP Request: POST https://api.telegram.org/bot8677091828:AAF6Tsxq2JYSEX6EM8mPQFS_LUyStnHGXRE/getUpdates "HTTP/1.1 200 OK"
2026-06-07 15:39:05,754 [INFO] httpx: HTTP Request: POST https://api.telegram.org/bot8677091828:AAF6Tsxq2JYSEX6EM8mPQFS_LUyStnHGXRE/getUpdates "HTTP/1.1 200 OK"
2026-06-07 15:39:15,995 [INFO] httpx: HTTP Request: POST https://api.telegram.org/bot8677091828:AAF6Tsxq2JYSEX6EM8mPQFS_LUyStnHGXRE/getUpdates "HTTP/1.1 200 OK"
2026-06-07 15:39:26,240 [INFO] httpx: HTTP Request: POST https://api.telegram.org/bot8677091828:AAF6Tsxq2JYSEX6EM8mPQFS_LUyStnHGXRE/getUpdates "HTTP/1.1 200 OK"
2026-06-07 15:39:36,577 [INFO] httpx: HTTP Request: POST https://api.telegram.org/bot8677091828:AAF6Tsxq2JYSEX6EM8mPQFS_LUyStnHGXRE/getUpdates "HTTP/1.1 200 OK"
2026-06-07 15:39:46,824 [INFO] httpx: HTTP Request: POST https://api.telegram.org/bot8677091828:AAF6Tsxq2JYSEX6EM8mPQFS_LUyStnHGXRE/getUpdates "HTTP/1.1 200 OK"
2026-06-07 15:39:57,159 [INFO] httpx: HTTP Request: POST https://api.telegram.org/bot8677091828:AAF6Tsxq2JYSEX6EM8mPQFS_LUyStnHGXRE/getUpdates "HTTP/1.1 200 OK"
2026-06-07 15:40:07,399 [INFO] httpx: HTTP Request: POST https://api.telegram.org/bot8677091828:AAF6Tsxq2JYSEX6EM8mPQFS_LUyStnHGXRE/getUpdates "HTTP/1.1 200 OK"
2026-06-07 15:40:17,742 [INFO] httpx: HTTP Request: POST https://api.telegram.org/bot8677091828:AAF6Tsxq2JYSEX6EM8mPQFS_LUyStnHGXRE/getUpdates "HTTP/1.1 200 OK"
2026-06-07 15:40:28,102 [INFO] httpx: HTTP Request: POST https://api.telegram.org/bot8677091828:AAF6Tsxq2JYSEX6EM8mPQFS_LUyStnHGXRE/getUpdates "HTTP/1.1 200 OK"
2026-06-07 15:40:38,428 [INFO] httpx: HTTP Request: POST https://api.telegram.org/bot8677091828:AAF6Tsxq2JYSEX6EM8mPQFS_LUyStnHGXRE/getUpdates "HTTP/1.1 200 OK"
2026-06-07 15:40:48,665 [INFO] httpx: HTTP Request: POST https://api.telegram.org/bot8677091828:AAF6Tsxq2JYSEX6EM8mPQFS_LUyStnHGXRE/getUpdates "HTTP/1.1 200 OK"
2026-06-07 15:40:59,008 [INFO] httpx: HTTP Request: POST https://api.telegram.org/bot8677091828:AAF6Tsxq2JYSEX6EM8mPQFS_LUyStnHGXRE/getUpdates "HTTP/1.1 200 OK"
2026-06-07 15:41:09,195 [INFO] httpx: HTTP Request: POST https://api.telegram.org/bot8677091828:AAF6Tsxq2JYSEX6EM8mPQFS_LUyStnHGXRE/getUpdates "HTTP/1.1 200 OK"
2026-06-07 15:41:19,486 [INFO] httpx: HTTP Request: POST https://api.telegram.org/bot8677091828:AAF6Tsxq2JYSEX6EM8mPQFS_LUyStnHGXRE/getUpdates "HTTP/1.1 200 OK"
2026-06-07 15:41:29,726 [INFO] httpx: HTTP Request: POST https://api.telegram.org/bot8677091828:AAF6Tsxq2JYSEX6EM8mPQFS_LUyStnHGXRE/getUpdates "HTTP/1.1 200 OK"
2026-06-07 15:41:40,000 [INFO] httpx: HTTP Request: POST https://api.telegram.org/bot8677091828:AAF6Tsxq2JYSEX6EM8mPQFS_LUyStnHGXRE/getUpdates "HTTP/1.1 200 OK"
2026-06-07 15:41:50,260 [INFO] httpx: HTTP Request: POST https://api.telegram.org/bot8677091828:AAF6Tsxq2JYSEX6EM8mPQFS_LUyStnHGXRE/getUpdates "HTTP/1.1 200 OK"
2026-06-07 15:42:00,459 [INFO] httpx: HTTP Request: POST https://api.telegram.org/bot8677091828:AAF6Tsxq2JYSEX6EM8mPQFS_LUyStnHGXRE/getUpdates "HTTP/1.1 200 OK"
2026-06-07 15:42:10,662 [INFO] httpx: HTTP Request: POST https://api.telegram.org/bot8677091828:AAF6Tsxq2JYSEX6EM8mPQFS_LUyStnHGXRE/getUpdates "HTTP/1.1 200 OK"
2026-06-07 15:42:20,931 [INFO] httpx: HTTP Request: POST https://api.telegram.org/bot8677091828:AAF6Tsxq2JYSEX6EM8mPQFS_LUyStnHGXRE/getUpdates "HTTP/1.1 200 OK"
2026-06-07 15:42:31,196 [INFO] httpx: HTTP Request: POST https://api.telegram.org/bot8677091828:AAF6Tsxq2JYSEX6EM8mPQFS_LUyStnHGXRE/getUpdates "HTTP/1.1 200 OK"
2026-06-07 15:42:41,411 [INFO] httpx: HTTP Request: POST https://api.telegram.org/bot8677091828:AAF6Tsxq2JYSEX6EM8mPQFS_LUyStnHGXRE/getUpdates "HTTP/1.1 200 OK"
2026-06-07 15:42:51,749 [INFO] httpx: HTTP Request: POST https://api.telegram.org/bot8677091828:AAF6Tsxq2JYSEX6EM8mPQFS_LUyStnHGXRE/getUpdates "HTTP/1.1 200 OK"
2026-06-07 15:43:01,991 [INFO] httpx: HTTP Request: POST https://api.telegram.org/bot8677091828:AAF6Tsxq2JYSEX6EM8mPQFS_LUyStnHGXRE/getUpdates "HTTP/1.1 200 OK"
2026-06-07 15:43:12,659 [INFO] httpx: HTTP Request: POST https://api.telegram.org/bot8677091828:AAF6Tsxq2JYSEX6EM8mPQFS_LUyStnHGXRE/getUpdates "HTTP/1.1 200 OK"
2026-06-07 15:43:22,990 [INFO] httpx: HTTP Request: POST https://api.telegram.org/bot8677091828:AAF6Tsxq2JYSEX6EM8mPQFS_LUyStnHGXRE/getUpdates "HTTP/1.1 200 OK"
2026-06-07 15:43:33,327 [INFO] httpx: HTTP Request: POST https://api.telegram.org/bot8677091828:AAF6Tsxq2JYSEX6EM8mPQFS_LUyStnHGXRE/getUpdates "HTTP/1.1 200 OK"
2026-06-07 15:43:43,505 [INFO] httpx: HTTP Request: POST https://api.telegram.org/bot8677091828:AAF6Tsxq2JYSEX6EM8mPQFS_LUyStnHGXRE/getUpdates "HTTP/1.1 200 OK"
2026-06-07 15:43:54,010 [INFO] httpx: HTTP Request: POST https://api.telegram.org/bot8677091828:AAF6Tsxq2JYSEX6EM8mPQFS_LUyStnHGXRE/getUpdates "HTTP/1.1 200 OK"
2026-06-07 15:44:04,350 [INFO] httpx: HTTP Request: POST https://api.telegram.org/bot8677091828:AAF6Tsxq2JYSEX6EM8mPQFS_LUyStnHGXRE/getUpdates "HTTP/1.1 200 OK"
2026-06-07 15:44:14,746 [INFO] httpx: HTTP Request: POST https://api.telegram.org/bot8677091828:AAF6Tsxq2JYSEX6EM8mPQFS_LUyStnHGXRE/getUpdates "HTTP/1.1 200 OK"
2026-06-07 15:44:25,034 [INFO] httpx: HTTP Request: POST https://api.telegram.org/bot8677091828:AAF6Tsxq2JYSEX6EM8mPQFS_LUyStnHGXRE/getUpdates "HTTP/1.1 200 OK"
2026-06-07 15:44:35,290 [INFO] httpx: HTTP Request: POST https://api.telegram.org/bot8677091828:AAF6Tsxq2JYSEX6EM8mPQFS_LUyStnHGXRE/getUpdates "HTTP/1.1 200 OK"
2026-06-07 15:44:45,507 [INFO] httpx: HTTP Request: POST https://api.telegram.org/bot8677091828:AAF6Tsxq2JYSEX6EM8mPQFS_LUyStnHGXRE/getUpdates "HTTP/1.1 200 OK"
2026-06-07 15:44:55,959 [INFO] httpx: HTTP Request: POST https://api.telegram.org/bot8677091828:AAF6Tsxq2JYSEX6EM8mPQFS_LUyStnHGXRE/getUpdates "HTTP/1.1 200 OK"
2026-06-07 15:45:06,197 [INFO] httpx: HTTP Request: POST https://api.telegram.org/bot8677091828:AAF6Tsxq2JYSEX6EM8mPQFS_LUyStnHGXRE/getUpdates "HTTP/1.1 200 OK"
2026-06-07 15:45:16,647 [INFO] httpx: HTTP Request: POST https://api.telegram.org/bot8677091828:AAF6Tsxq2JYSEX6EM8mPQFS_LUyStnHGXRE/getUpdates "HTTP/1.1 200 OK"
2026-06-07 15:45:26,885 [INFO] httpx: HTTP Request: POST https://api.telegram.org/bot8677091828:AAF6Tsxq2JYSEX6EM8mPQFS_LUyStnHGXRE/getUpdates "HTTP/1.1 200 OK"
2026-06-07 15:45:37,239 [INFO] httpx: HTTP Request: POST https://api.telegram.org/bot8677091828:AAF6Tsxq2JYSEX6EM8mPQFS_LUyStnHGXRE/getUpdates "HTTP/1.1 200 OK"
2026-06-07 15:45:47,435 [INFO] httpx: HTTP Request: POST https://api.telegram.org/bot8677091828:AAF6Tsxq2JYSEX6EM8mPQFS_LUyStnHGXRE/getUpdates "HTTP/1.1 200 OK"
2026-06-07 15:45:57,703 [INFO] httpx: HTTP Request: POST https://api.telegram.org/bot8677091828:AAF6Tsxq2JYSEX6EM8mPQFS_LUyStnHGXRE/getUpdates "HTTP/1.1 200 OK"
2026-06-07 15:46:08,089 [INFO] httpx: HTTP Request: POST https://api.telegram.org/bot8677091828:AAF6Tsxq2JYSEX6EM8mPQFS_LUyStnHGXRE/getUpdates "HTTP/1.1 200 OK"
2026-06-07 15:46:18,592 [INFO] httpx: HTTP Request: POST https://api.telegram.org/bot8677091828:AAF6Tsxq2JYSEX6EM8mPQFS_LUyStnHGXRE/getUpdates "HTTP/1.1 200 OK"
2026-06-07 15:46:28,937 [INFO] httpx: HTTP Request: POST https://api.telegram.org/bot8677091828:AAF6Tsxq2JYSEX6EM8mPQFS_LUyStnHGXRE/getUpdates "HTTP/1.1 200 OK"
2026-06-07 15:46:39,115 [INFO] httpx: HTTP Request: POST https://api.telegram.org/bot8677091828:AAF6Tsxq2JYSEX6EM8mPQFS_LUyStnHGXRE/getUpdates "HTTP/1.1 200 OK"
2026-06-07 15:46:49,415 [INFO] httpx: HTTP Request: POST https://api.telegram.org/bot8677091828:AAF6Tsxq2JYSEX6EM8mPQFS_LUyStnHGXRE/getUpdates "HTTP/1.1 200 OK"
2026-06-07 15:46:59,757 [INFO] httpx: HTTP Request: POST https://api.telegram.org/bot8677091828:AAF6Tsxq2JYSEX6EM8mPQFS_LUyStnHGXRE/getUpdates "HTTP/1.1 200 OK"
2026-06-07 15:47:10,100 [INFO] httpx: HTTP Request: POST https://api.telegram.org/bot8677091828:AAF6Tsxq2JYSEX6EM8mPQFS_LUyStnHGXRE/getUpdates "HTTP/1.1 200 OK"
2026-06-07 15:47:20,324 [INFO] httpx: HTTP Request: POST https://api.telegram.org/bot8677091828:AAF6Tsxq2JYSEX6EM8mPQFS_LUyStnHGXRE/getUpdates "HTTP/1.1 200 OK"
2026-06-07 15:47:30,586 [INFO] httpx: HTTP Request: POST https://api.telegram.org/bot8677091828:AAF6Tsxq2JYSEX6EM8mPQFS_LUyStnHGXRE/getUpdates "HTTP/1.1 200 OK"
2026-06-07 15:47:40,772 [INFO] httpx: HTTP Request: POST https://api.telegram.org/bot8677091828:AAF6Tsxq2JYSEX6EM8mPQFS_LUyStnHGXRE/getUpdates "HTTP/1.1 200 OK"
2026-06-07 15:47:50,950 [INFO] httpx: HTTP Request: POST https://api.telegram.org/bot8677091828:AAF6Tsxq2JYSEX6EM8mPQFS_LUyStnHGXRE/getUpdates "HTTP/1.1 200 OK"
2026-06-07 15:48:01,126 [INFO] httpx: HTTP Request: POST https://api.telegram.org/bot8677091828:AAF6Tsxq2JYSEX6EM8mPQFS_LUyStnHGXRE/getUpdates "HTTP/1.1 200 OK"
2026-06-07 15:48:11,303 [INFO] httpx: HTTP Request: POST https://api.telegram.org/bot8677091828:AAF6Tsxq2JYSEX6EM8mPQFS_LUyStnHGXRE/getUpdates "HTTP/1.1 200 OK"
2026-06-07 15:48:21,478 [INFO] httpx: HTTP Request: POST https://api.telegram.org/bot8677091828:AAF6Tsxq2JYSEX6EM8mPQFS_LUyStnHGXRE/getUpdates "HTTP/1.1 200 OK"
2026-06-07 15:48:31,655 [INFO] httpx: HTTP Request: POST https://api.telegram.org/bot8677091828:AAF6Tsxq2JYSEX6EM8mPQFS_LUyStnHGXRE/getUpdates "HTTP/1.1 200 OK"
2026-06-07 15:48:41,854 [INFO] httpx: HTTP Request: POST https://api.telegram.org/bot8677091828:AAF6Tsxq2JYSEX6EM8mPQFS_LUyStnHGXRE/getUpdates "HTTP/1.1 200 OK"
2026-06-07 15:48:52,026 [INFO] httpx: HTTP Request: POST https://api.telegram.org/bot8677091828:AAF6Tsxq2JYSEX6EM8mPQFS_LUyStnHGXRE/getUpdates "HTTP/1.1 200 OK"
2026-06-07 15:49:02,205 [INFO] httpx: HTTP Request: POST https://api.telegram.org/bot8677091828:AAF6Tsxq2JYSEX6EM8mPQFS_LUyStnHGXRE/getUpdates "HTTP/1.1 200 OK"
2026-06-07 15:49:12,386 [INFO] httpx: HTTP Request: POST https://api.telegram.org/bot8677091828:AAF6Tsxq2JYSEX6EM8mPQFS_LUyStnHGXRE/getUpdates "HTTP/1.1 200 OK"
2026-06-07 15:49:22,576 [INFO] httpx: HTTP Request: POST https://api.telegram.org/bot8677091828:AAF6Tsxq2JYSEX6EM8mPQFS_LUyStnHGXRE/getUpdates "HTTP/1.1 200 OK"
2026-06-07 15:49:32,772 [INFO] httpx: HTTP Request: POST https://api.telegram.org/bot8677091828:AAF6Tsxq2JYSEX6EM8mPQFS_LUyStnHGXRE/getUpdates "HTTP/1.1 200 OK"
2026-06-07 15:49:42,951 [INFO] httpx: HTTP Request: POST https://api.telegram.org/bot8677091828:AAF6Tsxq2JYSEX6EM8mPQFS_LUyStnHGXRE/getUpdates "HTTP/1.1 200 OK"
2026-06-07 15:49:53,126 [INFO] httpx: HTTP Request: POST https://api.telegram.org/bot8677091828:AAF6Tsxq2JYSEX6EM8mPQFS_LUyStnHGXRE/getUpdates "HTTP/1.1 200 OK"
2026-06-07 15:50:03,305 [INFO] httpx: HTTP Request: POST https://api.telegram.org/bot8677091828:AAF6Tsxq2JYSEX6EM8mPQFS_LUyStnHGXRE/getUpdates "HTTP/1.1 200 OK"
2026-06-07 15:50:13,480 [INFO] httpx: HTTP Request: POST https://api.telegram.org/bot8677091828:AAF6Tsxq2JYSEX6EM8mPQFS_LUyStnHGXRE/getUpdates "HTTP/1.1 200 OK"
2026-06-07 15:50:23,665 [INFO] httpx: HTTP Request: POST https://api.telegram.org/bot8677091828:AAF6Tsxq2JYSEX6EM8mPQFS_LUyStnHGXRE/getUpdates "HTTP/1.1 200 OK"
2026-06-07 15:50:33,847 [INFO] httpx: HTTP Request: POST https://api.telegram.org/bot8677091828:AAF6Tsxq2JYSEX6EM8mPQFS_LUyStnHGXRE/getUpdates "HTTP/1.1 200 OK"
2026-06-07 15:50:44,026 [INFO] httpx: HTTP Request: POST https://api.telegram.org/bot8677091828:AAF6Tsxq2JYSEX6EM8mPQFS_LUyStnHGXRE/getUpdates "HTTP/1.1 200 OK"
2026-06-07 15:50:54,204 [INFO] httpx: HTTP Request: POST https://api.telegram.org/bot8677091828:AAF6Tsxq2JYSEX6EM8mPQFS_LUyStnHGXRE/getUpdates "HTTP/1.1 200 OK"
2026-06-07 15:51:04,381 [INFO] httpx: HTTP Request: POST https://api.telegram.org/bot8677091828:AAF6Tsxq2JYSEX6EM8mPQFS_LUyStnHGXRE/getUpdates "HTTP/1.1 200 OK"
2026-06-07 15:51:14,558 [INFO] httpx: HTTP Request: POST https://api.telegram.org/bot8677091828:AAF6Tsxq2JYSEX6EM8mPQFS_LUyStnHGXRE/getUpdates "HTTP/1.1 200 OK"
2026-06-07 15:51:24,729 [INFO] httpx: HTTP Request: POST https://api.telegram.org/bot8677091828:AAF6Tsxq2JYSEX6EM8mPQFS_LUyStnHGXRE/getUpdates "HTTP/1.1 200 OK"
2026-06-07 15:51:34,902 [INFO] httpx: HTTP Request: POST https://api.telegram.org/bot8677091828:AAF6Tsxq2JYSEX6EM8mPQFS_LUyStnHGXRE/getUpdates "HTTP/1.1 200 OK"
2026-06-07 15:51:45,084 [INFO] httpx: HTTP Request: POST https://api.telegram.org/bot8677091828:AAF6Tsxq2JYSEX6EM8mPQFS_LUyStnHGXRE/getUpdates "HTTP/1.1 200 OK"
2026-06-07 15:51:55,270 [INFO] httpx: HTTP Request: POST https://api.telegram.org/bot8677091828:AAF6Tsxq2JYSEX6EM8mPQFS_LUyStnHGXRE/getUpdates "HTTP/1.1 200 OK"
2026-06-07 15:52:05,448 [INFO] httpx: HTTP Request: POST https://api.telegram.org/bot8677091828:AAF6Tsxq2JYSEX6EM8mPQFS_LUyStnHGXRE/getUpdates "HTTP/1.1 200 OK"
2026-06-07 15:52:15,629 [INFO] httpx: HTTP Request: POST https://api.telegram.org/bot8677091828:AAF6Tsxq2JYSEX6EM8mPQFS_LUyStnHGXRE/getUpdates "HTTP/1.1 200 OK"
2026-06-07 15:52:25,809 [INFO] httpx: HTTP Request: POST https://api.telegram.org/bot8677091828:AAF6Tsxq2JYSEX6EM8mPQFS_LUyStnHGXRE/getUpdates "HTTP/1.1 200 OK"
2026-06-07 15:52:35,983 [INFO] httpx: HTTP Request: POST https://api.telegram.org/bot8677091828:AAF6Tsxq2JYSEX6EM8mPQFS_LUyStnHGXRE/getUpdates "HTTP/1.1 200 OK"
2026-06-07 15:52:46,170 [INFO] httpx: HTTP Request: POST https://api.telegram.org/bot8677091828:AAF6Tsxq2JYSEX6EM8mPQFS_LUyStnHGXRE/getUpdates "HTTP/1.1 200 OK"
2026-06-07 15:52:56,347 [INFO] httpx: HTTP Request: POST https://api.telegram.org/bot8677091828:AAF6Tsxq2JYSEX6EM8mPQFS_LUyStnHGXRE/getUpdates "HTTP/1.1 200 OK"
2026-06-07 15:53:06,737 [INFO] httpx: HTTP Request: POST https://api.telegram.org/bot8677091828:AAF6Tsxq2JYSEX6EM8mPQFS_LUyStnHGXRE/getUpdates "HTTP/1.1 200 OK"
2026-06-07 15:53:16,919 [INFO] httpx: HTTP Request: POST https://api.telegram.org/bot8677091828:AAF6Tsxq2JYSEX6EM8mPQFS_LUyStnHGXRE/getUpdates "HTTP/1.1 200 OK"
2026-06-07 15:53:27,099 [INFO] httpx: HTTP Request: POST https://api.telegram.org/bot8677091828:AAF6Tsxq2JYSEX6EM8mPQFS_LUyStnHGXRE/getUpdates "HTTP/1.1 200 OK"
2026-06-07 15:53:37,281 [INFO] httpx: HTTP Request: POST https://api.telegram.org/bot8677091828:AAF6Tsxq2JYSEX6EM8mPQFS_LUyStnHGXRE/getUpdates "HTTP/1.1 200 OK"
2026-06-07 15:53:47,464 [INFO] httpx: HTTP Request: POST https://api.telegram.org/bot8677091828:AAF6Tsxq2JYSEX6EM8mPQFS_LUyStnHGXRE/getUpdates "HTTP/1.1 200 OK"
2026-06-07 15:53:57,677 [INFO] httpx: HTTP Request: POST https://api.telegram.org/bot8677091828:AAF6Tsxq2JYSEX6EM8mPQFS_LUyStnHGXRE/getUpdates "HTTP/1.1 200 OK"
2026-06-07 15:54:07,864 [INFO] httpx: HTTP Request: POST https://api.telegram.org/bot8677091828:AAF6Tsxq2JYSEX6EM8mPQFS_LUyStnHGXRE/getUpdates "HTTP/1.1 200 OK"
2026-06-07 15:54:18,062 [INFO] httpx: HTTP Request: POST https://api.telegram.org/bot8677091828:AAF6Tsxq2JYSEX6EM8mPQFS_LUyStnHGXRE/getUpdates "HTTP/1.1 200 OK"
2026-06-07 15:54:28,238 [INFO] httpx: HTTP Request: POST https://api.telegram.org/bot8677091828:AAF6Tsxq2JYSEX6EM8mPQFS_LUyStnHGXRE/getUpdates "HTTP/1.1 200 OK"
2026-06-07 15:54:38,412 [INFO] httpx: HTTP Request: POST https://api.telegram.org/bot8677091828:AAF6Tsxq2JYSEX6EM8mPQFS_LUyStnHGXRE/getUpdates "HTTP/1.1 200 OK"
2026-06-07 15:54:48,592 [INFO] httpx: HTTP Request: POST https://api.telegram.org/bot8677091828:AAF6Tsxq2JYSEX6EM8mPQFS_LUyStnHGXRE/getUpdates "HTTP/1.1 200 OK"
2026-06-07 15:54:58,765 [INFO] httpx: HTTP Request: POST https://api.telegram.org/bot8677091828:AAF6Tsxq2JYSEX6EM8mPQFS_LUyStnHGXRE/getUpdates "HTTP/1.1 200 OK"
2026-06-07 15:55:08,936 [INFO] httpx: HTTP Request: POST https://api.telegram.org/bot8677091828:AAF6Tsxq2JYSEX6EM8mPQFS_LUyStnHGXRE/getUpdates "HTTP/1.1 200 OK"
2026-06-07 15:55:19,110 [INFO] httpx: HTTP Request: POST https://api.telegram.org/bot8677091828:AAF6Tsxq2JYSEX6EM8mPQFS_LUyStnHGXRE/getUpdates "HTTP/1.1 200 OK"
2026-06-07 15:55:29,309 [INFO] httpx: HTTP Request: POST https://api.telegram.org/bot8677091828:AAF6Tsxq2JYSEX6EM8mPQFS_LUyStnHGXRE/getUpdates "HTTP/1.1 200 OK"
2026-06-07 15:55:39,494 [INFO] httpx: HTTP Request: POST https://api.telegram.org/bot8677091828:AAF6Tsxq2JYSEX6EM8mPQFS_LUyStnHGXRE/getUpdates "HTTP/1.1 200 OK"
2026-06-07 15:55:49,691 [INFO] httpx: HTTP Request: POST https://api.telegram.org/bot8677091828:AAF6Tsxq2JYSEX6EM8mPQFS_LUyStnHGXRE/getUpdates "HTTP/1.1 200 OK"
2026-06-07 15:55:59,871 [INFO] httpx: HTTP Request: POST https://api.telegram.org/bot8677091828:AAF6Tsxq2JYSEX6EM8mPQFS_LUyStnHGXRE/getUpdates "HTTP/1.1 200 OK"
2026-06-07 15:56:10,060 [INFO] httpx: HTTP Request: POST https://api.telegram.org/bot8677091828:AAF6Tsxq2JYSEX6EM8mPQFS_LUyStnHGXRE/getUpdates "HTTP/1.1 200 OK"
2026-06-07 15:56:20,300 [INFO] httpx: HTTP Request: POST https://api.telegram.org/bot8677091828:AAF6Tsxq2JYSEX6EM8mPQFS_LUyStnHGXRE/getUpdates "HTTP/1.1 200 OK"
2026-06-07 15:56:30,498 [INFO] httpx: HTTP Request: POST https://api.telegram.org/bot8677091828:AAF6Tsxq2JYSEX6EM8mPQFS_LUyStnHGXRE/getUpdates "HTTP/1.1 200 OK"
2026-06-07 15:56:41,075 [INFO] httpx: HTTP Request: POST https://api.telegram.org/bot8677091828:AAF6Tsxq2JYSEX6EM8mPQFS_LUyStnHGXRE/getUpdates "HTTP/1.1 200 OK"
2026-06-07 15:56:51,276 [INFO] httpx: HTTP Request: POST https://api.telegram.org/bot8677091828:AAF6Tsxq2JYSEX6EM8mPQFS_LUyStnHGXRE/getUpdates "HTTP/1.1 200 OK"
2026-06-07 15:57:01,476 [INFO] httpx: HTTP Request: POST https://api.telegram.org/bot8677091828:AAF6Tsxq2JYSEX6EM8mPQFS_LUyStnHGXRE/getUpdates "HTTP/1.1 200 OK"
2026-06-07 15:57:11,657 [INFO] httpx: HTTP Request: POST https://api.telegram.org/bot8677091828:AAF6Tsxq2JYSEX6EM8mPQFS_LUyStnHGXRE/getUpdates "HTTP/1.1 200 OK"
2026-06-07 15:57:21,858 [INFO] httpx: HTTP Request: POST https://api.telegram.org/bot8677091828:AAF6Tsxq2JYSEX6EM8mPQFS_LUyStnHGXRE/getUpdates "HTTP/1.1 200 OK"
2026-06-07 15:57:32,122 [INFO] httpx: HTTP Request: POST https://api.telegram.org/bot8677091828:AAF6Tsxq2JYSEX6EM8mPQFS_LUyStnHGXRE/getUpdates "HTTP/1.1 200 OK"
2026-06-07 15:57:42,331 [INFO] httpx: HTTP Request: POST https://api.telegram.org/bot8677091828:AAF6Tsxq2JYSEX6EM8mPQFS_LUyStnHGXRE/getUpdates "HTTP/1.1 200 OK"
2026-06-07 15:57:52,550 [INFO] httpx: HTTP Request: POST https://api.telegram.org/bot8677091828:AAF6Tsxq2JYSEX6EM8mPQFS_LUyStnHGXRE/getUpdates "HTTP/1.1 200 OK"
2026-06-07 15:58:02,752 [INFO] httpx: HTTP Request: POST https://api.telegram.org/bot8677091828:AAF6Tsxq2JYSEX6EM8mPQFS_LUyStnHGXRE/getUpdates "HTTP/1.1 200 OK"
2026-06-07 15:58:12,929 [INFO] httpx: HTTP Request: POST https://api.telegram.org/bot8677091828:AAF6Tsxq2JYSEX6EM8mPQFS_LUyStnHGXRE/getUpdates "HTTP/1.1 200 OK"
2026-06-07 15:58:23,108 [INFO] httpx: HTTP Request: POST https://api.telegram.org/bot8677091828:AAF6Tsxq2JYSEX6EM8mPQFS_LUyStnHGXRE/getUpdates "HTTP/1.1 200 OK"
2026-06-07 15:58:33,285 [INFO] httpx: HTTP Request: POST https://api.telegram.org/bot8677091828:AAF6Tsxq2JYSEX6EM8mPQFS_LUyStnHGXRE/getUpdates "HTTP/1.1 200 OK"
2026-06-07 15:58:43,479 [INFO] httpx: HTTP Request: POST https://api.telegram.org/bot8677091828:AAF6Tsxq2JYSEX6EM8mPQFS_LUyStnHGXRE/getUpdates "HTTP/1.1 200 OK"
2026-06-07 15:58:53,654 [INFO] httpx: HTTP Request: POST https://api.telegram.org/bot8677091828:AAF6Tsxq2JYSEX6EM8mPQFS_LUyStnHGXRE/getUpdates "HTTP/1.1 200 OK"
2026-06-07 15:59:03,865 [INFO] httpx: HTTP Request: POST https://api.telegram.org/bot8677091828:AAF6Tsxq2JYSEX6EM8mPQFS_LUyStnHGXRE/getUpdates "HTTP/1.1 200 OK"
2026-06-07 15:59:14,045 [INFO] httpx: HTTP Request: POST https://api.telegram.org/bot8677091828:AAF6Tsxq2JYSEX6EM8mPQFS_LUyStnHGXRE/getUpdates "HTTP/1.1 200 OK"
2026-06-07 15:59:24,222 [INFO] httpx: HTTP Request: POST https://api.telegram.org/bot8677091828:AAF6Tsxq2JYSEX6EM8mPQFS_LUyStnHGXRE/getUpdates "HTTP/1.1 200 OK"
2026-06-07 15:59:34,396 [INFO] httpx: HTTP Request: POST https://api.telegram.org/bot8677091828:AAF6Tsxq2JYSEX6EM8mPQFS_LUyStnHGXRE/getUpdates "HTTP/1.1 200 OK"
2026-06-07 15:59:44,572 [INFO] httpx: HTTP Request: POST https://api.telegram.org/bot8677091828:AAF6Tsxq2JYSEX6EM8mPQFS_LUyStnHGXRE/getUpdates "HTTP/1.1 200 OK"
2026-06-07 15:59:54,765 [INFO] httpx: HTTP Request: POST https://api.telegram.org/bot8677091828:AAF6Tsxq2JYSEX6EM8mPQFS_LUyStnHGXRE/getUpdates "HTTP/1.1 200 OK"
2026-06-07 16:00:04,971 [INFO] httpx: HTTP Request: POST https://api.telegram.org/bot8677091828:AAF6Tsxq2JYSEX6EM8mPQFS_LUyStnHGXRE/getUpdates "HTTP/1.1 200 OK"
2026-06-07 16:00:15,162 [INFO] httpx: HTTP Request: POST https://api.telegram.org/bot8677091828:AAF6Tsxq2JYSEX6EM8mPQFS_LUyStnHGXRE/getUpdates "HTTP/1.1 200 OK"
2026-06-07 16:00:25,342 [INFO] httpx: HTTP Request: POST https://api.telegram.org/bot8677091828:AAF6Tsxq2JYSEX6EM8mPQFS_LUyStnHGXRE/getUpdates "HTTP/1.1 200 OK"
2026-06-07 16:00:35,521 [INFO] httpx: HTTP Request: POST https://api.telegram.org/bot8677091828:AAF6Tsxq2JYSEX6EM8mPQFS_LUyStnHGXRE/getUpdates "HTTP/1.1 200 OK"
2026-06-07 16:00:45,702 [INFO] httpx: HTTP Request: POST https://api.telegram.org/bot8677091828:AAF6Tsxq2JYSEX6EM8mPQFS_LUyStnHGXRE/getUpdates "HTTP/1.1 200 OK"
2026-06-07 16:00:55,875 [INFO] httpx: HTTP Request: POST https://api.telegram.org/bot8677091828:AAF6Tsxq2JYSEX6EM8mPQFS_LUyStnHGXRE/getUpdates "HTTP/1.1 200 OK"
2026-06-07 16:01:06,050 [INFO] httpx: HTTP Request: POST https://api.telegram.org/bot8677091828:AAF6Tsxq2JYSEX6EM8mPQFS_LUyStnHGXRE/getUpdates "HTTP/1.1 200 OK"
2026-06-07 16:01:16,227 [INFO] httpx: HTTP Request: POST https://api.telegram.org/bot8677091828:AAF6Tsxq2JYSEX6EM8mPQFS_LUyStnHGXRE/getUpdates "HTTP/1.1 200 OK"
2026-06-07 16:01:26,401 [INFO] httpx: HTTP Request: POST https://api.telegram.org/bot8677091828:AAF6Tsxq2JYSEX6EM8mPQFS_LUyStnHGXRE/getUpdates "HTTP/1.1 200 OK"
2026-06-07 16:01:36,973 [INFO] httpx: HTTP Request: POST https://api.telegram.org/bot8677091828:AAF6Tsxq2JYSEX6EM8mPQFS_LUyStnHGXRE/getUpdates "HTTP/1.1 200 OK"
2026-06-07 16:01:47,166 [INFO] httpx: HTTP Request: POST https://api.telegram.org/bot8677091828:AAF6Tsxq2JYSEX6EM8mPQFS_LUyStnHGXRE/getUpdates "HTTP/1.1 200 OK"
2026-06-07 16:01:57,347 [INFO] httpx: HTTP Request: POST https://api.telegram.org/bot8677091828:AAF6Tsxq2JYSEX6EM8mPQFS_LUyStnHGXRE/getUpdates "HTTP/1.1 200 OK"
2026-06-07 16:02:07,524 [INFO] httpx: HTTP Request: POST https://api.telegram.org/bot8677091828:AAF6Tsxq2JYSEX6EM8mPQFS_LUyStnHGXRE/getUpdates "HTTP/1.1 200 OK"
2026-06-07 16:02:17,698 [INFO] httpx: HTTP Request: POST https://api.telegram.org/bot8677091828:AAF6Tsxq2JYSEX6EM8mPQFS_LUyStnHGXRE/getUpdates "HTTP/1.1 200 OK"
2026-06-07 16:02:27,888 [INFO] httpx: HTTP Request: POST https://api.telegram.org/bot8677091828:AAF6Tsxq2JYSEX6EM8mPQFS_LUyStnHGXRE/getUpdates "HTTP/1.1 200 OK"
2026-06-07 16:02:38,069 [INFO] httpx: HTTP Request: POST https://api.telegram.org/bot8677091828:AAF6Tsxq2JYSEX6EM8mPQFS_LUyStnHGXRE/getUpdates "HTTP/1.1 200 OK"
2026-06-07 16:02:48,244 [INFO] httpx: HTTP Request: POST https://api.telegram.org/bot8677091828:AAF6Tsxq2JYSEX6EM8mPQFS_LUyStnHGXRE/getUpdates "HTTP/1.1 200 OK"
2026-06-07 16:02:58,426 [INFO] httpx: HTTP Request: POST https://api.telegram.org/bot8677091828:AAF6Tsxq2JYSEX6EM8mPQFS_LUyStnHGXRE/getUpdates "HTTP/1.1 200 OK"
2026-06-07 16:03:08,604 [INFO] httpx: HTTP Request: POST https://api.telegram.org/bot8677091828:AAF6Tsxq2JYSEX6EM8mPQFS_LUyStnHGXRE/getUpdates "HTTP/1.1 200 OK"
2026-06-07 16:03:18,780 [INFO] httpx: HTTP Request: POST https://api.telegram.org/bot8677091828:AAF6Tsxq2JYSEX6EM8mPQFS_LUyStnHGXRE/getUpdates "HTTP/1.1 200 OK"
2026-06-07 16:03:28,964 [INFO] httpx: HTTP Request: POST https://api.telegram.org/bot8677091828:AAF6Tsxq2JYSEX6EM8mPQFS_LUyStnHGXRE/getUpdates "HTTP/1.1 200 OK"
2026-06-07 16:03:39,529 [INFO] httpx: HTTP Request: POST https://api.telegram.org/bot8677091828:AAF6Tsxq2JYSEX6EM8mPQFS_LUyStnHGXRE/getUpdates "HTTP/1.1 200 OK"
2026-06-07 16:03:49,761 [INFO] httpx: HTTP Request: POST https://api.telegram.org/bot8677091828:AAF6Tsxq2JYSEX6EM8mPQFS_LUyStnHGXRE/getUpdates "HTTP/1.1 200 OK"
2026-06-07 16:04:00,032 [INFO] httpx: HTTP Request: POST https://api.telegram.org/bot8677091828:AAF6Tsxq2JYSEX6EM8mPQFS_LUyStnHGXRE/getUpdates "HTTP/1.1 200 OK"
2026-06-07 16:04:10,217 [INFO] httpx: HTTP Request: POST https://api.telegram.org/bot8677091828:AAF6Tsxq2JYSEX6EM8mPQFS_LUyStnHGXRE/getUpdates "HTTP/1.1 200 OK"
2026-06-07 16:04:20,396 [INFO] httpx: HTTP Request: POST https://api.telegram.org/bot8677091828:AAF6Tsxq2JYSEX6EM8mPQFS_LUyStnHGXRE/getUpdates "HTTP/1.1 200 OK"
2026-06-07 16:04:30,578 [INFO] httpx: HTTP Request: POST https://api.telegram.org/bot8677091828:AAF6Tsxq2JYSEX6EM8mPQFS_LUyStnHGXRE/getUpdates "HTTP/1.1 200 OK"
2026-06-07 16:04:40,762 [INFO] httpx: HTTP Request: POST https://api.telegram.org/bot8677091828:AAF6Tsxq2JYSEX6EM8mPQFS_LUyStnHGXRE/getUpdates "HTTP/1.1 200 OK"
2026-06-07 16:04:50,951 [INFO] httpx: HTTP Request: POST https://api.telegram.org/bot8677091828:AAF6Tsxq2JYSEX6EM8mPQFS_LUyStnHGXRE/getUpdates "HTTP/1.1 200 OK"
2026-06-07 16:05:01,936 [INFO] httpx: HTTP Request: POST https://api.telegram.org/bot8677091828:AAF6Tsxq2JYSEX6EM8mPQFS_LUyStnHGXRE/getUpdates "HTTP/1.1 200 OK"
2026-06-07 16:05:12,198 [INFO] httpx: HTTP Request: POST https://api.telegram.org/bot8677091828:AAF6Tsxq2JYSEX6EM8mPQFS_LUyStnHGXRE/getUpdates "HTTP/1.1 200 OK"
2026-06-07 16:05:22,393 [INFO] httpx: HTTP Request: POST https://api.telegram.org/bot8677091828:AAF6Tsxq2JYSEX6EM8mPQFS_LUyStnHGXRE/getUpdates "HTTP/1.1 200 OK"
2026-06-07 16:05:32,584 [INFO] httpx: HTTP Request: POST https://api.telegram.org/bot8677091828:AAF6Tsxq2JYSEX6EM8mPQFS_LUyStnHGXRE/getUpdates "HTTP/1.1 200 OK"
2026-06-07 16:05:42,787 [INFO] httpx: HTTP Request: POST https://api.telegram.org/bot8677091828:AAF6Tsxq2JYSEX6EM8mPQFS_LUyStnHGXRE/getUpdates "HTTP/1.1 200 OK"
2026-06-07 16:05:52,977 [INFO] httpx: HTTP Request: POST https://api.telegram.org/bot8677091828:AAF6Tsxq2JYSEX6EM8mPQFS_LUyStnHGXRE/getUpdates "HTTP/1.1 200 OK"
2026-06-07 16:06:03,156 [INFO] httpx: HTTP Request: POST https://api.telegram.org/bot8677091828:AAF6Tsxq2JYSEX6EM8mPQFS_LUyStnHGXRE/getUpdates "HTTP/1.1 200 OK"
2026-06-07 16:06:13,399 [INFO] httpx: HTTP Request: POST https://api.telegram.org/bot8677091828:AAF6Tsxq2JYSEX6EM8mPQFS_LUyStnHGXRE/getUpdates "HTTP/1.1 200 OK"
2026-06-07 16:06:23,663 [INFO] httpx: HTTP Request: POST https://api.telegram.org/bot8677091828:AAF6Tsxq2JYSEX6EM8mPQFS_LUyStnHGXRE/getUpdates "HTTP/1.1 200 OK"
2026-06-07 16:06:33,928 [INFO] httpx: HTTP Request: POST https://api.telegram.org/bot8677091828:AAF6Tsxq2JYSEX6EM8mPQFS_LUyStnHGXRE/getUpdates "HTTP/1.1 200 OK"
2026-06-07 16:06:44,187 [INFO] httpx: HTTP Request: POST https://api.telegram.org/bot8677091828:AAF6Tsxq2JYSEX6EM8mPQFS_LUyStnHGXRE/getUpdates "HTTP/1.1 200 OK"
2026-06-07 16:06:54,547 [INFO] httpx: HTTP Request: POST https://api.telegram.org/bot8677091828:AAF6Tsxq2JYSEX6EM8mPQFS_LUyStnHGXRE/getUpdates "HTTP/1.1 200 OK"
2026-06-07 16:07:04,792 [INFO] httpx: HTTP Request: POST https://api.telegram.org/bot8677091828:AAF6Tsxq2JYSEX6EM8mPQFS_LUyStnHGXRE/getUpdates "HTTP/1.1 200 OK"
2026-06-07 16:07:14,979 [INFO] httpx: HTTP Request: POST https://api.telegram.org/bot8677091828:AAF6Tsxq2JYSEX6EM8mPQFS_LUyStnHGXRE/getUpdates "HTTP/1.1 200 OK"
2026-06-07 16:07:25,160 [INFO] httpx: HTTP Request: POST https://api.telegram.org/bot8677091828:AAF6Tsxq2JYSEX6EM8mPQFS_LUyStnHGXRE/getUpdates "HTTP/1.1 200 OK"
2026-06-07 16:07:35,347 [INFO] httpx: HTTP Request: POST https://api.telegram.org/bot8677091828:AAF6Tsxq2JYSEX6EM8mPQFS_LUyStnHGXRE/getUpdates "HTTP/1.1 200 OK"
2026-06-07 16:07:45,991 [INFO] httpx: HTTP Request: POST https://api.telegram.org/bot8677091828:AAF6Tsxq2JYSEX6EM8mPQFS_LUyStnHGXRE/getUpdates "HTTP/1.1 200 OK"
2026-06-07 16:07:56,173 [INFO] httpx: HTTP Request: POST https://api.telegram.org/bot8677091828:AAF6Tsxq2JYSEX6EM8mPQFS_LUyStnHGXRE/getUpdates "HTTP/1.1 200 OK"
2026-06-07 16:08:06,366 [INFO] httpx: HTTP Request: POST https://api.telegram.org/bot8677091828:AAF6Tsxq2JYSEX6EM8mPQFS_LUyStnHGXRE/getUpdates "HTTP/1.1 200 OK"
2026-06-07 16:08:16,561 [INFO] httpx: HTTP Request: POST https://api.telegram.org/bot8677091828:AAF6Tsxq2JYSEX6EM8mPQFS_LUyStnHGXRE/getUpdates "HTTP/1.1 200 OK"
2026-06-12 19:59:01,809 [INFO] httpx: HTTP Request: POST https://api.telegram.org/bot8677091828:AAF6Tsxq2JYSEX6EM8mPQFS_LUyStnHGXRE/getMe "HTTP/1.1 200 OK"
2026-06-12 19:59:02,038 [INFO] httpx: HTTP Request: POST https://api.telegram.org/bot8677091828:AAF6Tsxq2JYSEX6EM8mPQFS_LUyStnHGXRE/deleteWebhook "HTTP/1.1 200 OK"
2026-06-12 19:59:02,057 [INFO] apscheduler.scheduler: Scheduler started
2026-06-12 19:59:02,057 [INFO] telegram.ext.Application: Application started
2026-06-12 19:59:12,691 [INFO] httpx: HTTP Request: POST https://api.telegram.org/bot8677091828:AAF6Tsxq2JYSEX6EM8mPQFS_LUyStnHGXRE/getUpdates "HTTP/1.1 200 OK"
2026-06-12 19:59:22,910 [INFO] httpx: HTTP Request: POST https://api.telegram.org/bot8677091828:AAF6Tsxq2JYSEX6EM8mPQFS_LUyStnHGXRE/getUpdates "HTTP/1.1 200 OK"
2026-06-12 19:59:33,122 [INFO] httpx: HTTP Request: POST https://api.telegram.org/bot8677091828:AAF6Tsxq2JYSEX6EM8mPQFS_LUyStnHGXRE/getUpdates "HTTP/1.1 200 OK"
2026-06-12 19:59:43,321 [INFO] httpx: HTTP Request: POST https://api.telegram.org/bot8677091828:AAF6Tsxq2JYSEX6EM8mPQFS_LUyStnHGXRE/getUpdates "HTTP/1.1 200 OK"
2026-06-12 19:59:53,541 [INFO] httpx: HTTP Request: POST https://api.telegram.org/bot8677091828:AAF6Tsxq2JYSEX6EM8mPQFS_LUyStnHGXRE/getUpdates "HTTP/1.1 200 OK"
2026-06-12 20:00:03,740 [INFO] httpx: HTTP Request: POST https://api.telegram.org/bot8677091828:AAF6Tsxq2JYSEX6EM8mPQFS_LUyStnHGXRE/getUpdates "HTTP/1.1 200 OK"
2026-06-12 20:43:12,535 [INFO] apscheduler.scheduler: Adding job tentatively -- it will be properly scheduled when the scheduler starts
2026-06-12 20:43:12,541 [INFO] apscheduler.scheduler: Adding job tentatively -- it will be properly scheduled when the scheduler starts
2026-06-12 20:43:12,549 [INFO] apscheduler.scheduler: Adding job tentatively -- it will be properly scheduled when the scheduler starts
2026-06-12 20:43:12,549 [INFO] apscheduler.scheduler: Adding job tentatively -- it will be properly scheduled when the scheduler starts
2026-06-12 20:43:12,556 [INFO] apscheduler.scheduler: Added job "morning_brief_task" to job store "default"
2026-06-12 20:43:12,556 [INFO] apscheduler.scheduler: Added job "health_check_task" to job store "default"
2026-06-12 20:43:12,557 [INFO] apscheduler.scheduler: Added job "memory_cleanup_task" to job store "default"
2026-06-12 20:43:12,558 [INFO] apscheduler.scheduler: Added job "run_pending_scheduled_tasks" to job store "default"
2026-06-12 20:43:12,562 [INFO] apscheduler.scheduler: Scheduler started
2026-06-12 20:43:16,431 [INFO] httpx: HTTP Request: POST https://api.telegram.org/bot8677091828:AAF6Tsxq2JYSEX6EM8mPQFS_LUyStnHGXRE/getMe "HTTP/1.1 200 OK"
2026-06-12 20:43:16,606 [INFO] httpx: HTTP Request: POST https://api.telegram.org/bot8677091828:AAF6Tsxq2JYSEX6EM8mPQFS_LUyStnHGXRE/deleteWebhook "HTTP/1.1 200 OK"
2026-06-12 20:43:16,633 [INFO] apscheduler.scheduler: Scheduler started
2026-06-12 20:43:16,634 [INFO] telegram.ext.Application: Application started
2026-06-12 20:43:27,177 [INFO] httpx: HTTP Request: POST https://api.telegram.org/bot8677091828:AAF6Tsxq2JYSEX6EM8mPQFS_LUyStnHGXRE/getUpdates "HTTP/1.1 200 OK"
2026-06-12 20:43:37,355 [INFO] httpx: HTTP Request: POST https://api.telegram.org/bot8677091828:AAF6Tsxq2JYSEX6EM8mPQFS_LUyStnHGXRE/getUpdates "HTTP/1.1 200 OK"
2026-06-12 20:43:47,565 [INFO] httpx: HTTP Request: POST https://api.telegram.org/bot8677091828:AAF6Tsxq2JYSEX6EM8mPQFS_LUyStnHGXRE/getUpdates "HTTP/1.1 200 OK"
2026-06-12 20:43:57,777 [INFO] httpx: HTTP Request: POST https://api.telegram.org/bot8677091828:AAF6Tsxq2JYSEX6EM8mPQFS_LUyStnHGXRE/getUpdates "HTTP/1.1 200 OK"
2026-06-12 20:44:08,002 [INFO] httpx: HTTP Request: POST https://api.telegram.org/bot8677091828:AAF6Tsxq2JYSEX6EM8mPQFS_LUyStnHGXRE/getUpdates "HTTP/1.1 200 OK"
2026-06-12 20:44:18,204 [INFO] httpx: HTTP Request: POST https://api.telegram.org/bot8677091828:AAF6Tsxq2JYSEX6EM8mPQFS_LUyStnHGXRE/getUpdates "HTTP/1.1 200 OK"
2026-06-12 20:46:08,100 [INFO] apscheduler.scheduler: Adding job tentatively -- it will be properly scheduled when the scheduler starts
2026-06-12 20:46:08,106 [INFO] apscheduler.scheduler: Adding job tentatively -- it will be properly scheduled when the scheduler starts
2026-06-12 20:46:08,108 [INFO] apscheduler.scheduler: Adding job tentatively -- it will be properly scheduled when the scheduler starts
2026-06-12 20:46:08,109 [INFO] apscheduler.scheduler: Adding job tentatively -- it will be properly scheduled when the scheduler starts
2026-06-12 20:46:08,110 [INFO] apscheduler.scheduler: Added job "morning_brief_task" to job store "default"
2026-06-12 20:46:08,111 [INFO] apscheduler.scheduler: Added job "health_check_task" to job store "default"
2026-06-12 20:46:08,111 [INFO] apscheduler.scheduler: Added job "memory_cleanup_task" to job store "default"
2026-06-12 20:46:08,112 [INFO] apscheduler.scheduler: Added job "run_pending_scheduled_tasks" to job store "default"
2026-06-12 20:46:08,112 [INFO] apscheduler.scheduler: Scheduler started
2026-06-12 20:46:10,865 [INFO] httpx: HTTP Request: POST https://api.telegram.org/bot8677091828:AAF6Tsxq2JYSEX6EM8mPQFS_LUyStnHGXRE/getMe "HTTP/1.1 200 OK"
2026-06-12 20:46:11,092 [INFO] httpx: HTTP Request: POST https://api.telegram.org/bot8677091828:AAF6Tsxq2JYSEX6EM8mPQFS_LUyStnHGXRE/deleteWebhook "HTTP/1.1 200 OK"
2026-06-12 20:46:11,109 [INFO] apscheduler.scheduler: Scheduler started
2026-06-12 20:46:11,110 [INFO] telegram.ext.Application: Application started
2026-06-12 20:46:21,645 [INFO] httpx: HTTP Request: POST https://api.telegram.org/bot8677091828:AAF6Tsxq2JYSEX6EM8mPQFS_LUyStnHGXRE/getUpdates "HTTP/1.1 200 OK"
2026-06-12 20:46:31,836 [INFO] httpx: HTTP Request: POST https://api.telegram.org/bot8677091828:AAF6Tsxq2JYSEX6EM8mPQFS_LUyStnHGXRE/getUpdates "HTTP/1.1 200 OK"
2026-06-12 20:46:52,518 [INFO] apscheduler.scheduler: Adding job tentatively -- it will be properly scheduled when the scheduler starts
2026-06-12 20:46:52,524 [INFO] apscheduler.scheduler: Adding job tentatively -- it will be properly scheduled when the scheduler starts
2026-06-12 20:46:52,524 [INFO] apscheduler.scheduler: Adding job tentatively -- it will be properly scheduled when the scheduler starts
2026-06-12 20:46:52,525 [INFO] apscheduler.scheduler: Adding job tentatively -- it will be properly scheduled when the scheduler starts
2026-06-12 20:46:52,526 [INFO] apscheduler.scheduler: Added job "morning_brief_task" to job store "default"
2026-06-12 20:46:52,526 [INFO] apscheduler.scheduler: Added job "health_check_task" to job store "default"
2026-06-12 20:46:52,527 [INFO] apscheduler.scheduler: Added job "memory_cleanup_task" to job store "default"
2026-06-12 20:46:52,527 [INFO] apscheduler.scheduler: Added job "run_pending_scheduled_tasks" to job store "default"
2026-06-12 20:46:52,528 [INFO] apscheduler.scheduler: Scheduler started
2026-06-12 20:46:55,740 [INFO] httpx: HTTP Request: POST https://api.telegram.org/bot8677091828:AAF6Tsxq2JYSEX6EM8mPQFS_LUyStnHGXRE/getMe "HTTP/1.1 200 OK"
2026-06-12 20:46:55,990 [INFO] httpx: HTTP Request: POST https://api.telegram.org/bot8677091828:AAF6Tsxq2JYSEX6EM8mPQFS_LUyStnHGXRE/deleteWebhook "HTTP/1.1 200 OK"
2026-06-12 20:46:56,005 [INFO] apscheduler.scheduler: Scheduler started
2026-06-12 20:46:56,006 [INFO] telegram.ext.Application: Application started
2026-06-12 20:47:06,592 [INFO] httpx: HTTP Request: POST https://api.telegram.org/bot8677091828:AAF6Tsxq2JYSEX6EM8mPQFS_LUyStnHGXRE/getUpdates "HTTP/1.1 200 OK"
2026-06-12 20:47:16,778 [INFO] httpx: HTTP Request: POST https://api.telegram.org/bot8677091828:AAF6Tsxq2JYSEX6EM8mPQFS_LUyStnHGXRE/getUpdates "HTTP/1.1 200 OK"
2026-06-12 20:47:26,983 [INFO] httpx: HTTP Request: POST https://api.telegram.org/bot8677091828:AAF6Tsxq2JYSEX6EM8mPQFS_LUyStnHGXRE/getUpdates "HTTP/1.1 200 OK"
2026-06-12 20:47:37,197 [INFO] httpx: HTTP Request: POST https://api.telegram.org/bot8677091828:AAF6Tsxq2JYSEX6EM8mPQFS_LUyStnHGXRE/getUpdates "HTTP/1.1 200 OK"
2026-06-12 20:47:47,388 [INFO] httpx: HTTP Request: POST https://api.telegram.org/bot8677091828:AAF6Tsxq2JYSEX6EM8mPQFS_LUyStnHGXRE/getUpdates "HTTP/1.1 200 OK"
2026-06-12 20:47:57,580 [INFO] httpx: HTTP Request: POST https://api.telegram.org/bot8677091828:AAF6Tsxq2JYSEX6EM8mPQFS_LUyStnHGXRE/getUpdates "HTTP/1.1 200 OK"
2026-06-12 20:57:56,319 [INFO] apscheduler.scheduler: Adding job tentatively -- it will be properly scheduled when the scheduler starts
2026-06-12 20:57:56,323 [INFO] apscheduler.scheduler: Adding job tentatively -- it will be properly scheduled when the scheduler starts
2026-06-12 20:57:56,324 [INFO] apscheduler.scheduler: Adding job tentatively -- it will be properly scheduled when the scheduler starts
2026-06-12 20:57:56,324 [INFO] apscheduler.scheduler: Adding job tentatively -- it will be properly scheduled when the scheduler starts
2026-06-12 20:57:56,325 [INFO] apscheduler.scheduler: Added job "morning_brief_task" to job store "default"
2026-06-12 20:57:56,325 [INFO] apscheduler.scheduler: Added job "health_check_task" to job store "default"
2026-06-12 20:57:56,325 [INFO] apscheduler.scheduler: Added job "memory_cleanup_task" to job store "default"
2026-06-12 20:57:56,325 [INFO] apscheduler.scheduler: Added job "run_pending_scheduled_tasks" to job store "default"
2026-06-12 20:57:56,325 [INFO] apscheduler.scheduler: Scheduler started
2026-06-12 20:57:58,146 [INFO] httpx: HTTP Request: POST https://api.telegram.org/bot8677091828:AAF6Tsxq2JYSEX6EM8mPQFS_LUyStnHGXRE/getMe "HTTP/1.1 200 OK"
2026-06-12 20:57:58,381 [INFO] httpx: HTTP Request: POST https://api.telegram.org/bot8677091828:AAF6Tsxq2JYSEX6EM8mPQFS_LUyStnHGXRE/deleteWebhook "HTTP/1.1 200 OK"
2026-06-12 20:57:58,389 [INFO] apscheduler.scheduler: Scheduler started
2026-06-12 20:57:58,390 [INFO] telegram.ext.Application: Application started
2026-06-12 20:58:25,833 [INFO] apscheduler.scheduler: Adding job tentatively -- it will be properly scheduled when the scheduler starts
2026-06-12 20:58:25,835 [INFO] apscheduler.scheduler: Adding job tentatively -- it will be properly scheduled when the scheduler starts
2026-06-12 20:58:25,835 [INFO] apscheduler.scheduler: Adding job tentatively -- it will be properly scheduled when the scheduler starts
2026-06-12 20:58:25,835 [INFO] apscheduler.scheduler: Adding job tentatively -- it will be properly scheduled when the scheduler starts
2026-06-12 20:58:25,836 [INFO] apscheduler.scheduler: Added job "morning_brief_task" to job store "default"
2026-06-12 20:58:25,836 [INFO] apscheduler.scheduler: Added job "health_check_task" to job store "default"
2026-06-12 20:58:25,836 [INFO] apscheduler.scheduler: Added job "memory_cleanup_task" to job store "default"
2026-06-12 20:58:25,836 [INFO] apscheduler.scheduler: Added job "run_pending_scheduled_tasks" to job store "default"
2026-06-12 20:58:25,836 [INFO] apscheduler.scheduler: Scheduler started
2026-06-12 20:58:27,475 [INFO] httpx: HTTP Request: POST https://api.telegram.org/bot8677091828:AAF6Tsxq2JYSEX6EM8mPQFS_LUyStnHGXRE/getMe "HTTP/1.1 200 OK"
2026-06-12 20:58:27,714 [INFO] httpx: HTTP Request: POST https://api.telegram.org/bot8677091828:AAF6Tsxq2JYSEX6EM8mPQFS_LUyStnHGXRE/deleteWebhook "HTTP/1.1 200 OK"
2026-06-12 20:58:27,719 [INFO] apscheduler.scheduler: Scheduler started
2026-06-12 20:58:27,719 [INFO] telegram.ext.Application: Application started
2026-06-13 20:57:37,803 [INFO] apscheduler.scheduler: Adding job tentatively -- it will be properly scheduled when the scheduler starts
2026-06-13 20:57:37,839 [INFO] apscheduler.scheduler: Adding job tentatively -- it will be properly scheduled when the scheduler starts
2026-06-13 20:57:37,847 [INFO] apscheduler.scheduler: Adding job tentatively -- it will be properly scheduled when the scheduler starts
2026-06-13 20:57:37,847 [INFO] apscheduler.scheduler: Adding job tentatively -- it will be properly scheduled when the scheduler starts
2026-06-13 20:57:37,858 [INFO] apscheduler.scheduler: Added job "morning_brief_task" to job store "default"
2026-06-13 20:57:37,858 [INFO] apscheduler.scheduler: Added job "health_check_task" to job store "default"
2026-06-13 20:57:37,859 [INFO] apscheduler.scheduler: Added job "memory_cleanup_task" to job store "default"
2026-06-13 20:57:37,870 [INFO] apscheduler.scheduler: Added job "run_pending_scheduled_tasks" to job store "default"
2026-06-13 20:57:37,871 [INFO] apscheduler.scheduler: Scheduler started
2026-06-13 20:57:45,627 [INFO] httpx: HTTP Request: POST https://api.telegram.org/bot8677091828:AAF6Tsxq2JYSEX6EM8mPQFS_LUyStnHGXRE/getMe "HTTP/1.1 200 OK"
2026-06-13 20:57:45,891 [INFO] httpx: HTTP Request: POST https://api.telegram.org/bot8677091828:AAF6Tsxq2JYSEX6EM8mPQFS_LUyStnHGXRE/deleteWebhook "HTTP/1.1 200 OK"
2026-06-13 20:57:45,933 [INFO] apscheduler.scheduler: Scheduler started
2026-06-13 20:57:45,936 [INFO] telegram.ext.Application: Application started
2026-06-13 20:57:56,557 [INFO] httpx: HTTP Request: POST https://api.telegram.org/bot8677091828:AAF6Tsxq2JYSEX6EM8mPQFS_LUyStnHGXRE/getUpdates "HTTP/1.1 200 OK"
2026-06-13 20:58:06,761 [INFO] httpx: HTTP Request: POST https://api.telegram.org/bot8677091828:AAF6Tsxq2JYSEX6EM8mPQFS_LUyStnHGXRE/getUpdates "HTTP/1.1 200 OK"
2026-06-13 20:58:17,030 [INFO] httpx: HTTP Request: POST https://api.telegram.org/bot8677091828:AAF6Tsxq2JYSEX6EM8mPQFS_LUyStnHGXRE/getUpdates "HTTP/1.1 200 OK"
2026-06-13 21:47:16,694 [INFO] apscheduler.scheduler: Adding job tentatively -- it will be properly scheduled when the scheduler starts
2026-06-13 21:47:16,695 [INFO] apscheduler.scheduler: Adding job tentatively -- it will be properly scheduled when the scheduler starts
2026-06-13 21:47:16,696 [INFO] apscheduler.scheduler: Adding job tentatively -- it will be properly scheduled when the scheduler starts
2026-06-13 21:47:16,696 [INFO] apscheduler.scheduler: Adding job tentatively -- it will be properly scheduled when the scheduler starts
2026-06-13 21:47:16,696 [INFO] apscheduler.scheduler: Added job "morning_brief_task" to job store "default"
2026-06-13 21:47:16,696 [INFO] apscheduler.scheduler: Added job "health_check_task" to job store "default"
2026-06-13 21:47:16,696 [INFO] apscheduler.scheduler: Added job "memory_cleanup_task" to job store "default"
2026-06-13 21:47:16,696 [INFO] apscheduler.scheduler: Added job "run_pending_scheduled_tasks" to job store "default"
2026-06-13 21:47:16,696 [INFO] apscheduler.scheduler: Scheduler started
2026-06-13 21:47:17,971 [INFO] httpx: HTTP Request: POST https://api.telegram.org/bot8677091828:AAF6Tsxq2JYSEX6EM8mPQFS_LUyStnHGXRE/getMe "HTTP/1.1 200 OK"
2026-06-13 21:47:18,159 [INFO] httpx: HTTP Request: POST https://api.telegram.org/bot8677091828:AAF6Tsxq2JYSEX6EM8mPQFS_LUyStnHGXRE/deleteWebhook "HTTP/1.1 200 OK"
2026-06-13 21:47:18,165 [INFO] apscheduler.scheduler: Scheduler started
2026-06-13 21:47:18,165 [INFO] telegram.ext.Application: Application started
2026-06-13 21:47:28,730 [INFO] httpx: HTTP Request: POST https://api.telegram.org/bot8677091828:AAF6Tsxq2JYSEX6EM8mPQFS_LUyStnHGXRE/getUpdates "HTTP/1.1 200 OK"
2026-06-13 21:55:39,120 [INFO] apscheduler.scheduler: Adding job tentatively -- it will be properly scheduled when the scheduler starts
2026-06-13 21:55:39,134 [INFO] apscheduler.scheduler: Adding job tentatively -- it will be properly scheduled when the scheduler starts
2026-06-13 21:55:39,134 [INFO] apscheduler.scheduler: Adding job tentatively -- it will be properly scheduled when the scheduler starts
2026-06-13 21:55:39,135 [INFO] apscheduler.scheduler: Adding job tentatively -- it will be properly scheduled when the scheduler starts
2026-06-13 21:55:39,135 [INFO] apscheduler.scheduler: Added job "morning_brief_task" to job store "default"
2026-06-13 21:55:39,136 [INFO] apscheduler.scheduler: Added job "health_check_task" to job store "default"
2026-06-13 21:55:39,136 [INFO] apscheduler.scheduler: Added job "memory_cleanup_task" to job store "default"
2026-06-13 21:55:39,136 [INFO] apscheduler.scheduler: Added job "run_pending_scheduled_tasks" to job store "default"
2026-06-13 21:55:39,137 [INFO] apscheduler.scheduler: Scheduler started
2026-06-13 21:55:41,703 [INFO] httpx: HTTP Request: POST https://api.telegram.org/bot8677091828:AAF6Tsxq2JYSEX6EM8mPQFS_LUyStnHGXRE/getMe "HTTP/1.1 200 OK"
2026-06-13 21:55:41,875 [INFO] httpx: HTTP Request: POST https://api.telegram.org/bot8677091828:AAF6Tsxq2JYSEX6EM8mPQFS_LUyStnHGXRE/deleteWebhook "HTTP/1.1 200 OK"
2026-06-13 21:55:41,877 [INFO] apscheduler.scheduler: Scheduler started
2026-06-13 21:55:41,877 [INFO] telegram.ext.Application: Application started
2026-06-13 21:55:52,419 [INFO] httpx: HTTP Request: POST https://api.telegram.org/bot8677091828:AAF6Tsxq2JYSEX6EM8mPQFS_LUyStnHGXRE/getUpdates "HTTP/1.1 200 OK"
2026-06-13 21:56:02,602 [INFO] httpx: HTTP Request: POST https://api.telegram.org/bot8677091828:AAF6Tsxq2JYSEX6EM8mPQFS_LUyStnHGXRE/getUpdates "HTTP/1.1 200 OK"
2026-06-13 21:56:12,800 [INFO] httpx: HTTP Request: POST https://api.telegram.org/bot8677091828:AAF6Tsxq2JYSEX6EM8mPQFS_LUyStnHGXRE/getUpdates "HTTP/1.1 200 OK"
2026-06-13 21:56:22,986 [INFO] httpx: HTTP Request: POST https://api.telegram.org/bot8677091828:AAF6Tsxq2JYSEX6EM8mPQFS_LUyStnHGXRE/getUpdates "HTTP/1.1 200 OK"
2026-06-13 21:56:33,171 [INFO] httpx: HTTP Request: POST https://api.telegram.org/bot8677091828:AAF6Tsxq2JYSEX6EM8mPQFS_LUyStnHGXRE/getUpdates "HTTP/1.1 200 OK"
2026-06-13 21:56:43,356 [INFO] httpx: HTTP Request: POST https://api.telegram.org/bot8677091828:AAF6Tsxq2JYSEX6EM8mPQFS_LUyStnHGXRE/getUpdates "HTTP/1.1 200 OK"
2026-06-13 21:56:53,546 [INFO] httpx: HTTP Request: POST https://api.telegram.org/bot8677091828:AAF6Tsxq2JYSEX6EM8mPQFS_LUyStnHGXRE/getUpdates "HTTP/1.1 200 OK"
2026-06-13 21:58:43,969 [INFO] apscheduler.scheduler: Adding job tentatively -- it will be properly scheduled when the scheduler starts
2026-06-13 21:58:43,971 [INFO] apscheduler.scheduler: Adding job tentatively -- it will be properly scheduled when the scheduler starts
2026-06-13 21:58:43,974 [INFO] apscheduler.scheduler: Adding job tentatively -- it will be properly scheduled when the scheduler starts
2026-06-13 21:58:43,974 [INFO] apscheduler.scheduler: Adding job tentatively -- it will be properly scheduled when the scheduler starts
2026-06-13 21:58:43,974 [INFO] apscheduler.scheduler: Added job "morning_brief_task" to job store "default"
2026-06-13 21:58:43,975 [INFO] apscheduler.scheduler: Added job "health_check_task" to job store "default"
2026-06-13 21:58:43,975 [INFO] apscheduler.scheduler: Added job "memory_cleanup_task" to job store "default"
2026-06-13 21:58:43,975 [INFO] apscheduler.scheduler: Added job "run_pending_scheduled_tasks" to job store "default"
2026-06-13 21:58:43,975 [INFO] apscheduler.scheduler: Scheduler started
2026-06-13 21:58:45,479 [INFO] httpx: HTTP Request: POST https://api.telegram.org/bot8677091828:AAF6Tsxq2JYSEX6EM8mPQFS_LUyStnHGXRE/getMe "HTTP/1.1 200 OK"
2026-06-13 21:58:45,645 [INFO] httpx: HTTP Request: POST https://api.telegram.org/bot8677091828:AAF6Tsxq2JYSEX6EM8mPQFS_LUyStnHGXRE/deleteWebhook "HTTP/1.1 200 OK"
2026-06-13 21:58:45,647 [INFO] apscheduler.scheduler: Scheduler started
2026-06-13 21:58:45,648 [INFO] telegram.ext.Application: Application started
2026-06-13 21:58:56,168 [INFO] httpx: HTTP Request: POST https://api.telegram.org/bot8677091828:AAF6Tsxq2JYSEX6EM8mPQFS_LUyStnHGXRE/getUpdates "HTTP/1.1 200 OK"
2026-06-13 21:59:06,341 [INFO] httpx: HTTP Request: POST https://api.telegram.org/bot8677091828:AAF6Tsxq2JYSEX6EM8mPQFS_LUyStnHGXRE/getUpdates "HTTP/1.1 200 OK"
2026-06-13 21:59:16,563 [INFO] httpx: HTTP Request: POST https://api.telegram.org/bot8677091828:AAF6Tsxq2JYSEX6EM8mPQFS_LUyStnHGXRE/getUpdates "HTTP/1.1 200 OK"
2026-06-13 21:59:26,818 [INFO] httpx: HTTP Request: POST https://api.telegram.org/bot8677091828:AAF6Tsxq2JYSEX6EM8mPQFS_LUyStnHGXRE/getUpdates "HTTP/1.1 200 OK"
2026-06-13 21:59:36,994 [INFO] httpx: HTTP Request: POST https://api.telegram.org/bot8677091828:AAF6Tsxq2JYSEX6EM8mPQFS_LUyStnHGXRE/getUpdates "HTTP/1.1 200 OK"
2026-06-13 21:59:47,167 [INFO] httpx: HTTP Request: POST https://api.telegram.org/bot8677091828:AAF6Tsxq2JYSEX6EM8mPQFS_LUyStnHGXRE/getUpdates "HTTP/1.1 200 OK"
2026-06-13 21:59:57,401 [INFO] httpx: HTTP Request: POST https://api.telegram.org/bot8677091828:AAF6Tsxq2JYSEX6EM8mPQFS_LUyStnHGXRE/getUpdates "HTTP/1.1 200 OK"
2026-06-13 22:00:06,285 [INFO] httpx: HTTP Request: POST http://localhost:11434/api/embed "HTTP/1.1 200 OK"
2026-06-13 22:00:07,137 [INFO] httpx: HTTP Request: POST http://localhost:11434/api/embed "HTTP/1.1 200 OK"
2026-06-13 22:00:07,580 [INFO] httpx: HTTP Request: POST https://api.telegram.org/bot8677091828:AAF6Tsxq2JYSEX6EM8mPQFS_LUyStnHGXRE/getUpdates "HTTP/1.1 200 OK"
2026-06-13 22:00:07,888 [INFO] httpx: HTTP Request: POST http://localhost:11434/api/embed "HTTP/1.1 200 OK"
2026-06-13 22:00:17,801 [INFO] httpx: HTTP Request: POST https://api.telegram.org/bot8677091828:AAF6Tsxq2JYSEX6EM8mPQFS_LUyStnHGXRE/getUpdates "HTTP/1.1 200 OK"
2026-06-13 22:00:27,977 [INFO] httpx: HTTP Request: POST https://api.telegram.org/bot8677091828:AAF6Tsxq2JYSEX6EM8mPQFS_LUyStnHGXRE/getUpdates "HTTP/1.1 200 OK"
2026-06-13 22:00:38,161 [INFO] httpx: HTTP Request: POST https://api.telegram.org/bot8677091828:AAF6Tsxq2JYSEX6EM8mPQFS_LUyStnHGXRE/getUpdates "HTTP/1.1 200 OK"
2026-06-13 22:00:48,336 [INFO] httpx: HTTP Request: POST https://api.telegram.org/bot8677091828:AAF6Tsxq2JYSEX6EM8mPQFS_LUyStnHGXRE/getUpdates "HTTP/1.1 200 OK"
2026-06-13 22:00:58,507 [INFO] httpx: HTTP Request: POST http://testserver/projects/test_api_sync_project/github/sync?repo_path=c:/my_ai_team "HTTP/1.1 200 OK"
2026-06-13 22:00:58,509 [INFO] httpx: HTTP Request: POST https://api.telegram.org/bot8677091828:AAF6Tsxq2JYSEX6EM8mPQFS_LUyStnHGXRE/getUpdates "HTTP/1.1 200 OK"
2026-06-13 22:01:08,681 [INFO] httpx: HTTP Request: POST https://api.telegram.org/bot8677091828:AAF6Tsxq2JYSEX6EM8mPQFS_LUyStnHGXRE/getUpdates "HTTP/1.1 200 OK"
2026-06-13 22:01:18,865 [INFO] httpx: HTTP Request: POST https://api.telegram.org/bot8677091828:AAF6Tsxq2JYSEX6EM8mPQFS_LUyStnHGXRE/getUpdates "HTTP/1.1 200 OK"
2026-06-13 22:01:29,044 [INFO] httpx: HTTP Request: POST https://api.telegram.org/bot8677091828:AAF6Tsxq2JYSEX6EM8mPQFS_LUyStnHGXRE/getUpdates "HTTP/1.1 200 OK"
2026-06-13 22:01:39,221 [INFO] httpx: HTTP Request: POST https://api.telegram.org/bot8677091828:AAF6Tsxq2JYSEX6EM8mPQFS_LUyStnHGXRE/getUpdates "HTTP/1.1 200 OK"
2026-06-13 22:01:49,401 [INFO] httpx: HTTP Request: POST https://api.telegram.org/bot8677091828:AAF6Tsxq2JYSEX6EM8mPQFS_LUyStnHGXRE/getUpdates "HTTP/1.1 200 OK"
2026-06-13 22:01:58,142 [INFO] httpx: HTTP Request: POST http://localhost:11434/api/embed "HTTP/1.1 200 OK"
2026-06-13 22:01:59,055 [INFO] httpx: HTTP Request: POST http://localhost:11434/api/embed "HTTP/1.1 200 OK"
2026-06-13 22:01:59,580 [INFO] httpx: HTTP Request: POST https://api.telegram.org/bot8677091828:AAF6Tsxq2JYSEX6EM8mPQFS_LUyStnHGXRE/getUpdates "HTTP/1.1 200 OK"
2026-06-13 22:01:59,863 [INFO] httpx: HTTP Request: POST http://localhost:11434/api/embed "HTTP/1.1 200 OK"
2026-06-13 22:02:09,752 [INFO] httpx: HTTP Request: POST https://api.telegram.org/bot8677091828:AAF6Tsxq2JYSEX6EM8mPQFS_LUyStnHGXRE/getUpdates "HTTP/1.1 200 OK"
2026-06-13 22:02:19,927 [INFO] httpx: HTTP Request: POST https://api.telegram.org/bot8677091828:AAF6Tsxq2JYSEX6EM8mPQFS_LUyStnHGXRE/getUpdates "HTTP/1.1 200 OK"
2026-06-13 22:02:30,103 [INFO] httpx: HTTP Request: POST https://api.telegram.org/bot8677091828:AAF6Tsxq2JYSEX6EM8mPQFS_LUyStnHGXRE/getUpdates "HTTP/1.1 200 OK"
2026-06-13 22:02:40,285 [INFO] httpx: HTTP Request: POST https://api.telegram.org/bot8677091828:AAF6Tsxq2JYSEX6EM8mPQFS_LUyStnHGXRE/getUpdates "HTTP/1.1 200 OK"
2026-06-13 22:02:50,463 [INFO] httpx: HTTP Request: POST https://api.telegram.org/bot8677091828:AAF6Tsxq2JYSEX6EM8mPQFS_LUyStnHGXRE/getUpdates "HTTP/1.1 200 OK"
2026-06-13 22:03:00,646 [INFO] httpx: HTTP Request: POST https://api.telegram.org/bot8677091828:AAF6Tsxq2JYSEX6EM8mPQFS_LUyStnHGXRE/getUpdates "HTTP/1.1 200 OK"
2026-06-13 22:03:10,844 [INFO] httpx: HTTP Request: POST https://api.telegram.org/bot8677091828:AAF6Tsxq2JYSEX6EM8mPQFS_LUyStnHGXRE/getUpdates "HTTP/1.1 200 OK"
2026-06-13 22:03:17,415 [INFO] httpx: HTTP Request: POST http://localhost:11434/api/embed "HTTP/1.1 200 OK"
2026-06-13 22:03:20,142 [INFO] httpx: HTTP Request: POST http://localhost:11434/api/embed "HTTP/1.1 200 OK"
2026-06-13 22:03:20,926 [INFO] httpx: HTTP Request: POST http://localhost:11434/api/embed "HTTP/1.1 200 OK"
2026-06-13 22:03:21,022 [INFO] httpx: HTTP Request: POST https://api.telegram.org/bot8677091828:AAF6Tsxq2JYSEX6EM8mPQFS_LUyStnHGXRE/getUpdates "HTTP/1.1 200 OK"
2026-06-13 22:03:31,197 [INFO] httpx: HTTP Request: POST https://api.telegram.org/bot8677091828:AAF6Tsxq2JYSEX6EM8mPQFS_LUyStnHGXRE/getUpdates "HTTP/1.1 200 OK"
2026-06-13 22:03:41,371 [INFO] httpx: HTTP Request: POST https://api.telegram.org/bot8677091828:AAF6Tsxq2JYSEX6EM8mPQFS_LUyStnHGXRE/getUpdates "HTTP/1.1 200 OK"
2026-06-13 22:03:51,553 [INFO] httpx: HTTP Request: POST https://api.telegram.org/bot8677091828:AAF6Tsxq2JYSEX6EM8mPQFS_LUyStnHGXRE/getUpdates "HTTP/1.1 200 OK"
2026-06-13 22:04:01,729 [INFO] httpx: HTTP Request: POST https://api.telegram.org/bot8677091828:AAF6Tsxq2JYSEX6EM8mPQFS_LUyStnHGXRE/getUpdates "HTTP/1.1 200 OK"
2026-06-13 22:04:11,909 [INFO] httpx: HTTP Request: POST https://api.telegram.org/bot8677091828:AAF6Tsxq2JYSEX6EM8mPQFS_LUyStnHGXRE/getUpdates "HTTP/1.1 200 OK"
2026-06-13 22:04:22,085 [INFO] httpx: HTTP Request: POST https://api.telegram.org/bot8677091828:AAF6Tsxq2JYSEX6EM8mPQFS_LUyStnHGXRE/getUpdates "HTTP/1.1 200 OK"
2026-06-13 22:04:32,270 [INFO] httpx: HTTP Request: POST https://api.telegram.org/bot8677091828:AAF6Tsxq2JYSEX6EM8mPQFS_LUyStnHGXRE/getUpdates "HTTP/1.1 200 OK"
2026-06-13 22:04:42,445 [INFO] httpx: HTTP Request: POST https://api.telegram.org/bot8677091828:AAF6Tsxq2JYSEX6EM8mPQFS_LUyStnHGXRE/getUpdates "HTTP/1.1 200 OK"
2026-06-13 22:04:52,622 [INFO] httpx: HTTP Request: POST https://api.telegram.org/bot8677091828:AAF6Tsxq2JYSEX6EM8mPQFS_LUyStnHGXRE/getUpdates "HTTP/1.1 200 OK"
2026-06-13 22:05:02,803 [INFO] httpx: HTTP Request: POST https://api.telegram.org/bot8677091828:AAF6Tsxq2JYSEX6EM8mPQFS_LUyStnHGXRE/getUpdates "HTTP/1.1 200 OK"
2026-06-13 22:05:12,988 [INFO] httpx: HTTP Request: POST https://api.telegram.org/bot8677091828:AAF6Tsxq2JYSEX6EM8mPQFS_LUyStnHGXRE/getUpdates "HTTP/1.1 200 OK"
2026-06-13 22:05:23,167 [INFO] httpx: HTTP Request: POST https://api.telegram.org/bot8677091828:AAF6Tsxq2JYSEX6EM8mPQFS_LUyStnHGXRE/getUpdates "HTTP/1.1 200 OK"
2026-06-13 22:05:33,343 [INFO] httpx: HTTP Request: POST https://api.telegram.org/bot8677091828:AAF6Tsxq2JYSEX6EM8mPQFS_LUyStnHGXRE/getUpdates "HTTP/1.1 200 OK"
2026-06-13 22:05:43,519 [INFO] httpx: HTTP Request: POST https://api.telegram.org/bot8677091828:AAF6Tsxq2JYSEX6EM8mPQFS_LUyStnHGXRE/getUpdates "HTTP/1.1 200 OK"
2026-06-13 22:05:53,699 [INFO] httpx: HTTP Request: POST https://api.telegram.org/bot8677091828:AAF6Tsxq2JYSEX6EM8mPQFS_LUyStnHGXRE/getUpdates "HTTP/1.1 200 OK"
2026-06-13 22:06:03,878 [INFO] httpx: HTTP Request: POST https://api.telegram.org/bot8677091828:AAF6Tsxq2JYSEX6EM8mPQFS_LUyStnHGXRE/getUpdates "HTTP/1.1 200 OK"
2026-06-13 22:06:14,052 [INFO] httpx: HTTP Request: POST https://api.telegram.org/bot8677091828:AAF6Tsxq2JYSEX6EM8mPQFS_LUyStnHGXRE/getUpdates "HTTP/1.1 200 OK"
2026-06-13 22:06:24,228 [INFO] httpx: HTTP Request: POST https://api.telegram.org/bot8677091828:AAF6Tsxq2JYSEX6EM8mPQFS_LUyStnHGXRE/getUpdates "HTTP/1.1 200 OK"
2026-06-13 22:06:27,995 [INFO] apscheduler.scheduler: Adding job tentatively -- it will be properly scheduled when the scheduler starts
2026-06-13 22:06:27,997 [INFO] apscheduler.scheduler: Adding job tentatively -- it will be properly scheduled when the scheduler starts
2026-06-13 22:06:27,997 [INFO] apscheduler.scheduler: Adding job tentatively -- it will be properly scheduled when the scheduler starts
2026-06-13 22:06:27,997 [INFO] apscheduler.scheduler: Adding job tentatively -- it will be properly scheduled when the scheduler starts
2026-06-13 22:06:27,997 [INFO] apscheduler.scheduler: Added job "morning_brief_task" to job store "default"
2026-06-13 22:06:27,997 [INFO] apscheduler.scheduler: Added job "health_check_task" to job store "default"
2026-06-13 22:06:27,998 [INFO] apscheduler.scheduler: Added job "memory_cleanup_task" to job store "default"
2026-06-13 22:06:27,998 [INFO] apscheduler.scheduler: Added job "run_pending_scheduled_tasks" to job store "default"
2026-06-13 22:06:27,998 [INFO] apscheduler.scheduler: Scheduler started
2026-06-13 22:06:34,402 [INFO] httpx: HTTP Request: POST https://api.telegram.org/bot8677091828:AAF6Tsxq2JYSEX6EM8mPQFS_LUyStnHGXRE/getUpdates "HTTP/1.1 200 OK"
2026-06-13 22:06:44,586 [INFO] httpx: HTTP Request: POST https://api.telegram.org/bot8677091828:AAF6Tsxq2JYSEX6EM8mPQFS_LUyStnHGXRE/getUpdates "HTTP/1.1 200 OK"
2026-06-13 22:06:54,793 [INFO] httpx: HTTP Request: POST https://api.telegram.org/bot8677091828:AAF6Tsxq2JYSEX6EM8mPQFS_LUyStnHGXRE/getUpdates "HTTP/1.1 200 OK"
2026-06-13 22:07:04,972 [INFO] httpx: HTTP Request: POST https://api.telegram.org/bot8677091828:AAF6Tsxq2JYSEX6EM8mPQFS_LUyStnHGXRE/getUpdates "HTTP/1.1 200 OK"
2026-06-13 22:07:15,150 [INFO] httpx: HTTP Request: POST https://api.telegram.org/bot8677091828:AAF6Tsxq2JYSEX6EM8mPQFS_LUyStnHGXRE/getUpdates "HTTP/1.1 200 OK"
2026-06-13 22:07:25,332 [INFO] httpx: HTTP Request: POST https://api.telegram.org/bot8677091828:AAF6Tsxq2JYSEX6EM8mPQFS_LUyStnHGXRE/getUpdates "HTTP/1.1 200 OK"
2026-06-13 22:07:35,508 [INFO] httpx: HTTP Request: POST https://api.telegram.org/bot8677091828:AAF6Tsxq2JYSEX6EM8mPQFS_LUyStnHGXRE/getUpdates "HTTP/1.1 200 OK"
2026-06-13 22:07:45,688 [INFO] httpx: HTTP Request: POST https://api.telegram.org/bot8677091828:AAF6Tsxq2JYSEX6EM8mPQFS_LUyStnHGXRE/getUpdates "HTTP/1.1 200 OK"
2026-06-13 22:07:55,877 [INFO] httpx: HTTP Request: POST https://api.telegram.org/bot8677091828:AAF6Tsxq2JYSEX6EM8mPQFS_LUyStnHGXRE/getUpdates "HTTP/1.1 200 OK"
2026-06-13 22:08:06,057 [INFO] httpx: HTTP Request: POST https://api.telegram.org/bot8677091828:AAF6Tsxq2JYSEX6EM8mPQFS_LUyStnHGXRE/getUpdates "HTTP/1.1 200 OK"
2026-06-13 22:08:16,235 [INFO] httpx: HTTP Request: POST https://api.telegram.org/bot8677091828:AAF6Tsxq2JYSEX6EM8mPQFS_LUyStnHGXRE/getUpdates "HTTP/1.1 200 OK"
2026-06-13 22:08:26,412 [INFO] httpx: HTTP Request: POST https://api.telegram.org/bot8677091828:AAF6Tsxq2JYSEX6EM8mPQFS_LUyStnHGXRE/getUpdates "HTTP/1.1 200 OK"
2026-06-13 22:08:36,597 [INFO] httpx: HTTP Request: POST https://api.telegram.org/bot8677091828:AAF6Tsxq2JYSEX6EM8mPQFS_LUyStnHGXRE/getUpdates "HTTP/1.1 200 OK"
2026-06-13 22:08:46,780 [INFO] httpx: HTTP Request: POST https://api.telegram.org/bot8677091828:AAF6Tsxq2JYSEX6EM8mPQFS_LUyStnHGXRE/getUpdates "HTTP/1.1 200 OK"
2026-06-13 22:08:56,960 [INFO] httpx: HTTP Request: POST https://api.telegram.org/bot8677091828:AAF6Tsxq2JYSEX6EM8mPQFS_LUyStnHGXRE/getUpdates "HTTP/1.1 200 OK"
2026-06-13 22:09:07,139 [INFO] httpx: HTTP Request: POST https://api.telegram.org/bot8677091828:AAF6Tsxq2JYSEX6EM8mPQFS_LUyStnHGXRE/getUpdates "HTTP/1.1 200 OK"
2026-06-13 22:09:17,318 [INFO] httpx: HTTP Request: POST https://api.telegram.org/bot8677091828:AAF6Tsxq2JYSEX6EM8mPQFS_LUyStnHGXRE/getUpdates "HTTP/1.1 200 OK"
2026-06-13 22:09:27,493 [INFO] httpx: HTTP Request: POST https://api.telegram.org/bot8677091828:AAF6Tsxq2JYSEX6EM8mPQFS_LUyStnHGXRE/getUpdates "HTTP/1.1 200 OK"
2026-06-13 22:09:37,682 [INFO] httpx: HTTP Request: POST https://api.telegram.org/bot8677091828:AAF6Tsxq2JYSEX6EM8mPQFS_LUyStnHGXRE/getUpdates "HTTP/1.1 200 OK"
2026-06-13 22:09:47,870 [INFO] httpx: HTTP Request: POST https://api.telegram.org/bot8677091828:AAF6Tsxq2JYSEX6EM8mPQFS_LUyStnHGXRE/getUpdates "HTTP/1.1 200 OK"
2026-06-13 22:09:58,050 [INFO] httpx: HTTP Request: POST https://api.telegram.org/bot8677091828:AAF6Tsxq2JYSEX6EM8mPQFS_LUyStnHGXRE/getUpdates "HTTP/1.1 200 OK"
2026-06-13 22:10:08,273 [INFO] httpx: HTTP Request: POST https://api.telegram.org/bot8677091828:AAF6Tsxq2JYSEX6EM8mPQFS_LUyStnHGXRE/getUpdates "HTTP/1.1 200 OK"
2026-06-14 01:10:19,568 [WARNING] apscheduler.executors.default: Run time of job "run_pending_scheduled_tasks (trigger: interval[0:15:00], next run at: 2026-06-14 01:13:43 IST)" was missed by 0:11:35.594096
2026-06-14 01:10:20,462 [WARNING] apscheduler.executors.default: Run time of job "health_check_task (trigger: interval[1:00:00], next run at: 2026-06-14 01:58:43 IST)" was missed by 0:11:36.490960
2026-06-14 01:10:20,484 [WARNING] apscheduler.executors.default: Run time of job "memory_cleanup_task (trigger: cron[hour='0', minute='0'], next run at: 2026-06-15 00:00:00 IST)" was missed by 1:10:20.484419
2026-06-14 01:10:25,009 [ERROR] telegram.ext.Application: No error handlers are registered, logging exception.
Traceback (most recent call last):
  File "C:\Users\Sai kiran\AppData\Local\Programs\Python\Python314\Lib\site-packages\httpx\_transports\default.py", line 101, in map_httpcore_exceptions
    yield
  File "C:\Users\Sai kiran\AppData\Local\Programs\Python\Python314\Lib\site-packages\httpx\_transports\default.py", line 394, in handle_async_request
    resp = await self._pool.handle_async_request(req)
           ^^^^^^^^^^^^^^^^^^^^^^^^^^^^^^^^^^^^^^^^^^
  File "C:\Users\Sai kiran\AppData\Local\Programs\Python\Python314\Lib\site-packages\httpcore\_async\connection_pool.py", line 256, in handle_async_request
    raise exc from None
  File "C:\Users\Sai kiran\AppData\Local\Programs\Python\Python314\Lib\site-packages\httpcore\_async\connection_pool.py", line 236, in handle_async_request
    response = await connection.handle_async_request(
               ^^^^^^^^^^^^^^^^^^^^^^^^^^^^^^^^^^^^^^
        pool_request.request
        ^^^^^^^^^^^^^^^^^^^^
    )
    ^
  File "C:\Users\Sai kiran\AppData\Local\Programs\Python\Python314\Lib\site-packages\httpcore\_async\connection.py", line 101, in handle_async_request
    raise exc
  File "C:\Users\Sai kiran\AppData\Local\Programs\Python\Python314\Lib\site-packages\httpcore\_async\connection.py", line 78, in handle_async_request
    stream = await self._connect(request)
             ^^^^^^^^^^^^^^^^^^^^^^^^^^^^
  File "C:\Users\Sai kiran\AppData\Local\Programs\Python\Python314\Lib\site-packages\httpcore\_async\connection.py", line 124, in _connect
    stream = await self._network_backend.connect_tcp(**kwargs)
             ^^^^^^^^^^^^^^^^^^^^^^^^^^^^^^^^^^^^^^^^^^^^^^^^^
  File "C:\Users\Sai kiran\AppData\Local\Programs\Python\Python314\Lib\site-packages\httpcore\_backends\auto.py", line 31, in connect_tcp
    return await self._backend.connect_tcp(
           ^^^^^^^^^^^^^^^^^^^^^^^^^^^^^^^^
    ...<5 lines>...
    )
    ^
  File "C:\Users\Sai kiran\AppData\Local\Programs\Python\Python314\Lib\site-packages\httpcore\_backends\anyio.py", line 113, in connect_tcp
    with map_exceptions(exc_map):
         ~~~~~~~~~~~~~~^^^^^^^^^
  File "C:\Users\Sai kiran\AppData\Local\Programs\Python\Python314\Lib\contextlib.py", line 162, in __exit__
    self.gen.throw(value)
    ~~~~~~~~~~~~~~^^^^^^^
  File "C:\Users\Sai kiran\AppData\Local\Programs\Python\Python314\Lib\site-packages\httpcore\_exceptions.py", line 14, in map_exceptions
    raise to_exc(exc) from exc
httpcore.ConnectError: [Errno 11001] getaddrinfo failed

The above exception was the direct cause of the following exception:

Traceback (most recent call last):
  File "C:\Users\Sai kiran\AppData\Local\Programs\Python\Python314\Lib\site-packages\telegram\request\_httpxrequest.py", line 279, in do_request
    res = await self._client.request(
          ^^^^^^^^^^^^^^^^^^^^^^^^^^^
    ...<6 lines>...
    )
    ^
  File "C:\Users\Sai kiran\AppData\Local\Programs\Python\Python314\Lib\site-packages\httpx\_client.py", line 1540, in request
    return await self.send(request, auth=auth, follow_redirects=follow_redirects)
           ^^^^^^^^^^^^^^^^^^^^^^^^^^^^^^^^^^^^^^^^^^^^^^^^^^^^^^^^^^^^^^^^^^^^^^
  File "C:\Users\Sai kiran\AppData\Local\Programs\Python\Python314\Lib\site-packages\httpx\_client.py", line 1629, in send
    response = await self._send_handling_auth(
               ^^^^^^^^^^^^^^^^^^^^^^^^^^^^^^^
    ...<4 lines>...
    )
    ^
  File "C:\Users\Sai kiran\AppData\Local\Programs\Python\Python314\Lib\site-packages\httpx\_client.py", line 1657, in _send_handling_auth
    response = await self._send_handling_redirects(
               ^^^^^^^^^^^^^^^^^^^^^^^^^^^^^^^^^^^^
    ...<3 lines>...
    )
    ^
  File "C:\Users\Sai kiran\AppData\Local\Programs\Python\Python314\Lib\site-packages\httpx\_client.py", line 1694, in _send_handling_redirects
    response = await self._send_single_request(request)
               ^^^^^^^^^^^^^^^^^^^^^^^^^^^^^^^^^^^^^^^^
  File "C:\Users\Sai kiran\AppData\Local\Programs\Python\Python314\Lib\site-packages\httpx\_client.py", line 1730, in _send_single_request
    response = await transport.handle_async_request(request)
               ^^^^^^^^^^^^^^^^^^^^^^^^^^^^^^^^^^^^^^^^^^^^^
  File "C:\Users\Sai kiran\AppData\Local\Programs\Python\Python314\Lib\site-packages\httpx\_transports\default.py", line 393, in handle_async_request
    with map_httpcore_exceptions():
         ~~~~~~~~~~~~~~~~~~~~~~~^^
  File "C:\Users\Sai kiran\AppData\Local\Programs\Python\Python314\Lib\contextlib.py", line 162, in __exit__
    self.gen.throw(value)
    ~~~~~~~~~~~~~~^^^^^^^
  File "C:\Users\Sai kiran\AppData\Local\Programs\Python\Python314\Lib\site-packages\httpx\_transports\default.py", line 118, in map_httpcore_exceptions
    raise mapped_exc(message) from exc
httpx.ConnectError: [Errno 11001] getaddrinfo failed

The above exception was the direct cause of the following exception:

Traceback (most recent call last):
  File "C:\Users\Sai kiran\AppData\Local\Programs\Python\Python314\Lib\site-packages\telegram\ext\_utils\networkloop.py", line 161, in network_retry_loop
    await do_action()
  File "C:\Users\Sai kiran\AppData\Local\Programs\Python\Python314\Lib\site-packages\telegram\ext\_utils\networkloop.py", line 154, in do_action
    action_cb_task.result()
    ~~~~~~~~~~~~~~~~~~~~~^^
  File "C:\Users\Sai kiran\AppData\Local\Programs\Python\Python314\Lib\site-packages\telegram\ext\_updater.py", line 340, in polling_action_cb
    updates = await self.bot.get_updates(
              ^^^^^^^^^^^^^^^^^^^^^^^^^^^
    ...<3 lines>...
    )
    ^
  File "C:\Users\Sai kiran\AppData\Local\Programs\Python\Python314\Lib\site-packages\telegram\ext\_extbot.py", line 671, in get_updates
    updates = await super().get_updates(
              ^^^^^^^^^^^^^^^^^^^^^^^^^^
    ...<9 lines>...
    )
    ^
  File "C:\Users\Sai kiran\AppData\Local\Programs\Python\Python314\Lib\site-packages\telegram\_bot.py", line 4860, in get_updates
    await self._post(
    ^^^^^^^^^^^^^^^^^
    ...<7 lines>...
    ),
    ^
  File "C:\Users\Sai kiran\AppData\Local\Programs\Python\Python314\Lib\site-packages\telegram\_bot.py", line 703, in _post
    return await self._do_post(
           ^^^^^^^^^^^^^^^^^^^^
    ...<6 lines>...
    )
    ^
  File "C:\Users\Sai kiran\AppData\Local\Programs\Python\Python314\Lib\site-packages\telegram\ext\_extbot.py", line 369, in _do_post
    return await super()._do_post(
           ^^^^^^^^^^^^^^^^^^^^^^^
    ...<6 lines>...
    )
    ^
  File "C:\Users\Sai kiran\AppData\Local\Programs\Python\Python314\Lib\site-packages\telegram\_bot.py", line 732, in _do_post
    result = await request.post(
             ^^^^^^^^^^^^^^^^^^^
    ...<6 lines>...
    )
    ^
  File "C:\Users\Sai kiran\AppData\Local\Programs\Python\Python314\Lib\site-packages\telegram\request\_baserequest.py", line 198, in post
    result = await self._request_wrapper(
             ^^^^^^^^^^^^^^^^^^^^^^^^^^^^
    ...<7 lines>...
    )
    ^
  File "C:\Users\Sai kiran\AppData\Local\Programs\Python\Python314\Lib\site-packages\telegram\request\_baserequest.py", line 305, in _request_wrapper
    code, payload = await self.do_request(
                    ^^^^^^^^^^^^^^^^^^^^^^
    ...<7 lines>...
    )
    ^
  File "C:\Users\Sai kiran\AppData\Local\Programs\Python\Python314\Lib\site-packages\telegram\request\_httpxrequest.py", line 303, in do_request
    raise NetworkError(f"httpx.{err.__class__.__name__}: {err}") from err
telegram.error.NetworkError: httpx.ConnectError: [Errno 11001] getaddrinfo failed
2026-06-14 01:10:26,021 [ERROR] telegram.ext.Application: No error handlers are registered, logging exception.
Traceback (most recent call last):
  File "C:\Users\Sai kiran\AppData\Local\Programs\Python\Python314\Lib\site-packages\httpx\_transports\default.py", line 101, in map_httpcore_exceptions
    yield
  File "C:\Users\Sai kiran\AppData\Local\Programs\Python\Python314\Lib\site-packages\httpx\_transports\default.py", line 394, in handle_async_request
    resp = await self._pool.handle_async_request(req)
           ^^^^^^^^^^^^^^^^^^^^^^^^^^^^^^^^^^^^^^^^^^
  File "C:\Users\Sai kiran\AppData\Local\Programs\Python\Python314\Lib\site-packages\httpcore\_async\connection_pool.py", line 256, in handle_async_request
    raise exc from None
  File "C:\Users\Sai kiran\AppData\Local\Programs\Python\Python314\Lib\site-packages\httpcore\_async\connection_pool.py", line 236, in handle_async_request
    response = await connection.handle_async_request(
               ^^^^^^^^^^^^^^^^^^^^^^^^^^^^^^^^^^^^^^
        pool_request.request
        ^^^^^^^^^^^^^^^^^^^^
    )
    ^
  File "C:\Users\Sai kiran\AppData\Local\Programs\Python\Python314\Lib\site-packages\httpcore\_async\connection.py", line 101, in handle_async_request
    raise exc
  File "C:\Users\Sai kiran\AppData\Local\Programs\Python\Python314\Lib\site-packages\httpcore\_async\connection.py", line 78, in handle_async_request
    stream = await self._connect(request)
             ^^^^^^^^^^^^^^^^^^^^^^^^^^^^
  File "C:\Users\Sai kiran\AppData\Local\Programs\Python\Python314\Lib\site-packages\httpcore\_async\connection.py", line 124, in _connect
    stream = await self._network_backend.connect_tcp(**kwargs)
             ^^^^^^^^^^^^^^^^^^^^^^^^^^^^^^^^^^^^^^^^^^^^^^^^^
  File "C:\Users\Sai kiran\AppData\Local\Programs\Python\Python314\Lib\site-packages\httpcore\_backends\auto.py", line 31, in connect_tcp
    return await self._backend.connect_tcp(
           ^^^^^^^^^^^^^^^^^^^^^^^^^^^^^^^^
    ...<5 lines>...
    )
    ^
  File "C:\Users\Sai kiran\AppData\Local\Programs\Python\Python314\Lib\site-packages\httpcore\_backends\anyio.py", line 113, in connect_tcp
    with map_exceptions(exc_map):
         ~~~~~~~~~~~~~~^^^^^^^^^
  File "C:\Users\Sai kiran\AppData\Local\Programs\Python\Python314\Lib\contextlib.py", line 162, in __exit__
    self.gen.throw(value)
    ~~~~~~~~~~~~~~^^^^^^^
  File "C:\Users\Sai kiran\AppData\Local\Programs\Python\Python314\Lib\site-packages\httpcore\_exceptions.py", line 14, in map_exceptions
    raise to_exc(exc) from exc
httpcore.ConnectError: [Errno 11001] getaddrinfo failed

The above exception was the direct cause of the following exception:

Traceback (most recent call last):
  File "C:\Users\Sai kiran\AppData\Local\Programs\Python\Python314\Lib\site-packages\telegram\request\_httpxrequest.py", line 279, in do_request
    res = await self._client.request(
          ^^^^^^^^^^^^^^^^^^^^^^^^^^^
    ...<6 lines>...
    )
    ^
  File "C:\Users\Sai kiran\AppData\Local\Programs\Python\Python314\Lib\site-packages\httpx\_client.py", line 1540, in request
    return await self.send(request, auth=auth, follow_redirects=follow_redirects)
           ^^^^^^^^^^^^^^^^^^^^^^^^^^^^^^^^^^^^^^^^^^^^^^^^^^^^^^^^^^^^^^^^^^^^^^
  File "C:\Users\Sai kiran\AppData\Local\Programs\Python\Python314\Lib\site-packages\httpx\_client.py", line 1629, in send
    response = await self._send_handling_auth(
               ^^^^^^^^^^^^^^^^^^^^^^^^^^^^^^^
    ...<4 lines>...
    )
    ^
  File "C:\Users\Sai kiran\AppData\Local\Programs\Python\Python314\Lib\site-packages\httpx\_client.py", line 1657, in _send_handling_auth
    response = await self._send_handling_redirects(
               ^^^^^^^^^^^^^^^^^^^^^^^^^^^^^^^^^^^^
    ...<3 lines>...
    )
    ^
  File "C:\Users\Sai kiran\AppData\Local\Programs\Python\Python314\Lib\site-packages\httpx\_client.py", line 1694, in _send_handling_redirects
    response = await self._send_single_request(request)
               ^^^^^^^^^^^^^^^^^^^^^^^^^^^^^^^^^^^^^^^^
  File "C:\Users\Sai kiran\AppData\Local\Programs\Python\Python314\Lib\site-packages\httpx\_client.py", line 1730, in _send_single_request
    response = await transport.handle_async_request(request)
               ^^^^^^^^^^^^^^^^^^^^^^^^^^^^^^^^^^^^^^^^^^^^^
  File "C:\Users\Sai kiran\AppData\Local\Programs\Python\Python314\Lib\site-packages\httpx\_transports\default.py", line 393, in handle_async_request
    with map_httpcore_exceptions():
         ~~~~~~~~~~~~~~~~~~~~~~~^^
  File "C:\Users\Sai kiran\AppData\Local\Programs\Python\Python314\Lib\contextlib.py", line 162, in __exit__
    self.gen.throw(value)
    ~~~~~~~~~~~~~~^^^^^^^
  File "C:\Users\Sai kiran\AppData\Local\Programs\Python\Python314\Lib\site-packages\httpx\_transports\default.py", line 118, in map_httpcore_exceptions
    raise mapped_exc(message) from exc
httpx.ConnectError: [Errno 11001] getaddrinfo failed

The above exception was the direct cause of the following exception:

Traceback (most recent call last):
  File "C:\Users\Sai kiran\AppData\Local\Programs\Python\Python314\Lib\site-packages\telegram\ext\_utils\networkloop.py", line 161, in network_retry_loop
    await do_action()
  File "C:\Users\Sai kiran\AppData\Local\Programs\Python\Python314\Lib\site-packages\telegram\ext\_utils\networkloop.py", line 154, in do_action
    action_cb_task.result()
    ~~~~~~~~~~~~~~~~~~~~~^^
  File "C:\Users\Sai kiran\AppData\Local\Programs\Python\Python314\Lib\site-packages\telegram\ext\_updater.py", line 340, in polling_action_cb
    updates = await self.bot.get_updates(
              ^^^^^^^^^^^^^^^^^^^^^^^^^^^
    ...<3 lines>...
    )
    ^
  File "C:\Users\Sai kiran\AppData\Local\Programs\Python\Python314\Lib\site-packages\telegram\ext\_extbot.py", line 671, in get_updates
    updates = await super().get_updates(
              ^^^^^^^^^^^^^^^^^^^^^^^^^^
    ...<9 lines>...
    )
    ^
  File "C:\Users\Sai kiran\AppData\Local\Programs\Python\Python314\Lib\site-packages\telegram\_bot.py", line 4860, in get_updates
    await self._post(
    ^^^^^^^^^^^^^^^^^
    ...<7 lines>...
    ),
    ^
  File "C:\Users\Sai kiran\AppData\Local\Programs\Python\Python314\Lib\site-packages\telegram\_bot.py", line 703, in _post
    return await self._do_post(
           ^^^^^^^^^^^^^^^^^^^^
    ...<6 lines>...
    )
    ^
  File "C:\Users\Sai kiran\AppData\Local\Programs\Python\Python314\Lib\site-packages\telegram\ext\_extbot.py", line 369, in _do_post
    return await super()._do_post(
           ^^^^^^^^^^^^^^^^^^^^^^^
    ...<6 lines>...
    )
    ^
  File "C:\Users\Sai kiran\AppData\Local\Programs\Python\Python314\Lib\site-packages\telegram\_bot.py", line 732, in _do_post
    result = await request.post(
             ^^^^^^^^^^^^^^^^^^^
    ...<6 lines>...
    )
    ^
  File "C:\Users\Sai kiran\AppData\Local\Programs\Python\Python314\Lib\site-packages\telegram\request\_baserequest.py", line 198, in post
    result = await self._request_wrapper(
             ^^^^^^^^^^^^^^^^^^^^^^^^^^^^
    ...<7 lines>...
    )
    ^
  File "C:\Users\Sai kiran\AppData\Local\Programs\Python\Python314\Lib\site-packages\telegram\request\_baserequest.py", line 305, in _request_wrapper
    code, payload = await self.do_request(
                    ^^^^^^^^^^^^^^^^^^^^^^
    ...<7 lines>...
    )
    ^
  File "C:\Users\Sai kiran\AppData\Local\Programs\Python\Python314\Lib\site-packages\telegram\request\_httpxrequest.py", line 303, in do_request
    raise NetworkError(f"httpx.{err.__class__.__name__}: {err}") from err
telegram.error.NetworkError: httpx.ConnectError: [Errno 11001] getaddrinfo failed
2026-06-14 01:10:27,537 [ERROR] telegram.ext.Application: No error handlers are registered, logging exception.
Traceback (most recent call last):
  File "C:\Users\Sai kiran\AppData\Local\Programs\Python\Python314\Lib\site-packages\httpx\_transports\default.py", line 101, in map_httpcore_exceptions
    yield
  File "C:\Users\Sai kiran\AppData\Local\Programs\Python\Python314\Lib\site-packages\httpx\_transports\default.py", line 394, in handle_async_request
    resp = await self._pool.handle_async_request(req)
           ^^^^^^^^^^^^^^^^^^^^^^^^^^^^^^^^^^^^^^^^^^
  File "C:\Users\Sai kiran\AppData\Local\Programs\Python\Python314\Lib\site-packages\httpcore\_async\connection_pool.py", line 256, in handle_async_request
    raise exc from None
  File "C:\Users\Sai kiran\AppData\Local\Programs\Python\Python314\Lib\site-packages\httpcore\_async\connection_pool.py", line 236, in handle_async_request
    response = await connection.handle_async_request(
               ^^^^^^^^^^^^^^^^^^^^^^^^^^^^^^^^^^^^^^
        pool_request.request
        ^^^^^^^^^^^^^^^^^^^^
    )
    ^
  File "C:\Users\Sai kiran\AppData\Local\Programs\Python\Python314\Lib\site-packages\httpcore\_async\connection.py", line 101, in handle_async_request
    raise exc
  File "C:\Users\Sai kiran\AppData\Local\Programs\Python\Python314\Lib\site-packages\httpcore\_async\connection.py", line 78, in handle_async_request
    stream = await self._connect(request)
             ^^^^^^^^^^^^^^^^^^^^^^^^^^^^
  File "C:\Users\Sai kiran\AppData\Local\Programs\Python\Python314\Lib\site-packages\httpcore\_async\connection.py", line 124, in _connect
    stream = await self._network_backend.connect_tcp(**kwargs)
             ^^^^^^^^^^^^^^^^^^^^^^^^^^^^^^^^^^^^^^^^^^^^^^^^^
  File "C:\Users\Sai kiran\AppData\Local\Programs\Python\Python314\Lib\site-packages\httpcore\_backends\auto.py", line 31, in connect_tcp
    return await self._backend.connect_tcp(
           ^^^^^^^^^^^^^^^^^^^^^^^^^^^^^^^^
    ...<5 lines>...
    )
    ^
  File "C:\Users\Sai kiran\AppData\Local\Programs\Python\Python314\Lib\site-packages\httpcore\_backends\anyio.py", line 113, in connect_tcp
    with map_exceptions(exc_map):
         ~~~~~~~~~~~~~~^^^^^^^^^
  File "C:\Users\Sai kiran\AppData\Local\Programs\Python\Python314\Lib\contextlib.py", line 162, in __exit__
    self.gen.throw(value)
    ~~~~~~~~~~~~~~^^^^^^^
  File "C:\Users\Sai kiran\AppData\Local\Programs\Python\Python314\Lib\site-packages\httpcore\_exceptions.py", line 14, in map_exceptions
    raise to_exc(exc) from exc
httpcore.ConnectError: [Errno 11001] getaddrinfo failed

The above exception was the direct cause of the following exception:

Traceback (most recent call last):
  File "C:\Users\Sai kiran\AppData\Local\Programs\Python\Python314\Lib\site-packages\telegram\request\_httpxrequest.py", line 279, in do_request
    res = await self._client.request(
          ^^^^^^^^^^^^^^^^^^^^^^^^^^^
    ...<6 lines>...
    )
    ^
  File "C:\Users\Sai kiran\AppData\Local\Programs\Python\Python314\Lib\site-packages\httpx\_client.py", line 1540, in request
    return await self.send(request, auth=auth, follow_redirects=follow_redirects)
           ^^^^^^^^^^^^^^^^^^^^^^^^^^^^^^^^^^^^^^^^^^^^^^^^^^^^^^^^^^^^^^^^^^^^^^
  File "C:\Users\Sai kiran\AppData\Local\Programs\Python\Python314\Lib\site-packages\httpx\_client.py", line 1629, in send
    response = await self._send_handling_auth(
               ^^^^^^^^^^^^^^^^^^^^^^^^^^^^^^^
    ...<4 lines>...
    )
    ^
  File "C:\Users\Sai kiran\AppData\Local\Programs\Python\Python314\Lib\site-packages\httpx\_client.py", line 1657, in _send_handling_auth
    response = await self._send_handling_redirects(
               ^^^^^^^^^^^^^^^^^^^^^^^^^^^^^^^^^^^^
    ...<3 lines>...
    )
    ^
  File "C:\Users\Sai kiran\AppData\Local\Programs\Python\Python314\Lib\site-packages\httpx\_client.py", line 1694, in _send_handling_redirects
    response = await self._send_single_request(request)
               ^^^^^^^^^^^^^^^^^^^^^^^^^^^^^^^^^^^^^^^^
  File "C:\Users\Sai kiran\AppData\Local\Programs\Python\Python314\Lib\site-packages\httpx\_client.py", line 1730, in _send_single_request
    response = await transport.handle_async_request(request)
               ^^^^^^^^^^^^^^^^^^^^^^^^^^^^^^^^^^^^^^^^^^^^^
  File "C:\Users\Sai kiran\AppData\Local\Programs\Python\Python314\Lib\site-packages\httpx\_transports\default.py", line 393, in handle_async_request
    with map_httpcore_exceptions():
         ~~~~~~~~~~~~~~~~~~~~~~~^^
  File "C:\Users\Sai kiran\AppData\Local\Programs\Python\Python314\Lib\contextlib.py", line 162, in __exit__
    self.gen.throw(value)
    ~~~~~~~~~~~~~~^^^^^^^
  File "C:\Users\Sai kiran\AppData\Local\Programs\Python\Python314\Lib\site-packages\httpx\_transports\default.py", line 118, in map_httpcore_exceptions
    raise mapped_exc(message) from exc
httpx.ConnectError: [Errno 11001] getaddrinfo failed

The above exception was the direct cause of the following exception:

Traceback (most recent call last):
  File "C:\Users\Sai kiran\AppData\Local\Programs\Python\Python314\Lib\site-packages\telegram\ext\_utils\networkloop.py", line 161, in network_retry_loop
    await do_action()
  File "C:\Users\Sai kiran\AppData\Local\Programs\Python\Python314\Lib\site-packages\telegram\ext\_utils\networkloop.py", line 154, in do_action
    action_cb_task.result()
    ~~~~~~~~~~~~~~~~~~~~~^^
  File "C:\Users\Sai kiran\AppData\Local\Programs\Python\Python314\Lib\site-packages\telegram\ext\_updater.py", line 340, in polling_action_cb
    updates = await self.bot.get_updates(
              ^^^^^^^^^^^^^^^^^^^^^^^^^^^
    ...<3 lines>...
    )
    ^
  File "C:\Users\Sai kiran\AppData\Local\Programs\Python\Python314\Lib\site-packages\telegram\ext\_extbot.py", line 671, in get_updates
    updates = await super().get_updates(
              ^^^^^^^^^^^^^^^^^^^^^^^^^^
    ...<9 lines>...
    )
    ^
  File "C:\Users\Sai kiran\AppData\Local\Programs\Python\Python314\Lib\site-packages\telegram\_bot.py", line 4860, in get_updates
    await self._post(
    ^^^^^^^^^^^^^^^^^
    ...<7 lines>...
    ),
    ^
  File "C:\Users\Sai kiran\AppData\Local\Programs\Python\Python314\Lib\site-packages\telegram\_bot.py", line 703, in _post
    return await self._do_post(
           ^^^^^^^^^^^^^^^^^^^^
    ...<6 lines>...
    )
    ^
  File "C:\Users\Sai kiran\AppData\Local\Programs\Python\Python314\Lib\site-packages\telegram\ext\_extbot.py", line 369, in _do_post
    return await super()._do_post(
           ^^^^^^^^^^^^^^^^^^^^^^^
    ...<6 lines>...
    )
    ^
  File "C:\Users\Sai kiran\AppData\Local\Programs\Python\Python314\Lib\site-packages\telegram\_bot.py", line 732, in _do_post
    result = await request.post(
             ^^^^^^^^^^^^^^^^^^^
    ...<6 lines>...
    )
    ^
  File "C:\Users\Sai kiran\AppData\Local\Programs\Python\Python314\Lib\site-packages\telegram\request\_baserequest.py", line 198, in post
    result = await self._request_wrapper(
             ^^^^^^^^^^^^^^^^^^^^^^^^^^^^
    ...<7 lines>...
    )
    ^
  File "C:\Users\Sai kiran\AppData\Local\Programs\Python\Python314\Lib\site-packages\telegram\request\_baserequest.py", line 305, in _request_wrapper
    code, payload = await self.do_request(
                    ^^^^^^^^^^^^^^^^^^^^^^
    ...<7 lines>...
    )
    ^
  File "C:\Users\Sai kiran\AppData\Local\Programs\Python\Python314\Lib\site-packages\telegram\request\_httpxrequest.py", line 303, in do_request
    raise NetworkError(f"httpx.{err.__class__.__name__}: {err}") from err
telegram.error.NetworkError: httpx.ConnectError: [Errno 11001] getaddrinfo failed
2026-06-14 01:10:29,797 [ERROR] telegram.ext.Application: No error handlers are registered, logging exception.
Traceback (most recent call last):
  File "C:\Users\Sai kiran\AppData\Local\Programs\Python\Python314\Lib\site-packages\httpx\_transports\default.py", line 101, in map_httpcore_exceptions
    yield
  File "C:\Users\Sai kiran\AppData\Local\Programs\Python\Python314\Lib\site-packages\httpx\_transports\default.py", line 394, in handle_async_request
    resp = await self._pool.handle_async_request(req)
           ^^^^^^^^^^^^^^^^^^^^^^^^^^^^^^^^^^^^^^^^^^
  File "C:\Users\Sai kiran\AppData\Local\Programs\Python\Python314\Lib\site-packages\httpcore\_async\connection_pool.py", line 256, in handle_async_request
    raise exc from None
  File "C:\Users\Sai kiran\AppData\Local\Programs\Python\Python314\Lib\site-packages\httpcore\_async\connection_pool.py", line 236, in handle_async_request
    response = await connection.handle_async_request(
               ^^^^^^^^^^^^^^^^^^^^^^^^^^^^^^^^^^^^^^
        pool_request.request
        ^^^^^^^^^^^^^^^^^^^^
    )
    ^
  File "C:\Users\Sai kiran\AppData\Local\Programs\Python\Python314\Lib\site-packages\httpcore\_async\connection.py", line 101, in handle_async_request
    raise exc
  File "C:\Users\Sai kiran\AppData\Local\Programs\Python\Python314\Lib\site-packages\httpcore\_async\connection.py", line 78, in handle_async_request
    stream = await self._connect(request)
             ^^^^^^^^^^^^^^^^^^^^^^^^^^^^
  File "C:\Users\Sai kiran\AppData\Local\Programs\Python\Python314\Lib\site-packages\httpcore\_async\connection.py", line 124, in _connect
    stream = await self._network_backend.connect_tcp(**kwargs)
             ^^^^^^^^^^^^^^^^^^^^^^^^^^^^^^^^^^^^^^^^^^^^^^^^^
  File "C:\Users\Sai kiran\AppData\Local\Programs\Python\Python314\Lib\site-packages\httpcore\_backends\auto.py", line 31, in connect_tcp
    return await self._backend.connect_tcp(
           ^^^^^^^^^^^^^^^^^^^^^^^^^^^^^^^^
    ...<5 lines>...
    )
    ^
  File "C:\Users\Sai kiran\AppData\Local\Programs\Python\Python314\Lib\site-packages\httpcore\_backends\anyio.py", line 113, in connect_tcp
    with map_exceptions(exc_map):
         ~~~~~~~~~~~~~~^^^^^^^^^
  File "C:\Users\Sai kiran\AppData\Local\Programs\Python\Python314\Lib\contextlib.py", line 162, in __exit__
    self.gen.throw(value)
    ~~~~~~~~~~~~~~^^^^^^^
  File "C:\Users\Sai kiran\AppData\Local\Programs\Python\Python314\Lib\site-packages\httpcore\_exceptions.py", line 14, in map_exceptions
    raise to_exc(exc) from exc
httpcore.ConnectError: [Errno 11001] getaddrinfo failed

The above exception was the direct cause of the following exception:

Traceback (most recent call last):
  File "C:\Users\Sai kiran\AppData\Local\Programs\Python\Python314\Lib\site-packages\telegram\request\_httpxrequest.py", line 279, in do_request
    res = await self._client.request(
          ^^^^^^^^^^^^^^^^^^^^^^^^^^^
    ...<6 lines>...
    )
    ^
  File "C:\Users\Sai kiran\AppData\Local\Programs\Python\Python314\Lib\site-packages\httpx\_client.py", line 1540, in request
    return await self.send(request, auth=auth, follow_redirects=follow_redirects)
           ^^^^^^^^^^^^^^^^^^^^^^^^^^^^^^^^^^^^^^^^^^^^^^^^^^^^^^^^^^^^^^^^^^^^^^
  File "C:\Users\Sai kiran\AppData\Local\Programs\Python\Python314\Lib\site-packages\httpx\_client.py", line 1629, in send
    response = await self._send_handling_auth(
               ^^^^^^^^^^^^^^^^^^^^^^^^^^^^^^^
    ...<4 lines>...
    )
    ^
  File "C:\Users\Sai kiran\AppData\Local\Programs\Python\Python314\Lib\site-packages\httpx\_client.py", line 1657, in _send_handling_auth
    response = await self._send_handling_redirects(
               ^^^^^^^^^^^^^^^^^^^^^^^^^^^^^^^^^^^^
    ...<3 lines>...
    )
    ^
  File "C:\Users\Sai kiran\AppData\Local\Programs\Python\Python314\Lib\site-packages\httpx\_client.py", line 1694, in _send_handling_redirects
    response = await self._send_single_request(request)
               ^^^^^^^^^^^^^^^^^^^^^^^^^^^^^^^^^^^^^^^^
  File "C:\Users\Sai kiran\AppData\Local\Programs\Python\Python314\Lib\site-packages\httpx\_client.py", line 1730, in _send_single_request
    response = await transport.handle_async_request(request)
               ^^^^^^^^^^^^^^^^^^^^^^^^^^^^^^^^^^^^^^^^^^^^^
  File "C:\Users\Sai kiran\AppData\Local\Programs\Python\Python314\Lib\site-packages\httpx\_transports\default.py", line 393, in handle_async_request
    with map_httpcore_exceptions():
         ~~~~~~~~~~~~~~~~~~~~~~~^^
  File "C:\Users\Sai kiran\AppData\Local\Programs\Python\Python314\Lib\contextlib.py", line 162, in __exit__
    self.gen.throw(value)
    ~~~~~~~~~~~~~~^^^^^^^
  File "C:\Users\Sai kiran\AppData\Local\Programs\Python\Python314\Lib\site-packages\httpx\_transports\default.py", line 118, in map_httpcore_exceptions
    raise mapped_exc(message) from exc
httpx.ConnectError: [Errno 11001] getaddrinfo failed

The above exception was the direct cause of the following exception:

Traceback (most recent call last):
  File "C:\Users\Sai kiran\AppData\Local\Programs\Python\Python314\Lib\site-packages\telegram\ext\_utils\networkloop.py", line 161, in network_retry_loop
    await do_action()
  File "C:\Users\Sai kiran\AppData\Local\Programs\Python\Python314\Lib\site-packages\telegram\ext\_utils\networkloop.py", line 154, in do_action
    action_cb_task.result()
    ~~~~~~~~~~~~~~~~~~~~~^^
  File "C:\Users\Sai kiran\AppData\Local\Programs\Python\Python314\Lib\site-packages\telegram\ext\_updater.py", line 340, in polling_action_cb
    updates = await self.bot.get_updates(
              ^^^^^^^^^^^^^^^^^^^^^^^^^^^
    ...<3 lines>...
    )
    ^
  File "C:\Users\Sai kiran\AppData\Local\Programs\Python\Python314\Lib\site-packages\telegram\ext\_extbot.py", line 671, in get_updates
    updates = await super().get_updates(
              ^^^^^^^^^^^^^^^^^^^^^^^^^^
    ...<9 lines>...
    )
    ^
  File "C:\Users\Sai kiran\AppData\Local\Programs\Python\Python314\Lib\site-packages\telegram\_bot.py", line 4860, in get_updates
    await self._post(
    ^^^^^^^^^^^^^^^^^
    ...<7 lines>...
    ),
    ^
  File "C:\Users\Sai kiran\AppData\Local\Programs\Python\Python314\Lib\site-packages\telegram\_bot.py", line 703, in _post
    return await self._do_post(
           ^^^^^^^^^^^^^^^^^^^^
    ...<6 lines>...
    )
    ^
  File "C:\Users\Sai kiran\AppData\Local\Programs\Python\Python314\Lib\site-packages\telegram\ext\_extbot.py", line 369, in _do_post
    return await super()._do_post(
           ^^^^^^^^^^^^^^^^^^^^^^^
    ...<6 lines>...
    )
    ^
  File "C:\Users\Sai kiran\AppData\Local\Programs\Python\Python314\Lib\site-packages\telegram\_bot.py", line 732, in _do_post
    result = await request.post(
             ^^^^^^^^^^^^^^^^^^^
    ...<6 lines>...
    )
    ^
  File "C:\Users\Sai kiran\AppData\Local\Programs\Python\Python314\Lib\site-packages\telegram\request\_baserequest.py", line 198, in post
    result = await self._request_wrapper(
             ^^^^^^^^^^^^^^^^^^^^^^^^^^^^
    ...<7 lines>...
    )
    ^
  File "C:\Users\Sai kiran\AppData\Local\Programs\Python\Python314\Lib\site-packages\telegram\request\_baserequest.py", line 305, in _request_wrapper
    code, payload = await self.do_request(
                    ^^^^^^^^^^^^^^^^^^^^^^
    ...<7 lines>...
    )
    ^
  File "C:\Users\Sai kiran\AppData\Local\Programs\Python\Python314\Lib\site-packages\telegram\request\_httpxrequest.py", line 303, in do_request
    raise NetworkError(f"httpx.{err.__class__.__name__}: {err}") from err
telegram.error.NetworkError: httpx.ConnectError: [Errno 11001] getaddrinfo failed
2026-06-14 10:26:33,504 [WARNING] apscheduler.executors.default: Run time of job "run_pending_scheduled_tasks (trigger: interval[0:15:00], next run at: 2026-06-14 10:28:43 IST)" was missed by 0:12:49.530067
2026-06-14 10:26:33,507 [WARNING] apscheduler.executors.default: Run time of job "health_check_task (trigger: interval[1:00:00], next run at: 2026-06-14 10:58:43 IST)" was missed by 0:27:49.535598
2026-06-14 10:26:33,509 [WARNING] apscheduler.executors.default: Run time of job "morning_brief_task (trigger: cron[hour='8', minute='0'], next run at: 2026-06-15 08:00:00 IST)" was missed by 2:26:33.509313
2026-06-14 10:26:35,313 [ERROR] telegram.ext.Application: No error handlers are registered, logging exception.
Traceback (most recent call last):
  File "C:\Users\Sai kiran\AppData\Local\Programs\Python\Python314\Lib\site-packages\httpx\_transports\default.py", line 101, in map_httpcore_exceptions
    yield
  File "C:\Users\Sai kiran\AppData\Local\Programs\Python\Python314\Lib\site-packages\httpx\_transports\default.py", line 394, in handle_async_request
    resp = await self._pool.handle_async_request(req)
           ^^^^^^^^^^^^^^^^^^^^^^^^^^^^^^^^^^^^^^^^^^
  File "C:\Users\Sai kiran\AppData\Local\Programs\Python\Python314\Lib\site-packages\httpcore\_async\connection_pool.py", line 256, in handle_async_request
    raise exc from None
  File "C:\Users\Sai kiran\AppData\Local\Programs\Python\Python314\Lib\site-packages\httpcore\_async\connection_pool.py", line 236, in handle_async_request
    response = await connection.handle_async_request(
               ^^^^^^^^^^^^^^^^^^^^^^^^^^^^^^^^^^^^^^
        pool_request.request
        ^^^^^^^^^^^^^^^^^^^^
    )
    ^
  File "C:\Users\Sai kiran\AppData\Local\Programs\Python\Python314\Lib\site-packages\httpcore\_async\connection.py", line 101, in handle_async_request
    raise exc
  File "C:\Users\Sai kiran\AppData\Local\Programs\Python\Python314\Lib\site-packages\httpcore\_async\connection.py", line 78, in handle_async_request
    stream = await self._connect(request)
             ^^^^^^^^^^^^^^^^^^^^^^^^^^^^
  File "C:\Users\Sai kiran\AppData\Local\Programs\Python\Python314\Lib\site-packages\httpcore\_async\connection.py", line 124, in _connect
    stream = await self._network_backend.connect_tcp(**kwargs)
             ^^^^^^^^^^^^^^^^^^^^^^^^^^^^^^^^^^^^^^^^^^^^^^^^^
  File "C:\Users\Sai kiran\AppData\Local\Programs\Python\Python314\Lib\site-packages\httpcore\_backends\auto.py", line 31, in connect_tcp
    return await self._backend.connect_tcp(
           ^^^^^^^^^^^^^^^^^^^^^^^^^^^^^^^^
    ...<5 lines>...
    )
    ^
  File "C:\Users\Sai kiran\AppData\Local\Programs\Python\Python314\Lib\site-packages\httpcore\_backends\anyio.py", line 113, in connect_tcp
    with map_exceptions(exc_map):
         ~~~~~~~~~~~~~~^^^^^^^^^
  File "C:\Users\Sai kiran\AppData\Local\Programs\Python\Python314\Lib\contextlib.py", line 162, in __exit__
    self.gen.throw(value)
    ~~~~~~~~~~~~~~^^^^^^^
  File "C:\Users\Sai kiran\AppData\Local\Programs\Python\Python314\Lib\site-packages\httpcore\_exceptions.py", line 14, in map_exceptions
    raise to_exc(exc) from exc
httpcore.ConnectError: [Errno 11001] getaddrinfo failed

The above exception was the direct cause of the following exception:

Traceback (most recent call last):
  File "C:\Users\Sai kiran\AppData\Local\Programs\Python\Python314\Lib\site-packages\telegram\request\_httpxrequest.py", line 279, in do_request
    res = await self._client.request(
          ^^^^^^^^^^^^^^^^^^^^^^^^^^^
    ...<6 lines>...
    )
    ^
  File "C:\Users\Sai kiran\AppData\Local\Programs\Python\Python314\Lib\site-packages\httpx\_client.py", line 1540, in request
    return await self.send(request, auth=auth, follow_redirects=follow_redirects)
           ^^^^^^^^^^^^^^^^^^^^^^^^^^^^^^^^^^^^^^^^^^^^^^^^^^^^^^^^^^^^^^^^^^^^^^
  File "C:\Users\Sai kiran\AppData\Local\Programs\Python\Python314\Lib\site-packages\httpx\_client.py", line 1629, in send
    response = await self._send_handling_auth(
               ^^^^^^^^^^^^^^^^^^^^^^^^^^^^^^^
    ...<4 lines>...
    )
    ^
  File "C:\Users\Sai kiran\AppData\Local\Programs\Python\Python314\Lib\site-packages\httpx\_client.py", line 1657, in _send_handling_auth
    response = await self._send_handling_redirects(
               ^^^^^^^^^^^^^^^^^^^^^^^^^^^^^^^^^^^^
    ...<3 lines>...
    )
    ^
  File "C:\Users\Sai kiran\AppData\Local\Programs\Python\Python314\Lib\site-packages\httpx\_client.py", line 1694, in _send_handling_redirects
    response = await self._send_single_request(request)
               ^^^^^^^^^^^^^^^^^^^^^^^^^^^^^^^^^^^^^^^^
  File "C:\Users\Sai kiran\AppData\Local\Programs\Python\Python314\Lib\site-packages\httpx\_client.py", line 1730, in _send_single_request
    response = await transport.handle_async_request(request)
               ^^^^^^^^^^^^^^^^^^^^^^^^^^^^^^^^^^^^^^^^^^^^^
  File "C:\Users\Sai kiran\AppData\Local\Programs\Python\Python314\Lib\site-packages\httpx\_transports\default.py", line 393, in handle_async_request
    with map_httpcore_exceptions():
         ~~~~~~~~~~~~~~~~~~~~~~~^^
  File "C:\Users\Sai kiran\AppData\Local\Programs\Python\Python314\Lib\contextlib.py", line 162, in __exit__
    self.gen.throw(value)
    ~~~~~~~~~~~~~~^^^^^^^
  File "C:\Users\Sai kiran\AppData\Local\Programs\Python\Python314\Lib\site-packages\httpx\_transports\default.py", line 118, in map_httpcore_exceptions
    raise mapped_exc(message) from exc
httpx.ConnectError: [Errno 11001] getaddrinfo failed

The above exception was the direct cause of the following exception:

Traceback (most recent call last):
  File "C:\Users\Sai kiran\AppData\Local\Programs\Python\Python314\Lib\site-packages\telegram\ext\_utils\networkloop.py", line 161, in network_retry_loop
    await do_action()
  File "C:\Users\Sai kiran\AppData\Local\Programs\Python\Python314\Lib\site-packages\telegram\ext\_utils\networkloop.py", line 154, in do_action
    action_cb_task.result()
    ~~~~~~~~~~~~~~~~~~~~~^^
  File "C:\Users\Sai kiran\AppData\Local\Programs\Python\Python314\Lib\site-packages\telegram\ext\_updater.py", line 340, in polling_action_cb
    updates = await self.bot.get_updates(
              ^^^^^^^^^^^^^^^^^^^^^^^^^^^
    ...<3 lines>...
    )
    ^
  File "C:\Users\Sai kiran\AppData\Local\Programs\Python\Python314\Lib\site-packages\telegram\ext\_extbot.py", line 671, in get_updates
    updates = await super().get_updates(
              ^^^^^^^^^^^^^^^^^^^^^^^^^^
    ...<9 lines>...
    )
    ^
  File "C:\Users\Sai kiran\AppData\Local\Programs\Python\Python314\Lib\site-packages\telegram\_bot.py", line 4860, in get_updates
    await self._post(
    ^^^^^^^^^^^^^^^^^
    ...<7 lines>...
    ),
    ^
  File "C:\Users\Sai kiran\AppData\Local\Programs\Python\Python314\Lib\site-packages\telegram\_bot.py", line 703, in _post
    return await self._do_post(
           ^^^^^^^^^^^^^^^^^^^^
    ...<6 lines>...
    )
    ^
  File "C:\Users\Sai kiran\AppData\Local\Programs\Python\Python314\Lib\site-packages\telegram\ext\_extbot.py", line 369, in _do_post
    return await super()._do_post(
           ^^^^^^^^^^^^^^^^^^^^^^^
    ...<6 lines>...
    )
    ^
  File "C:\Users\Sai kiran\AppData\Local\Programs\Python\Python314\Lib\site-packages\telegram\_bot.py", line 732, in _do_post
    result = await request.post(
             ^^^^^^^^^^^^^^^^^^^
    ...<6 lines>...
    )
    ^
  File "C:\Users\Sai kiran\AppData\Local\Programs\Python\Python314\Lib\site-packages\telegram\request\_baserequest.py", line 198, in post
    result = await self._request_wrapper(
             ^^^^^^^^^^^^^^^^^^^^^^^^^^^^
    ...<7 lines>...
    )
    ^
  File "C:\Users\Sai kiran\AppData\Local\Programs\Python\Python314\Lib\site-packages\telegram\request\_baserequest.py", line 305, in _request_wrapper
    code, payload = await self.do_request(
                    ^^^^^^^^^^^^^^^^^^^^^^
    ...<7 lines>...
    )
    ^
  File "C:\Users\Sai kiran\AppData\Local\Programs\Python\Python314\Lib\site-packages\telegram\request\_httpxrequest.py", line 303, in do_request
    raise NetworkError(f"httpx.{err.__class__.__name__}: {err}") from err
telegram.error.NetworkError: httpx.ConnectError: [Errno 11001] getaddrinfo failed
2026-06-14 10:26:51,027 [INFO] httpx: HTTP Request: POST https://api.telegram.org/bot8677091828:AAF6Tsxq2JYSEX6EM8mPQFS_LUyStnHGXRE/getUpdates "HTTP/1.1 200 OK"
2026-06-14 10:27:01,239 [INFO] httpx: HTTP Request: POST https://api.telegram.org/bot8677091828:AAF6Tsxq2JYSEX6EM8mPQFS_LUyStnHGXRE/getUpdates "HTTP/1.1 200 OK"
2026-06-14 10:27:11,444 [INFO] httpx: HTTP Request: POST https://api.telegram.org/bot8677091828:AAF6Tsxq2JYSEX6EM8mPQFS_LUyStnHGXRE/getUpdates "HTTP/1.1 200 OK"
2026-06-14 10:27:21,679 [INFO] httpx: HTTP Request: POST https://api.telegram.org/bot8677091828:AAF6Tsxq2JYSEX6EM8mPQFS_LUyStnHGXRE/getUpdates "HTTP/1.1 200 OK"
2026-06-14 10:27:31,848 [INFO] httpx: HTTP Request: POST https://api.telegram.org/bot8677091828:AAF6Tsxq2JYSEX6EM8mPQFS_LUyStnHGXRE/getUpdates "HTTP/1.1 200 OK"
2026-06-14 10:27:42,017 [INFO] httpx: HTTP Request: POST https://api.telegram.org/bot8677091828:AAF6Tsxq2JYSEX6EM8mPQFS_LUyStnHGXRE/getUpdates "HTTP/1.1 200 OK"
2026-06-14 10:27:52,185 [INFO] httpx: HTTP Request: POST https://api.telegram.org/bot8677091828:AAF6Tsxq2JYSEX6EM8mPQFS_LUyStnHGXRE/getUpdates "HTTP/1.1 200 OK"
2026-06-14 10:28:02,355 [INFO] httpx: HTTP Request: POST https://api.telegram.org/bot8677091828:AAF6Tsxq2JYSEX6EM8mPQFS_LUyStnHGXRE/getUpdates "HTTP/1.1 200 OK"
2026-06-14 10:28:12,526 [INFO] httpx: HTTP Request: POST https://api.telegram.org/bot8677091828:AAF6Tsxq2JYSEX6EM8mPQFS_LUyStnHGXRE/getUpdates "HTTP/1.1 200 OK"
2026-06-14 10:28:22,701 [INFO] httpx: HTTP Request: POST https://api.telegram.org/bot8677091828:AAF6Tsxq2JYSEX6EM8mPQFS_LUyStnHGXRE/getUpdates "HTTP/1.1 200 OK"
2026-06-14 10:28:32,875 [INFO] httpx: HTTP Request: POST https://api.telegram.org/bot8677091828:AAF6Tsxq2JYSEX6EM8mPQFS_LUyStnHGXRE/getUpdates "HTTP/1.1 200 OK"
2026-06-14 10:28:43,056 [INFO] httpx: HTTP Request: POST https://api.telegram.org/bot8677091828:AAF6Tsxq2JYSEX6EM8mPQFS_LUyStnHGXRE/getUpdates "HTTP/1.1 200 OK"
2026-06-14 10:28:43,977 [INFO] apscheduler.executors.default: Running job "run_pending_scheduled_tasks (trigger: interval[0:15:00], next run at: 2026-06-14 10:43:43 IST)" (scheduled at 2026-06-14 10:28:43.974289+05:30)
2026-06-14 10:28:44,101 [INFO] apscheduler.executors.default: Job "run_pending_scheduled_tasks (trigger: interval[0:15:00], next run at: 2026-06-14 10:43:43 IST)" executed successfully
2026-06-14 10:28:53,347 [INFO] httpx: HTTP Request: POST https://api.telegram.org/bot8677091828:AAF6Tsxq2JYSEX6EM8mPQFS_LUyStnHGXRE/getUpdates "HTTP/1.1 200 OK"
2026-06-14 10:29:03,612 [INFO] httpx: HTTP Request: POST https://api.telegram.org/bot8677091828:AAF6Tsxq2JYSEX6EM8mPQFS_LUyStnHGXRE/getUpdates "HTTP/1.1 200 OK"
2026-06-14 10:29:13,839 [INFO] httpx: HTTP Request: POST https://api.telegram.org/bot8677091828:AAF6Tsxq2JYSEX6EM8mPQFS_LUyStnHGXRE/getUpdates "HTTP/1.1 200 OK"
2026-06-14 10:29:24,028 [INFO] httpx: HTTP Request: POST https://api.telegram.org/bot8677091828:AAF6Tsxq2JYSEX6EM8mPQFS_LUyStnHGXRE/getUpdates "HTTP/1.1 200 OK"
2026-06-14 10:29:34,220 [INFO] httpx: HTTP Request: POST https://api.telegram.org/bot8677091828:AAF6Tsxq2JYSEX6EM8mPQFS_LUyStnHGXRE/getUpdates "HTTP/1.1 200 OK"
2026-06-14 10:29:44,558 [INFO] httpx: HTTP Request: POST https://api.telegram.org/bot8677091828:AAF6Tsxq2JYSEX6EM8mPQFS_LUyStnHGXRE/getUpdates "HTTP/1.1 200 OK"
2026-06-14 10:29:54,779 [INFO] httpx: HTTP Request: POST https://api.telegram.org/bot8677091828:AAF6Tsxq2JYSEX6EM8mPQFS_LUyStnHGXRE/getUpdates "HTTP/1.1 200 OK"
2026-06-14 10:30:05,019 [INFO] httpx: HTTP Request: POST https://api.telegram.org/bot8677091828:AAF6Tsxq2JYSEX6EM8mPQFS_LUyStnHGXRE/getUpdates "HTTP/1.1 200 OK"
2026-06-14 10:30:15,192 [INFO] httpx: HTTP Request: POST https://api.telegram.org/bot8677091828:AAF6Tsxq2JYSEX6EM8mPQFS_LUyStnHGXRE/getUpdates "HTTP/1.1 200 OK"
2026-06-14 10:30:25,363 [INFO] httpx: HTTP Request: POST https://api.telegram.org/bot8677091828:AAF6Tsxq2JYSEX6EM8mPQFS_LUyStnHGXRE/getUpdates "HTTP/1.1 200 OK"
2026-06-14 10:30:35,637 [INFO] httpx: HTTP Request: POST https://api.telegram.org/bot8677091828:AAF6Tsxq2JYSEX6EM8mPQFS_LUyStnHGXRE/getUpdates "HTTP/1.1 200 OK"
2026-06-14 10:30:45,876 [INFO] httpx: HTTP Request: POST https://api.telegram.org/bot8677091828:AAF6Tsxq2JYSEX6EM8mPQFS_LUyStnHGXRE/getUpdates "HTTP/1.1 200 OK"
2026-06-14 10:30:56,071 [INFO] httpx: HTTP Request: POST https://api.telegram.org/bot8677091828:AAF6Tsxq2JYSEX6EM8mPQFS_LUyStnHGXRE/getUpdates "HTTP/1.1 200 OK"
2026-06-14 10:31:06,355 [INFO] httpx: HTTP Request: POST https://api.telegram.org/bot8677091828:AAF6Tsxq2JYSEX6EM8mPQFS_LUyStnHGXRE/getUpdates "HTTP/1.1 200 OK"
2026-06-14 10:31:16,527 [INFO] httpx: HTTP Request: POST https://api.telegram.org/bot8677091828:AAF6Tsxq2JYSEX6EM8mPQFS_LUyStnHGXRE/getUpdates "HTTP/1.1 200 OK"
2026-06-14 10:31:26,698 [INFO] httpx: HTTP Request: POST https://api.telegram.org/bot8677091828:AAF6Tsxq2JYSEX6EM8mPQFS_LUyStnHGXRE/getUpdates "HTTP/1.1 200 OK"
2026-06-14 12:25:31,163 [INFO] apscheduler.scheduler: Adding job tentatively -- it will be properly scheduled when the scheduler starts
2026-06-14 12:25:31,170 [INFO] apscheduler.scheduler: Adding job tentatively -- it will be properly scheduled when the scheduler starts
2026-06-14 12:25:31,171 [INFO] apscheduler.scheduler: Adding job tentatively -- it will be properly scheduled when the scheduler starts
2026-06-14 12:25:31,191 [INFO] apscheduler.scheduler: Adding job tentatively -- it will be properly scheduled when the scheduler starts
2026-06-14 12:25:31,201 [INFO] apscheduler.scheduler: Added job "morning_brief_task" to job store "default"
2026-06-14 12:25:31,202 [INFO] apscheduler.scheduler: Added job "health_check_task" to job store "default"
2026-06-14 12:25:31,203 [INFO] apscheduler.scheduler: Added job "memory_cleanup_task" to job store "default"
2026-06-14 12:25:31,204 [INFO] apscheduler.scheduler: Added job "run_pending_scheduled_tasks" to job store "default"
2026-06-14 12:25:31,206 [INFO] apscheduler.scheduler: Scheduler started
2026-06-14 12:25:34,865 [INFO] httpx: HTTP Request: POST https://api.telegram.org/bot8677091828:AAF6Tsxq2JYSEX6EM8mPQFS_LUyStnHGXRE/getMe "HTTP/1.1 200 OK"
2026-06-14 12:25:35,044 [INFO] httpx: HTTP Request: POST https://api.telegram.org/bot8677091828:AAF6Tsxq2JYSEX6EM8mPQFS_LUyStnHGXRE/deleteWebhook "HTTP/1.1 200 OK"
2026-06-14 12:25:35,047 [INFO] apscheduler.scheduler: Scheduler started
2026-06-14 12:25:35,048 [INFO] telegram.ext.Application: Application started
2026-06-14 12:25:45,607 [INFO] httpx: HTTP Request: POST https://api.telegram.org/bot8677091828:AAF6Tsxq2JYSEX6EM8mPQFS_LUyStnHGXRE/getUpdates "HTTP/1.1 200 OK"
2026-06-14 12:25:55,794 [INFO] httpx: HTTP Request: POST https://api.telegram.org/bot8677091828:AAF6Tsxq2JYSEX6EM8mPQFS_LUyStnHGXRE/getUpdates "HTTP/1.1 200 OK"
2026-06-14 12:25:59,275 [INFO] httpx: HTTP Request: POST https://api.telegram.org/bot8677091828:AAF6Tsxq2JYSEX6EM8mPQFS_LUyStnHGXRE/getUpdates "HTTP/1.1 200 OK"
2026-06-14 12:26:00,023 [INFO] httpx: HTTP Request: POST https://api.telegram.org/bot8677091828:AAF6Tsxq2JYSEX6EM8mPQFS_LUyStnHGXRE/sendMessage "HTTP/1.1 200 OK"
2026-06-14 12:26:13,422 [INFO] httpx: HTTP Request: POST https://api.telegram.org/bot8677091828:AAF6Tsxq2JYSEX6EM8mPQFS_LUyStnHGXRE/getUpdates "HTTP/1.1 200 OK"
2026-06-14 12:26:14,217 [INFO] httpx: HTTP Request: POST https://api.telegram.org/bot8677091828:AAF6Tsxq2JYSEX6EM8mPQFS_LUyStnHGXRE/editMessageText "HTTP/1.1 200 OK"
2026-06-14 12:26:14,826 [INFO] httpx: HTTP Request: POST https://api.telegram.org/bot8677091828:AAF6Tsxq2JYSEX6EM8mPQFS_LUyStnHGXRE/editMessageText "HTTP/1.1 200 OK"
2026-06-14 12:26:15,250 [INFO] httpx: HTTP Request: POST https://api.telegram.org/bot8677091828:AAF6Tsxq2JYSEX6EM8mPQFS_LUyStnHGXRE/editMessageText "HTTP/1.1 200 OK"
2026-06-14 12:26:15,800 [INFO] httpx: HTTP Request: POST https://api.telegram.org/bot8677091828:AAF6Tsxq2JYSEX6EM8mPQFS_LUyStnHGXRE/editMessageText "HTTP/1.1 200 OK"
2026-06-14 12:26:16,588 [INFO] httpx: HTTP Request: POST https://api.telegram.org/bot8677091828:AAF6Tsxq2JYSEX6EM8mPQFS_LUyStnHGXRE/editMessageText "HTTP/1.1 200 OK"
2026-06-14 12:26:16,984 [INFO] httpx: HTTP Request: POST https://api.telegram.org/bot8677091828:AAF6Tsxq2JYSEX6EM8mPQFS_LUyStnHGXRE/editMessageText "HTTP/1.1 200 OK"
2026-06-14 12:26:23,613 [INFO] httpx: HTTP Request: POST https://api.telegram.org/bot8677091828:AAF6Tsxq2JYSEX6EM8mPQFS_LUyStnHGXRE/getUpdates "HTTP/1.1 200 OK"
2026-06-14 12:26:33,795 [INFO] httpx: HTTP Request: POST https://api.telegram.org/bot8677091828:AAF6Tsxq2JYSEX6EM8mPQFS_LUyStnHGXRE/getUpdates "HTTP/1.1 200 OK"
2026-06-14 12:26:44,005 [INFO] httpx: HTTP Request: POST https://api.telegram.org/bot8677091828:AAF6Tsxq2JYSEX6EM8mPQFS_LUyStnHGXRE/getUpdates "HTTP/1.1 200 OK"
2026-06-14 12:26:54,265 [INFO] httpx: HTTP Request: POST https://api.telegram.org/bot8677091828:AAF6Tsxq2JYSEX6EM8mPQFS_LUyStnHGXRE/getUpdates "HTTP/1.1 200 OK"
2026-06-14 12:26:57,414 [INFO] apscheduler.scheduler: Adding job tentatively -- it will be properly scheduled when the scheduler starts
2026-06-14 12:26:57,418 [INFO] apscheduler.scheduler: Adding job tentatively -- it will be properly scheduled when the scheduler starts
2026-06-14 12:26:57,420 [INFO] apscheduler.scheduler: Adding job tentatively -- it will be properly scheduled when the scheduler starts
2026-06-14 12:26:57,422 [INFO] apscheduler.scheduler: Adding job tentatively -- it will be properly scheduled when the scheduler starts
2026-06-14 12:26:57,425 [INFO] apscheduler.scheduler: Added job "morning_brief_task" to job store "default"
2026-06-14 12:26:57,426 [INFO] apscheduler.scheduler: Added job "health_check_task" to job store "default"
2026-06-14 12:26:57,428 [INFO] apscheduler.scheduler: Added job "memory_cleanup_task" to job store "default"
2026-06-14 12:26:57,430 [INFO] apscheduler.scheduler: Added job "run_pending_scheduled_tasks" to job store "default"
2026-06-14 12:26:57,431 [INFO] apscheduler.scheduler: Scheduler started
2026-06-14 12:27:04,472 [INFO] httpx: HTTP Request: POST https://api.telegram.org/bot8677091828:AAF6Tsxq2JYSEX6EM8mPQFS_LUyStnHGXRE/getUpdates "HTTP/1.1 200 OK"
2026-06-14 12:27:14,656 [INFO] httpx: HTTP Request: POST https://api.telegram.org/bot8677091828:AAF6Tsxq2JYSEX6EM8mPQFS_LUyStnHGXRE/getUpdates "HTTP/1.1 200 OK"
2026-06-14 12:27:24,857 [INFO] httpx: HTTP Request: POST https://api.telegram.org/bot8677091828:AAF6Tsxq2JYSEX6EM8mPQFS_LUyStnHGXRE/getUpdates "HTTP/1.1 200 OK"
2026-06-14 12:27:35,058 [INFO] httpx: HTTP Request: POST https://api.telegram.org/bot8677091828:AAF6Tsxq2JYSEX6EM8mPQFS_LUyStnHGXRE/getUpdates "HTTP/1.1 200 OK"
2026-06-14 12:27:45,241 [INFO] httpx: HTTP Request: POST https://api.telegram.org/bot8677091828:AAF6Tsxq2JYSEX6EM8mPQFS_LUyStnHGXRE/getUpdates "HTTP/1.1 200 OK"
2026-06-14 12:27:55,421 [INFO] httpx: HTTP Request: POST https://api.telegram.org/bot8677091828:AAF6Tsxq2JYSEX6EM8mPQFS_LUyStnHGXRE/getUpdates "HTTP/1.1 200 OK"
2026-06-14 12:28:05,606 [INFO] httpx: HTTP Request: POST https://api.telegram.org/bot8677091828:AAF6Tsxq2JYSEX6EM8mPQFS_LUyStnHGXRE/getUpdates "HTTP/1.1 200 OK"
2026-06-14 12:28:15,793 [INFO] httpx: HTTP Request: POST https://api.telegram.org/bot8677091828:AAF6Tsxq2JYSEX6EM8mPQFS_LUyStnHGXRE/getUpdates "HTTP/1.1 200 OK"
2026-06-14 12:28:25,976 [INFO] httpx: HTTP Request: POST https://api.telegram.org/bot8677091828:AAF6Tsxq2JYSEX6EM8mPQFS_LUyStnHGXRE/getUpdates "HTTP/1.1 200 OK"
2026-06-14 12:28:36,161 [INFO] httpx: HTTP Request: POST https://api.telegram.org/bot8677091828:AAF6Tsxq2JYSEX6EM8mPQFS_LUyStnHGXRE/getUpdates "HTTP/1.1 200 OK"
2026-06-14 12:28:46,346 [INFO] httpx: HTTP Request: POST https://api.telegram.org/bot8677091828:AAF6Tsxq2JYSEX6EM8mPQFS_LUyStnHGXRE/getUpdates "HTTP/1.1 200 OK"
2026-06-14 12:28:56,569 [INFO] httpx: HTTP Request: POST https://api.telegram.org/bot8677091828:AAF6Tsxq2JYSEX6EM8mPQFS_LUyStnHGXRE/getUpdates "HTTP/1.1 200 OK"
2026-06-14 12:29:06,756 [INFO] httpx: HTTP Request: POST https://api.telegram.org/bot8677091828:AAF6Tsxq2JYSEX6EM8mPQFS_LUyStnHGXRE/getUpdates "HTTP/1.1 200 OK"
2026-06-14 12:29:16,959 [INFO] httpx: HTTP Request: POST https://api.telegram.org/bot8677091828:AAF6Tsxq2JYSEX6EM8mPQFS_LUyStnHGXRE/getUpdates "HTTP/1.1 200 OK"
2026-06-14 12:29:27,144 [INFO] httpx: HTTP Request: POST https://api.telegram.org/bot8677091828:AAF6Tsxq2JYSEX6EM8mPQFS_LUyStnHGXRE/getUpdates "HTTP/1.1 200 OK"
2026-06-14 12:29:37,349 [INFO] httpx: HTTP Request: POST https://api.telegram.org/bot8677091828:AAF6Tsxq2JYSEX6EM8mPQFS_LUyStnHGXRE/getUpdates "HTTP/1.1 200 OK"
2026-06-14 12:29:47,537 [INFO] httpx: HTTP Request: POST https://api.telegram.org/bot8677091828:AAF6Tsxq2JYSEX6EM8mPQFS_LUyStnHGXRE/getUpdates "HTTP/1.1 200 OK"
2026-06-14 12:29:57,750 [INFO] httpx: HTTP Request: POST https://api.telegram.org/bot8677091828:AAF6Tsxq2JYSEX6EM8mPQFS_LUyStnHGXRE/getUpdates "HTTP/1.1 200 OK"
2026-06-14 12:30:07,953 [INFO] httpx: HTTP Request: POST https://api.telegram.org/bot8677091828:AAF6Tsxq2JYSEX6EM8mPQFS_LUyStnHGXRE/getUpdates "HTTP/1.1 200 OK"
2026-06-14 12:30:18,134 [INFO] httpx: HTTP Request: POST https://api.telegram.org/bot8677091828:AAF6Tsxq2JYSEX6EM8mPQFS_LUyStnHGXRE/getUpdates "HTTP/1.1 200 OK"
2026-06-14 12:30:28,338 [INFO] httpx: HTTP Request: POST https://api.telegram.org/bot8677091828:AAF6Tsxq2JYSEX6EM8mPQFS_LUyStnHGXRE/getUpdates "HTTP/1.1 200 OK"
2026-06-14 12:30:38,541 [INFO] httpx: HTTP Request: POST https://api.telegram.org/bot8677091828:AAF6Tsxq2JYSEX6EM8mPQFS_LUyStnHGXRE/getUpdates "HTTP/1.1 200 OK"
2026-06-14 12:30:48,730 [INFO] httpx: HTTP Request: POST https://api.telegram.org/bot8677091828:AAF6Tsxq2JYSEX6EM8mPQFS_LUyStnHGXRE/getUpdates "HTTP/1.1 200 OK"
2026-06-14 12:30:58,929 [INFO] httpx: HTTP Request: POST https://api.telegram.org/bot8677091828:AAF6Tsxq2JYSEX6EM8mPQFS_LUyStnHGXRE/getUpdates "HTTP/1.1 200 OK"
2026-06-14 12:31:09,110 [INFO] httpx: HTTP Request: POST https://api.telegram.org/bot8677091828:AAF6Tsxq2JYSEX6EM8mPQFS_LUyStnHGXRE/getUpdates "HTTP/1.1 200 OK"
2026-06-14 12:31:19,314 [INFO] httpx: HTTP Request: POST https://api.telegram.org/bot8677091828:AAF6Tsxq2JYSEX6EM8mPQFS_LUyStnHGXRE/getUpdates "HTTP/1.1 200 OK"
2026-06-14 12:31:29,586 [INFO] httpx: HTTP Request: POST https://api.telegram.org/bot8677091828:AAF6Tsxq2JYSEX6EM8mPQFS_LUyStnHGXRE/getUpdates "HTTP/1.1 200 OK"
2026-06-14 12:31:39,856 [INFO] httpx: HTTP Request: POST https://api.telegram.org/bot8677091828:AAF6Tsxq2JYSEX6EM8mPQFS_LUyStnHGXRE/getUpdates "HTTP/1.1 200 OK"
2026-06-14 12:31:50,143 [INFO] httpx: HTTP Request: POST https://api.telegram.org/bot8677091828:AAF6Tsxq2JYSEX6EM8mPQFS_LUyStnHGXRE/getUpdates "HTTP/1.1 200 OK"
2026-06-14 12:32:00,850 [INFO] httpx: HTTP Request: POST https://api.telegram.org/bot8677091828:AAF6Tsxq2JYSEX6EM8mPQFS_LUyStnHGXRE/getUpdates "HTTP/1.1 200 OK"
2026-06-14 12:32:11,159 [INFO] httpx: HTTP Request: POST https://api.telegram.org/bot8677091828:AAF6Tsxq2JYSEX6EM8mPQFS_LUyStnHGXRE/getUpdates "HTTP/1.1 200 OK"
2026-06-14 12:32:21,412 [INFO] httpx: HTTP Request: POST https://api.telegram.org/bot8677091828:AAF6Tsxq2JYSEX6EM8mPQFS_LUyStnHGXRE/getUpdates "HTTP/1.1 200 OK"
2026-06-14 12:32:31,636 [INFO] httpx: HTTP Request: POST https://api.telegram.org/bot8677091828:AAF6Tsxq2JYSEX6EM8mPQFS_LUyStnHGXRE/getUpdates "HTTP/1.1 200 OK"
2026-06-14 12:32:41,870 [INFO] httpx: HTTP Request: POST https://api.telegram.org/bot8677091828:AAF6Tsxq2JYSEX6EM8mPQFS_LUyStnHGXRE/getUpdates "HTTP/1.1 200 OK"
2026-06-14 12:32:52,097 [INFO] httpx: HTTP Request: POST https://api.telegram.org/bot8677091828:AAF6Tsxq2JYSEX6EM8mPQFS_LUyStnHGXRE/getUpdates "HTTP/1.1 200 OK"
2026-06-14 12:33:02,351 [INFO] httpx: HTTP Request: POST https://api.telegram.org/bot8677091828:AAF6Tsxq2JYSEX6EM8mPQFS_LUyStnHGXRE/getUpdates "HTTP/1.1 200 OK"
2026-06-14 12:33:12,598 [INFO] httpx: HTTP Request: POST https://api.telegram.org/bot8677091828:AAF6Tsxq2JYSEX6EM8mPQFS_LUyStnHGXRE/getUpdates "HTTP/1.1 200 OK"
2026-06-14 12:33:22,831 [INFO] httpx: HTTP Request: POST https://api.telegram.org/bot8677091828:AAF6Tsxq2JYSEX6EM8mPQFS_LUyStnHGXRE/getUpdates "HTTP/1.1 200 OK"
2026-06-14 12:33:33,050 [INFO] httpx: HTTP Request: POST https://api.telegram.org/bot8677091828:AAF6Tsxq2JYSEX6EM8mPQFS_LUyStnHGXRE/getUpdates "HTTP/1.1 200 OK"
2026-06-14 12:33:43,288 [INFO] httpx: HTTP Request: POST https://api.telegram.org/bot8677091828:AAF6Tsxq2JYSEX6EM8mPQFS_LUyStnHGXRE/getUpdates "HTTP/1.1 200 OK"
2026-06-14 12:33:53,523 [INFO] httpx: HTTP Request: POST https://api.telegram.org/bot8677091828:AAF6Tsxq2JYSEX6EM8mPQFS_LUyStnHGXRE/getUpdates "HTTP/1.1 200 OK"
2026-06-14 12:34:03,734 [INFO] httpx: HTTP Request: POST https://api.telegram.org/bot8677091828:AAF6Tsxq2JYSEX6EM8mPQFS_LUyStnHGXRE/getUpdates "HTTP/1.1 200 OK"
2026-06-14 12:34:13,921 [INFO] httpx: HTTP Request: POST https://api.telegram.org/bot8677091828:AAF6Tsxq2JYSEX6EM8mPQFS_LUyStnHGXRE/getUpdates "HTTP/1.1 200 OK"
2026-06-14 12:34:24,111 [INFO] httpx: HTTP Request: POST https://api.telegram.org/bot8677091828:AAF6Tsxq2JYSEX6EM8mPQFS_LUyStnHGXRE/getUpdates "HTTP/1.1 200 OK"
2026-06-14 12:34:34,340 [INFO] httpx: HTTP Request: POST https://api.telegram.org/bot8677091828:AAF6Tsxq2JYSEX6EM8mPQFS_LUyStnHGXRE/getUpdates "HTTP/1.1 200 OK"
2026-06-14 12:34:44,534 [INFO] httpx: HTTP Request: POST https://api.telegram.org/bot8677091828:AAF6Tsxq2JYSEX6EM8mPQFS_LUyStnHGXRE/getUpdates "HTTP/1.1 200 OK"
2026-06-14 12:34:54,730 [INFO] httpx: HTTP Request: POST https://api.telegram.org/bot8677091828:AAF6Tsxq2JYSEX6EM8mPQFS_LUyStnHGXRE/getUpdates "HTTP/1.1 200 OK"
2026-06-14 12:35:04,909 [INFO] httpx: HTTP Request: POST https://api.telegram.org/bot8677091828:AAF6Tsxq2JYSEX6EM8mPQFS_LUyStnHGXRE/getUpdates "HTTP/1.1 200 OK"
2026-06-14 12:35:15,086 [INFO] httpx: HTTP Request: POST https://api.telegram.org/bot8677091828:AAF6Tsxq2JYSEX6EM8mPQFS_LUyStnHGXRE/getUpdates "HTTP/1.1 200 OK"
2026-06-14 12:35:25,270 [INFO] httpx: HTTP Request: POST https://api.telegram.org/bot8677091828:AAF6Tsxq2JYSEX6EM8mPQFS_LUyStnHGXRE/getUpdates "HTTP/1.1 200 OK"
2026-06-14 12:35:35,489 [INFO] httpx: HTTP Request: POST https://api.telegram.org/bot8677091828:AAF6Tsxq2JYSEX6EM8mPQFS_LUyStnHGXRE/getUpdates "HTTP/1.1 200 OK"
2026-06-14 12:35:45,704 [INFO] httpx: HTTP Request: POST https://api.telegram.org/bot8677091828:AAF6Tsxq2JYSEX6EM8mPQFS_LUyStnHGXRE/getUpdates "HTTP/1.1 200 OK"
2026-06-14 12:35:55,897 [INFO] httpx: HTTP Request: POST https://api.telegram.org/bot8677091828:AAF6Tsxq2JYSEX6EM8mPQFS_LUyStnHGXRE/getUpdates "HTTP/1.1 200 OK"
2026-06-14 12:36:06,077 [INFO] httpx: HTTP Request: POST https://api.telegram.org/bot8677091828:AAF6Tsxq2JYSEX6EM8mPQFS_LUyStnHGXRE/getUpdates "HTTP/1.1 200 OK"
2026-06-14 12:36:16,258 [INFO] httpx: HTTP Request: POST https://api.telegram.org/bot8677091828:AAF6Tsxq2JYSEX6EM8mPQFS_LUyStnHGXRE/getUpdates "HTTP/1.1 200 OK"
2026-06-14 12:36:26,438 [INFO] httpx: HTTP Request: POST https://api.telegram.org/bot8677091828:AAF6Tsxq2JYSEX6EM8mPQFS_LUyStnHGXRE/getUpdates "HTTP/1.1 200 OK"
2026-06-14 12:36:36,652 [INFO] httpx: HTTP Request: POST https://api.telegram.org/bot8677091828:AAF6Tsxq2JYSEX6EM8mPQFS_LUyStnHGXRE/getUpdates "HTTP/1.1 200 OK"
2026-06-14 12:36:46,860 [INFO] httpx: HTTP Request: POST https://api.telegram.org/bot8677091828:AAF6Tsxq2JYSEX6EM8mPQFS_LUyStnHGXRE/getUpdates "HTTP/1.1 200 OK"
2026-06-14 12:36:57,048 [INFO] httpx: HTTP Request: POST https://api.telegram.org/bot8677091828:AAF6Tsxq2JYSEX6EM8mPQFS_LUyStnHGXRE/getUpdates "HTTP/1.1 200 OK"
2026-06-14 12:37:07,230 [INFO] httpx: HTTP Request: POST https://api.telegram.org/bot8677091828:AAF6Tsxq2JYSEX6EM8mPQFS_LUyStnHGXRE/getUpdates "HTTP/1.1 200 OK"
2026-06-14 12:37:17,417 [INFO] httpx: HTTP Request: POST https://api.telegram.org/bot8677091828:AAF6Tsxq2JYSEX6EM8mPQFS_LUyStnHGXRE/getUpdates "HTTP/1.1 200 OK"
2026-06-14 12:37:27,601 [INFO] httpx: HTTP Request: POST https://api.telegram.org/bot8677091828:AAF6Tsxq2JYSEX6EM8mPQFS_LUyStnHGXRE/getUpdates "HTTP/1.1 200 OK"
2026-06-14 12:37:37,795 [INFO] httpx: HTTP Request: POST https://api.telegram.org/bot8677091828:AAF6Tsxq2JYSEX6EM8mPQFS_LUyStnHGXRE/getUpdates "HTTP/1.1 200 OK"
2026-06-14 12:37:47,990 [INFO] httpx: HTTP Request: POST https://api.telegram.org/bot8677091828:AAF6Tsxq2JYSEX6EM8mPQFS_LUyStnHGXRE/getUpdates "HTTP/1.1 200 OK"
2026-06-14 12:37:58,203 [INFO] httpx: HTTP Request: POST https://api.telegram.org/bot8677091828:AAF6Tsxq2JYSEX6EM8mPQFS_LUyStnHGXRE/getUpdates "HTTP/1.1 200 OK"
2026-06-14 12:38:08,409 [INFO] httpx: HTTP Request: POST https://api.telegram.org/bot8677091828:AAF6Tsxq2JYSEX6EM8mPQFS_LUyStnHGXRE/getUpdates "HTTP/1.1 200 OK"
2026-06-14 12:38:18,642 [INFO] httpx: HTTP Request: POST https://api.telegram.org/bot8677091828:AAF6Tsxq2JYSEX6EM8mPQFS_LUyStnHGXRE/getUpdates "HTTP/1.1 200 OK"
2026-06-14 12:38:28,922 [INFO] httpx: HTTP Request: POST https://api.telegram.org/bot8677091828:AAF6Tsxq2JYSEX6EM8mPQFS_LUyStnHGXRE/getUpdates "HTTP/1.1 200 OK"
2026-06-14 12:38:39,136 [INFO] httpx: HTTP Request: POST https://api.telegram.org/bot8677091828:AAF6Tsxq2JYSEX6EM8mPQFS_LUyStnHGXRE/getUpdates "HTTP/1.1 200 OK"
2026-06-14 12:38:49,322 [INFO] httpx: HTTP Request: POST https://api.telegram.org/bot8677091828:AAF6Tsxq2JYSEX6EM8mPQFS_LUyStnHGXRE/getUpdates "HTTP/1.1 200 OK"
2026-06-14 12:38:59,519 [INFO] httpx: HTTP Request: POST https://api.telegram.org/bot8677091828:AAF6Tsxq2JYSEX6EM8mPQFS_LUyStnHGXRE/getUpdates "HTTP/1.1 200 OK"
2026-06-14 12:39:09,733 [INFO] httpx: HTTP Request: POST https://api.telegram.org/bot8677091828:AAF6Tsxq2JYSEX6EM8mPQFS_LUyStnHGXRE/getUpdates "HTTP/1.1 200 OK"
2026-06-14 12:39:19,920 [INFO] httpx: HTTP Request: POST https://api.telegram.org/bot8677091828:AAF6Tsxq2JYSEX6EM8mPQFS_LUyStnHGXRE/getUpdates "HTTP/1.1 200 OK"
2026-06-14 12:39:30,113 [INFO] httpx: HTTP Request: POST https://api.telegram.org/bot8677091828:AAF6Tsxq2JYSEX6EM8mPQFS_LUyStnHGXRE/getUpdates "HTTP/1.1 200 OK"
2026-06-14 12:39:40,302 [INFO] httpx: HTTP Request: POST https://api.telegram.org/bot8677091828:AAF6Tsxq2JYSEX6EM8mPQFS_LUyStnHGXRE/getUpdates "HTTP/1.1 200 OK"
2026-06-14 12:39:50,486 [INFO] httpx: HTTP Request: POST https://api.telegram.org/bot8677091828:AAF6Tsxq2JYSEX6EM8mPQFS_LUyStnHGXRE/getUpdates "HTTP/1.1 200 OK"
2026-06-14 12:40:00,684 [INFO] httpx: HTTP Request: POST https://api.telegram.org/bot8677091828:AAF6Tsxq2JYSEX6EM8mPQFS_LUyStnHGXRE/getUpdates "HTTP/1.1 200 OK"
2026-06-14 12:40:10,867 [INFO] httpx: HTTP Request: POST https://api.telegram.org/bot8677091828:AAF6Tsxq2JYSEX6EM8mPQFS_LUyStnHGXRE/getUpdates "HTTP/1.1 200 OK"
2026-06-14 12:40:21,052 [INFO] httpx: HTTP Request: POST https://api.telegram.org/bot8677091828:AAF6Tsxq2JYSEX6EM8mPQFS_LUyStnHGXRE/getUpdates "HTTP/1.1 200 OK"
2026-06-14 12:40:31,196 [INFO] apscheduler.executors.default: Running job "run_pending_scheduled_tasks (trigger: interval[0:15:00], next run at: 2026-06-14 12:55:31 IST)" (scheduled at 2026-06-14 12:40:31.191366+05:30)
2026-06-14 12:40:31,204 [INFO] apscheduler.executors.default: Job "run_pending_scheduled_tasks (trigger: interval[0:15:00], next run at: 2026-06-14 12:55:31 IST)" executed successfully
2026-06-14 12:40:31,236 [INFO] httpx: HTTP Request: POST https://api.telegram.org/bot8677091828:AAF6Tsxq2JYSEX6EM8mPQFS_LUyStnHGXRE/getUpdates "HTTP/1.1 200 OK"
2026-06-14 12:40:41,421 [INFO] httpx: HTTP Request: POST https://api.telegram.org/bot8677091828:AAF6Tsxq2JYSEX6EM8mPQFS_LUyStnHGXRE/getUpdates "HTTP/1.1 200 OK"
2026-06-14 12:40:51,606 [INFO] httpx: HTTP Request: POST https://api.telegram.org/bot8677091828:AAF6Tsxq2JYSEX6EM8mPQFS_LUyStnHGXRE/getUpdates "HTTP/1.1 200 OK"
2026-06-14 12:41:01,793 [INFO] httpx: HTTP Request: POST https://api.telegram.org/bot8677091828:AAF6Tsxq2JYSEX6EM8mPQFS_LUyStnHGXRE/getUpdates "HTTP/1.1 200 OK"
2026-06-14 12:41:11,977 [INFO] httpx: HTTP Request: POST https://api.telegram.org/bot8677091828:AAF6Tsxq2JYSEX6EM8mPQFS_LUyStnHGXRE/getUpdates "HTTP/1.1 200 OK"
2026-06-14 12:41:22,184 [INFO] httpx: HTTP Request: POST https://api.telegram.org/bot8677091828:AAF6Tsxq2JYSEX6EM8mPQFS_LUyStnHGXRE/getUpdates "HTTP/1.1 200 OK"
2026-06-14 12:41:32,367 [INFO] httpx: HTTP Request: POST https://api.telegram.org/bot8677091828:AAF6Tsxq2JYSEX6EM8mPQFS_LUyStnHGXRE/getUpdates "HTTP/1.1 200 OK"
2026-06-14 12:41:42,551 [INFO] httpx: HTTP Request: POST https://api.telegram.org/bot8677091828:AAF6Tsxq2JYSEX6EM8mPQFS_LUyStnHGXRE/getUpdates "HTTP/1.1 200 OK"
2026-06-14 12:41:52,739 [INFO] httpx: HTTP Request: POST https://api.telegram.org/bot8677091828:AAF6Tsxq2JYSEX6EM8mPQFS_LUyStnHGXRE/getUpdates "HTTP/1.1 200 OK"
2026-06-14 12:42:02,929 [INFO] httpx: HTTP Request: POST https://api.telegram.org/bot8677091828:AAF6Tsxq2JYSEX6EM8mPQFS_LUyStnHGXRE/getUpdates "HTTP/1.1 200 OK"
2026-06-14 12:42:13,135 [INFO] httpx: HTTP Request: POST https://api.telegram.org/bot8677091828:AAF6Tsxq2JYSEX6EM8mPQFS_LUyStnHGXRE/getUpdates "HTTP/1.1 200 OK"
2026-06-14 12:42:23,325 [INFO] httpx: HTTP Request: POST https://api.telegram.org/bot8677091828:AAF6Tsxq2JYSEX6EM8mPQFS_LUyStnHGXRE/getUpdates "HTTP/1.1 200 OK"
2026-06-14 12:42:33,512 [INFO] httpx: HTTP Request: POST https://api.telegram.org/bot8677091828:AAF6Tsxq2JYSEX6EM8mPQFS_LUyStnHGXRE/getUpdates "HTTP/1.1 200 OK"
2026-06-14 12:42:43,700 [INFO] httpx: HTTP Request: POST https://api.telegram.org/bot8677091828:AAF6Tsxq2JYSEX6EM8mPQFS_LUyStnHGXRE/getUpdates "HTTP/1.1 200 OK"
2026-06-14 12:42:53,892 [INFO] httpx: HTTP Request: POST https://api.telegram.org/bot8677091828:AAF6Tsxq2JYSEX6EM8mPQFS_LUyStnHGXRE/getUpdates "HTTP/1.1 200 OK"
2026-06-14 12:43:04,080 [INFO] httpx: HTTP Request: POST https://api.telegram.org/bot8677091828:AAF6Tsxq2JYSEX6EM8mPQFS_LUyStnHGXRE/getUpdates "HTTP/1.1 200 OK"
2026-06-14 12:43:14,273 [INFO] httpx: HTTP Request: POST https://api.telegram.org/bot8677091828:AAF6Tsxq2JYSEX6EM8mPQFS_LUyStnHGXRE/getUpdates "HTTP/1.1 200 OK"
2026-06-14 12:43:24,488 [INFO] httpx: HTTP Request: POST https://api.telegram.org/bot8677091828:AAF6Tsxq2JYSEX6EM8mPQFS_LUyStnHGXRE/getUpdates "HTTP/1.1 200 OK"
2026-06-14 12:43:34,672 [INFO] httpx: HTTP Request: POST https://api.telegram.org/bot8677091828:AAF6Tsxq2JYSEX6EM8mPQFS_LUyStnHGXRE/getUpdates "HTTP/1.1 200 OK"
2026-06-14 12:43:44,895 [INFO] httpx: HTTP Request: POST https://api.telegram.org/bot8677091828:AAF6Tsxq2JYSEX6EM8mPQFS_LUyStnHGXRE/getUpdates "HTTP/1.1 200 OK"
2026-06-14 12:43:55,111 [INFO] httpx: HTTP Request: POST https://api.telegram.org/bot8677091828:AAF6Tsxq2JYSEX6EM8mPQFS_LUyStnHGXRE/getUpdates "HTTP/1.1 200 OK"
2026-06-14 12:44:05,318 [INFO] httpx: HTTP Request: POST https://api.telegram.org/bot8677091828:AAF6Tsxq2JYSEX6EM8mPQFS_LUyStnHGXRE/getUpdates "HTTP/1.1 200 OK"
2026-06-14 12:44:15,530 [INFO] httpx: HTTP Request: POST https://api.telegram.org/bot8677091828:AAF6Tsxq2JYSEX6EM8mPQFS_LUyStnHGXRE/getUpdates "HTTP/1.1 200 OK"
2026-06-14 12:44:25,722 [INFO] httpx: HTTP Request: POST https://api.telegram.org/bot8677091828:AAF6Tsxq2JYSEX6EM8mPQFS_LUyStnHGXRE/getUpdates "HTTP/1.1 200 OK"
2026-06-14 12:44:35,936 [INFO] httpx: HTTP Request: POST https://api.telegram.org/bot8677091828:AAF6Tsxq2JYSEX6EM8mPQFS_LUyStnHGXRE/getUpdates "HTTP/1.1 200 OK"
2026-06-14 12:44:46,152 [INFO] httpx: HTTP Request: POST https://api.telegram.org/bot8677091828:AAF6Tsxq2JYSEX6EM8mPQFS_LUyStnHGXRE/getUpdates "HTTP/1.1 200 OK"
2026-06-14 12:44:56,423 [INFO] httpx: HTTP Request: POST https://api.telegram.org/bot8677091828:AAF6Tsxq2JYSEX6EM8mPQFS_LUyStnHGXRE/getUpdates "HTTP/1.1 200 OK"
2026-06-14 12:45:06,689 [INFO] httpx: HTTP Request: POST https://api.telegram.org/bot8677091828:AAF6Tsxq2JYSEX6EM8mPQFS_LUyStnHGXRE/getUpdates "HTTP/1.1 200 OK"
2026-06-14 12:45:16,892 [INFO] httpx: HTTP Request: POST https://api.telegram.org/bot8677091828:AAF6Tsxq2JYSEX6EM8mPQFS_LUyStnHGXRE/getUpdates "HTTP/1.1 200 OK"
2026-06-14 12:45:27,081 [INFO] httpx: HTTP Request: POST https://api.telegram.org/bot8677091828:AAF6Tsxq2JYSEX6EM8mPQFS_LUyStnHGXRE/getUpdates "HTTP/1.1 200 OK"
2026-06-14 12:45:37,272 [INFO] httpx: HTTP Request: POST https://api.telegram.org/bot8677091828:AAF6Tsxq2JYSEX6EM8mPQFS_LUyStnHGXRE/getUpdates "HTTP/1.1 200 OK"
2026-06-14 12:45:47,467 [INFO] httpx: HTTP Request: POST https://api.telegram.org/bot8677091828:AAF6Tsxq2JYSEX6EM8mPQFS_LUyStnHGXRE/getUpdates "HTTP/1.1 200 OK"
2026-06-14 12:45:57,708 [INFO] httpx: HTTP Request: POST https://api.telegram.org/bot8677091828:AAF6Tsxq2JYSEX6EM8mPQFS_LUyStnHGXRE/getUpdates "HTTP/1.1 200 OK"
2026-06-14 12:46:07,906 [INFO] httpx: HTTP Request: POST https://api.telegram.org/bot8677091828:AAF6Tsxq2JYSEX6EM8mPQFS_LUyStnHGXRE/getUpdates "HTTP/1.1 200 OK"
2026-06-14 12:46:18,107 [INFO] httpx: HTTP Request: POST https://api.telegram.org/bot8677091828:AAF6Tsxq2JYSEX6EM8mPQFS_LUyStnHGXRE/getUpdates "HTTP/1.1 200 OK"
2026-06-14 12:46:28,315 [INFO] httpx: HTTP Request: POST https://api.telegram.org/bot8677091828:AAF6Tsxq2JYSEX6EM8mPQFS_LUyStnHGXRE/getUpdates "HTTP/1.1 200 OK"
2026-06-14 12:46:38,548 [INFO] httpx: HTTP Request: POST https://api.telegram.org/bot8677091828:AAF6Tsxq2JYSEX6EM8mPQFS_LUyStnHGXRE/getUpdates "HTTP/1.1 200 OK"
2026-06-14 12:46:48,768 [INFO] httpx: HTTP Request: POST https://api.telegram.org/bot8677091828:AAF6Tsxq2JYSEX6EM8mPQFS_LUyStnHGXRE/getUpdates "HTTP/1.1 200 OK"
2026-06-14 12:46:58,957 [INFO] httpx: HTTP Request: POST https://api.telegram.org/bot8677091828:AAF6Tsxq2JYSEX6EM8mPQFS_LUyStnHGXRE/getUpdates "HTTP/1.1 200 OK"
2026-06-14 12:47:09,159 [INFO] httpx: HTTP Request: POST https://api.telegram.org/bot8677091828:AAF6Tsxq2JYSEX6EM8mPQFS_LUyStnHGXRE/getUpdates "HTTP/1.1 200 OK"
2026-06-14 12:47:19,351 [INFO] httpx: HTTP Request: POST https://api.telegram.org/bot8677091828:AAF6Tsxq2JYSEX6EM8mPQFS_LUyStnHGXRE/getUpdates "HTTP/1.1 200 OK"
2026-06-14 12:47:29,567 [INFO] httpx: HTTP Request: POST https://api.telegram.org/bot8677091828:AAF6Tsxq2JYSEX6EM8mPQFS_LUyStnHGXRE/getUpdates "HTTP/1.1 200 OK"
2026-06-14 12:47:39,771 [INFO] httpx: HTTP Request: POST https://api.telegram.org/bot8677091828:AAF6Tsxq2JYSEX6EM8mPQFS_LUyStnHGXRE/getUpdates "HTTP/1.1 200 OK"
2026-06-14 12:47:49,965 [INFO] httpx: HTTP Request: POST https://api.telegram.org/bot8677091828:AAF6Tsxq2JYSEX6EM8mPQFS_LUyStnHGXRE/getUpdates "HTTP/1.1 200 OK"
2026-06-14 12:48:00,158 [INFO] httpx: HTTP Request: POST https://api.telegram.org/bot8677091828:AAF6Tsxq2JYSEX6EM8mPQFS_LUyStnHGXRE/getUpdates "HTTP/1.1 200 OK"
2026-06-14 12:48:10,355 [INFO] httpx: HTTP Request: POST https://api.telegram.org/bot8677091828:AAF6Tsxq2JYSEX6EM8mPQFS_LUyStnHGXRE/getUpdates "HTTP/1.1 200 OK"
2026-06-14 12:48:20,556 [INFO] httpx: HTTP Request: POST https://api.telegram.org/bot8677091828:AAF6Tsxq2JYSEX6EM8mPQFS_LUyStnHGXRE/getUpdates "HTTP/1.1 200 OK"
2026-06-14 12:48:30,763 [INFO] httpx: HTTP Request: POST https://api.telegram.org/bot8677091828:AAF6Tsxq2JYSEX6EM8mPQFS_LUyStnHGXRE/getUpdates "HTTP/1.1 200 OK"
2026-06-14 12:49:03,551 [INFO] httpx: HTTP Request: POST https://api.telegram.org/bot8677091828:AAF6Tsxq2JYSEX6EM8mPQFS_LUyStnHGXRE/getUpdates "HTTP/1.1 200 OK"
2026-06-14 12:49:13,734 [INFO] httpx: HTTP Request: POST https://api.telegram.org/bot8677091828:AAF6Tsxq2JYSEX6EM8mPQFS_LUyStnHGXRE/getUpdates "HTTP/1.1 200 OK"
2026-06-14 12:49:23,913 [INFO] httpx: HTTP Request: POST https://api.telegram.org/bot8677091828:AAF6Tsxq2JYSEX6EM8mPQFS_LUyStnHGXRE/getUpdates "HTTP/1.1 200 OK"
2026-06-14 12:49:34,095 [INFO] httpx: HTTP Request: POST https://api.telegram.org/bot8677091828:AAF6Tsxq2JYSEX6EM8mPQFS_LUyStnHGXRE/getUpdates "HTTP/1.1 200 OK"
2026-06-14 12:49:44,325 [INFO] httpx: HTTP Request: POST https://api.telegram.org/bot8677091828:AAF6Tsxq2JYSEX6EM8mPQFS_LUyStnHGXRE/getUpdates "HTTP/1.1 200 OK"
2026-06-14 12:49:54,514 [INFO] httpx: HTTP Request: POST https://api.telegram.org/bot8677091828:AAF6Tsxq2JYSEX6EM8mPQFS_LUyStnHGXRE/getUpdates "HTTP/1.1 200 OK"
2026-06-14 12:50:04,700 [INFO] httpx: HTTP Request: POST https://api.telegram.org/bot8677091828:AAF6Tsxq2JYSEX6EM8mPQFS_LUyStnHGXRE/getUpdates "HTTP/1.1 200 OK"
2026-06-14 12:50:14,889 [INFO] httpx: HTTP Request: POST https://api.telegram.org/bot8677091828:AAF6Tsxq2JYSEX6EM8mPQFS_LUyStnHGXRE/getUpdates "HTTP/1.1 200 OK"
2026-06-14 12:50:25,084 [INFO] httpx: HTTP Request: POST https://api.telegram.org/bot8677091828:AAF6Tsxq2JYSEX6EM8mPQFS_LUyStnHGXRE/getUpdates "HTTP/1.1 200 OK"
2026-06-14 12:50:35,279 [INFO] httpx: HTTP Request: POST https://api.telegram.org/bot8677091828:AAF6Tsxq2JYSEX6EM8mPQFS_LUyStnHGXRE/getUpdates "HTTP/1.1 200 OK"
2026-06-14 12:50:45,503 [INFO] httpx: HTTP Request: POST https://api.telegram.org/bot8677091828:AAF6Tsxq2JYSEX6EM8mPQFS_LUyStnHGXRE/getUpdates "HTTP/1.1 200 OK"
2026-06-14 12:50:55,686 [INFO] httpx: HTTP Request: POST https://api.telegram.org/bot8677091828:AAF6Tsxq2JYSEX6EM8mPQFS_LUyStnHGXRE/getUpdates "HTTP/1.1 200 OK"
2026-06-14 12:51:05,890 [INFO] httpx: HTTP Request: POST https://api.telegram.org/bot8677091828:AAF6Tsxq2JYSEX6EM8mPQFS_LUyStnHGXRE/getUpdates "HTTP/1.1 200 OK"
2026-06-14 12:51:16,120 [INFO] httpx: HTTP Request: POST https://api.telegram.org/bot8677091828:AAF6Tsxq2JYSEX6EM8mPQFS_LUyStnHGXRE/getUpdates "HTTP/1.1 200 OK"
2026-06-14 12:51:26,300 [INFO] httpx: HTTP Request: POST https://api.telegram.org/bot8677091828:AAF6Tsxq2JYSEX6EM8mPQFS_LUyStnHGXRE/getUpdates "HTTP/1.1 200 OK"
2026-06-14 12:51:36,487 [INFO] httpx: HTTP Request: POST https://api.telegram.org/bot8677091828:AAF6Tsxq2JYSEX6EM8mPQFS_LUyStnHGXRE/getUpdates "HTTP/1.1 200 OK"
2026-06-14 12:51:46,687 [INFO] httpx: HTTP Request: POST https://api.telegram.org/bot8677091828:AAF6Tsxq2JYSEX6EM8mPQFS_LUyStnHGXRE/getUpdates "HTTP/1.1 200 OK"
2026-06-14 12:51:56,871 [INFO] httpx: HTTP Request: POST https://api.telegram.org/bot8677091828:AAF6Tsxq2JYSEX6EM8mPQFS_LUyStnHGXRE/getUpdates "HTTP/1.1 200 OK"
2026-06-14 12:52:07,094 [INFO] httpx: HTTP Request: POST https://api.telegram.org/bot8677091828:AAF6Tsxq2JYSEX6EM8mPQFS_LUyStnHGXRE/getUpdates "HTTP/1.1 200 OK"
2026-06-14 12:52:17,279 [INFO] httpx: HTTP Request: POST https://api.telegram.org/bot8677091828:AAF6Tsxq2JYSEX6EM8mPQFS_LUyStnHGXRE/getUpdates "HTTP/1.1 200 OK"
2026-06-14 12:52:27,492 [INFO] httpx: HTTP Request: POST https://api.telegram.org/bot8677091828:AAF6Tsxq2JYSEX6EM8mPQFS_LUyStnHGXRE/getUpdates "HTTP/1.1 200 OK"
2026-06-14 12:52:37,710 [INFO] httpx: HTTP Request: POST https://api.telegram.org/bot8677091828:AAF6Tsxq2JYSEX6EM8mPQFS_LUyStnHGXRE/getUpdates "HTTP/1.1 200 OK"
2026-06-14 12:52:47,898 [INFO] httpx: HTTP Request: POST https://api.telegram.org/bot8677091828:AAF6Tsxq2JYSEX6EM8mPQFS_LUyStnHGXRE/getUpdates "HTTP/1.1 200 OK"
2026-06-14 12:52:58,085 [INFO] httpx: HTTP Request: POST https://api.telegram.org/bot8677091828:AAF6Tsxq2JYSEX6EM8mPQFS_LUyStnHGXRE/getUpdates "HTTP/1.1 200 OK"
2026-06-14 12:53:08,268 [INFO] httpx: HTTP Request: POST https://api.telegram.org/bot8677091828:AAF6Tsxq2JYSEX6EM8mPQFS_LUyStnHGXRE/getUpdates "HTTP/1.1 200 OK"
2026-06-14 12:53:18,462 [INFO] httpx: HTTP Request: POST https://api.telegram.org/bot8677091828:AAF6Tsxq2JYSEX6EM8mPQFS_LUyStnHGXRE/getUpdates "HTTP/1.1 200 OK"
2026-06-14 12:53:28,657 [INFO] httpx: HTTP Request: POST https://api.telegram.org/bot8677091828:AAF6Tsxq2JYSEX6EM8mPQFS_LUyStnHGXRE/getUpdates "HTTP/1.1 200 OK"
2026-06-14 12:53:38,863 [INFO] httpx: HTTP Request: POST https://api.telegram.org/bot8677091828:AAF6Tsxq2JYSEX6EM8mPQFS_LUyStnHGXRE/getUpdates "HTTP/1.1 200 OK"
2026-06-14 12:53:49,052 [INFO] httpx: HTTP Request: POST https://api.telegram.org/bot8677091828:AAF6Tsxq2JYSEX6EM8mPQFS_LUyStnHGXRE/getUpdates "HTTP/1.1 200 OK"
2026-06-14 12:53:59,292 [INFO] httpx: HTTP Request: POST https://api.telegram.org/bot8677091828:AAF6Tsxq2JYSEX6EM8mPQFS_LUyStnHGXRE/getUpdates "HTTP/1.1 200 OK"
2026-06-14 12:54:09,551 [INFO] httpx: HTTP Request: POST https://api.telegram.org/bot8677091828:AAF6Tsxq2JYSEX6EM8mPQFS_LUyStnHGXRE/getUpdates "HTTP/1.1 200 OK"
2026-06-14 12:54:19,756 [INFO] httpx: HTTP Request: POST https://api.telegram.org/bot8677091828:AAF6Tsxq2JYSEX6EM8mPQFS_LUyStnHGXRE/getUpdates "HTTP/1.1 200 OK"
2026-06-14 12:54:29,970 [INFO] httpx: HTTP Request: POST https://api.telegram.org/bot8677091828:AAF6Tsxq2JYSEX6EM8mPQFS_LUyStnHGXRE/getUpdates "HTTP/1.1 200 OK"
2026-06-14 12:54:40,163 [INFO] httpx: HTTP Request: POST https://api.telegram.org/bot8677091828:AAF6Tsxq2JYSEX6EM8mPQFS_LUyStnHGXRE/getUpdates "HTTP/1.1 200 OK"
2026-06-14 12:54:50,365 [INFO] httpx: HTTP Request: POST https://api.telegram.org/bot8677091828:AAF6Tsxq2JYSEX6EM8mPQFS_LUyStnHGXRE/getUpdates "HTTP/1.1 200 OK"
2026-06-14 12:55:00,559 [INFO] httpx: HTTP Request: POST https://api.telegram.org/bot8677091828:AAF6Tsxq2JYSEX6EM8mPQFS_LUyStnHGXRE/getUpdates "HTTP/1.1 200 OK"
2026-06-14 12:55:10,781 [INFO] httpx: HTTP Request: POST https://api.telegram.org/bot8677091828:AAF6Tsxq2JYSEX6EM8mPQFS_LUyStnHGXRE/getUpdates "HTTP/1.1 200 OK"
2026-06-14 12:55:20,991 [INFO] httpx: HTTP Request: POST https://api.telegram.org/bot8677091828:AAF6Tsxq2JYSEX6EM8mPQFS_LUyStnHGXRE/getUpdates "HTTP/1.1 200 OK"
2026-06-14 12:55:31,171 [INFO] httpx: HTTP Request: POST https://api.telegram.org/bot8677091828:AAF6Tsxq2JYSEX6EM8mPQFS_LUyStnHGXRE/getUpdates "HTTP/1.1 200 OK"
2026-06-14 12:55:31,194 [INFO] apscheduler.executors.default: Running job "run_pending_scheduled_tasks (trigger: interval[0:15:00], next run at: 2026-06-14 13:10:31 IST)" (scheduled at 2026-06-14 12:55:31.191366+05:30)
2026-06-14 12:55:31,198 [INFO] apscheduler.executors.default: Job "run_pending_scheduled_tasks (trigger: interval[0:15:00], next run at: 2026-06-14 13:10:31 IST)" executed successfully
2026-06-14 12:55:41,352 [INFO] httpx: HTTP Request: POST https://api.telegram.org/bot8677091828:AAF6Tsxq2JYSEX6EM8mPQFS_LUyStnHGXRE/getUpdates "HTTP/1.1 200 OK"
2026-06-14 12:55:51,535 [INFO] httpx: HTTP Request: POST https://api.telegram.org/bot8677091828:AAF6Tsxq2JYSEX6EM8mPQFS_LUyStnHGXRE/getUpdates "HTTP/1.1 200 OK"
2026-06-14 12:56:01,747 [INFO] httpx: HTTP Request: POST https://api.telegram.org/bot8677091828:AAF6Tsxq2JYSEX6EM8mPQFS_LUyStnHGXRE/getUpdates "HTTP/1.1 200 OK"
2026-06-14 12:56:11,930 [INFO] httpx: HTTP Request: POST https://api.telegram.org/bot8677091828:AAF6Tsxq2JYSEX6EM8mPQFS_LUyStnHGXRE/getUpdates "HTTP/1.1 200 OK"
2026-06-14 12:56:22,114 [INFO] httpx: HTTP Request: POST https://api.telegram.org/bot8677091828:AAF6Tsxq2JYSEX6EM8mPQFS_LUyStnHGXRE/getUpdates "HTTP/1.1 200 OK"
2026-06-14 12:56:32,295 [INFO] httpx: HTTP Request: POST https://api.telegram.org/bot8677091828:AAF6Tsxq2JYSEX6EM8mPQFS_LUyStnHGXRE/getUpdates "HTTP/1.1 200 OK"
2026-06-14 12:56:42,510 [INFO] httpx: HTTP Request: POST https://api.telegram.org/bot8677091828:AAF6Tsxq2JYSEX6EM8mPQFS_LUyStnHGXRE/getUpdates "HTTP/1.1 200 OK"
2026-06-14 12:56:52,711 [INFO] httpx: HTTP Request: POST https://api.telegram.org/bot8677091828:AAF6Tsxq2JYSEX6EM8mPQFS_LUyStnHGXRE/getUpdates "HTTP/1.1 200 OK"
2026-06-14 12:57:02,894 [INFO] httpx: HTTP Request: POST https://api.telegram.org/bot8677091828:AAF6Tsxq2JYSEX6EM8mPQFS_LUyStnHGXRE/getUpdates "HTTP/1.1 200 OK"
2026-06-14 12:57:13,137 [INFO] httpx: HTTP Request: POST https://api.telegram.org/bot8677091828:AAF6Tsxq2JYSEX6EM8mPQFS_LUyStnHGXRE/getUpdates "HTTP/1.1 200 OK"
2026-06-14 12:57:23,334 [INFO] httpx: HTTP Request: POST https://api.telegram.org/bot8677091828:AAF6Tsxq2JYSEX6EM8mPQFS_LUyStnHGXRE/getUpdates "HTTP/1.1 200 OK"
2026-06-14 12:57:33,513 [INFO] httpx: HTTP Request: POST https://api.telegram.org/bot8677091828:AAF6Tsxq2JYSEX6EM8mPQFS_LUyStnHGXRE/getUpdates "HTTP/1.1 200 OK"
2026-06-14 12:57:43,698 [INFO] httpx: HTTP Request: POST https://api.telegram.org/bot8677091828:AAF6Tsxq2JYSEX6EM8mPQFS_LUyStnHGXRE/getUpdates "HTTP/1.1 200 OK"
2026-06-14 12:57:53,883 [INFO] httpx: HTTP Request: POST https://api.telegram.org/bot8677091828:AAF6Tsxq2JYSEX6EM8mPQFS_LUyStnHGXRE/getUpdates "HTTP/1.1 200 OK"
2026-06-14 12:58:04,063 [INFO] httpx: HTTP Request: POST https://api.telegram.org/bot8677091828:AAF6Tsxq2JYSEX6EM8mPQFS_LUyStnHGXRE/getUpdates "HTTP/1.1 200 OK"
2026-06-14 12:58:14,250 [INFO] httpx: HTTP Request: POST https://api.telegram.org/bot8677091828:AAF6Tsxq2JYSEX6EM8mPQFS_LUyStnHGXRE/getUpdates "HTTP/1.1 200 OK"
2026-06-14 12:58:24,433 [INFO] httpx: HTTP Request: POST https://api.telegram.org/bot8677091828:AAF6Tsxq2JYSEX6EM8mPQFS_LUyStnHGXRE/getUpdates "HTTP/1.1 200 OK"
2026-06-14 12:58:34,638 [INFO] httpx: HTTP Request: POST https://api.telegram.org/bot8677091828:AAF6Tsxq2JYSEX6EM8mPQFS_LUyStnHGXRE/getUpdates "HTTP/1.1 200 OK"
2026-06-14 12:58:44,844 [INFO] httpx: HTTP Request: POST https://api.telegram.org/bot8677091828:AAF6Tsxq2JYSEX6EM8mPQFS_LUyStnHGXRE/getUpdates "HTTP/1.1 200 OK"
2026-06-14 12:58:55,026 [INFO] httpx: HTTP Request: POST https://api.telegram.org/bot8677091828:AAF6Tsxq2JYSEX6EM8mPQFS_LUyStnHGXRE/getUpdates "HTTP/1.1 200 OK"
2026-06-14 12:59:05,212 [INFO] httpx: HTTP Request: POST https://api.telegram.org/bot8677091828:AAF6Tsxq2JYSEX6EM8mPQFS_LUyStnHGXRE/getUpdates "HTTP/1.1 200 OK"
2026-06-14 12:59:15,417 [INFO] httpx: HTTP Request: POST https://api.telegram.org/bot8677091828:AAF6Tsxq2JYSEX6EM8mPQFS_LUyStnHGXRE/getUpdates "HTTP/1.1 200 OK"
2026-06-14 12:59:25,601 [INFO] httpx: HTTP Request: POST https://api.telegram.org/bot8677091828:AAF6Tsxq2JYSEX6EM8mPQFS_LUyStnHGXRE/getUpdates "HTTP/1.1 200 OK"
2026-06-14 12:59:35,804 [INFO] httpx: HTTP Request: POST https://api.telegram.org/bot8677091828:AAF6Tsxq2JYSEX6EM8mPQFS_LUyStnHGXRE/getUpdates "HTTP/1.1 200 OK"
2026-06-14 12:59:45,984 [INFO] httpx: HTTP Request: POST https://api.telegram.org/bot8677091828:AAF6Tsxq2JYSEX6EM8mPQFS_LUyStnHGXRE/getUpdates "HTTP/1.1 200 OK"
2026-06-14 12:59:56,168 [INFO] httpx: HTTP Request: POST https://api.telegram.org/bot8677091828:AAF6Tsxq2JYSEX6EM8mPQFS_LUyStnHGXRE/getUpdates "HTTP/1.1 200 OK"
2026-06-14 13:00:06,357 [INFO] httpx: HTTP Request: POST https://api.telegram.org/bot8677091828:AAF6Tsxq2JYSEX6EM8mPQFS_LUyStnHGXRE/getUpdates "HTTP/1.1 200 OK"
2026-06-14 13:00:16,555 [INFO] httpx: HTTP Request: POST https://api.telegram.org/bot8677091828:AAF6Tsxq2JYSEX6EM8mPQFS_LUyStnHGXRE/getUpdates "HTTP/1.1 200 OK"
2026-06-14 13:00:26,738 [INFO] httpx: HTTP Request: POST https://api.telegram.org/bot8677091828:AAF6Tsxq2JYSEX6EM8mPQFS_LUyStnHGXRE/getUpdates "HTTP/1.1 200 OK"
2026-06-14 13:00:36,924 [INFO] httpx: HTTP Request: POST https://api.telegram.org/bot8677091828:AAF6Tsxq2JYSEX6EM8mPQFS_LUyStnHGXRE/getUpdates "HTTP/1.1 200 OK"
2026-06-14 13:00:47,108 [INFO] httpx: HTTP Request: POST https://api.telegram.org/bot8677091828:AAF6Tsxq2JYSEX6EM8mPQFS_LUyStnHGXRE/getUpdates "HTTP/1.1 200 OK"
2026-06-14 13:00:57,294 [INFO] httpx: HTTP Request: POST https://api.telegram.org/bot8677091828:AAF6Tsxq2JYSEX6EM8mPQFS_LUyStnHGXRE/getUpdates "HTTP/1.1 200 OK"
2026-06-14 13:01:07,480 [INFO] httpx: HTTP Request: POST https://api.telegram.org/bot8677091828:AAF6Tsxq2JYSEX6EM8mPQFS_LUyStnHGXRE/getUpdates "HTTP/1.1 200 OK"
2026-06-14 13:01:17,669 [INFO] httpx: HTTP Request: POST https://api.telegram.org/bot8677091828:AAF6Tsxq2JYSEX6EM8mPQFS_LUyStnHGXRE/getUpdates "HTTP/1.1 200 OK"
2026-06-14 13:01:27,876 [INFO] httpx: HTTP Request: POST https://api.telegram.org/bot8677091828:AAF6Tsxq2JYSEX6EM8mPQFS_LUyStnHGXRE/getUpdates "HTTP/1.1 200 OK"
2026-06-14 13:01:38,058 [INFO] httpx: HTTP Request: POST https://api.telegram.org/bot8677091828:AAF6Tsxq2JYSEX6EM8mPQFS_LUyStnHGXRE/getUpdates "HTTP/1.1 200 OK"
2026-06-14 13:01:48,251 [INFO] httpx: HTTP Request: POST https://api.telegram.org/bot8677091828:AAF6Tsxq2JYSEX6EM8mPQFS_LUyStnHGXRE/getUpdates "HTTP/1.1 200 OK"
2026-06-14 13:01:58,464 [INFO] httpx: HTTP Request: POST https://api.telegram.org/bot8677091828:AAF6Tsxq2JYSEX6EM8mPQFS_LUyStnHGXRE/getUpdates "HTTP/1.1 200 OK"
2026-06-14 13:02:08,646 [INFO] httpx: HTTP Request: POST https://api.telegram.org/bot8677091828:AAF6Tsxq2JYSEX6EM8mPQFS_LUyStnHGXRE/getUpdates "HTTP/1.1 200 OK"
2026-06-14 13:02:18,854 [INFO] httpx: HTTP Request: POST https://api.telegram.org/bot8677091828:AAF6Tsxq2JYSEX6EM8mPQFS_LUyStnHGXRE/getUpdates "HTTP/1.1 200 OK"
2026-06-14 13:02:29,037 [INFO] httpx: HTTP Request: POST https://api.telegram.org/bot8677091828:AAF6Tsxq2JYSEX6EM8mPQFS_LUyStnHGXRE/getUpdates "HTTP/1.1 200 OK"
2026-06-14 13:02:39,240 [INFO] httpx: HTTP Request: POST https://api.telegram.org/bot8677091828:AAF6Tsxq2JYSEX6EM8mPQFS_LUyStnHGXRE/getUpdates "HTTP/1.1 200 OK"
2026-06-14 13:02:49,474 [INFO] httpx: HTTP Request: POST https://api.telegram.org/bot8677091828:AAF6Tsxq2JYSEX6EM8mPQFS_LUyStnHGXRE/getUpdates "HTTP/1.1 200 OK"
2026-06-14 13:02:59,657 [INFO] httpx: HTTP Request: POST https://api.telegram.org/bot8677091828:AAF6Tsxq2JYSEX6EM8mPQFS_LUyStnHGXRE/getUpdates "HTTP/1.1 200 OK"
2026-06-14 13:03:09,860 [INFO] httpx: HTTP Request: POST https://api.telegram.org/bot8677091828:AAF6Tsxq2JYSEX6EM8mPQFS_LUyStnHGXRE/getUpdates "HTTP/1.1 200 OK"
2026-06-14 13:03:20,042 [INFO] httpx: HTTP Request: POST https://api.telegram.org/bot8677091828:AAF6Tsxq2JYSEX6EM8mPQFS_LUyStnHGXRE/getUpdates "HTTP/1.1 200 OK"
2026-06-14 13:03:30,237 [INFO] httpx: HTTP Request: POST https://api.telegram.org/bot8677091828:AAF6Tsxq2JYSEX6EM8mPQFS_LUyStnHGXRE/getUpdates "HTTP/1.1 200 OK"
2026-06-14 13:03:40,438 [INFO] httpx: HTTP Request: POST https://api.telegram.org/bot8677091828:AAF6Tsxq2JYSEX6EM8mPQFS_LUyStnHGXRE/getUpdates "HTTP/1.1 200 OK"
2026-06-14 13:03:50,656 [INFO] httpx: HTTP Request: POST https://api.telegram.org/bot8677091828:AAF6Tsxq2JYSEX6EM8mPQFS_LUyStnHGXRE/getUpdates "HTTP/1.1 200 OK"
2026-06-14 13:04:00,861 [INFO] httpx: HTTP Request: POST https://api.telegram.org/bot8677091828:AAF6Tsxq2JYSEX6EM8mPQFS_LUyStnHGXRE/getUpdates "HTTP/1.1 200 OK"
2026-06-14 13:04:11,059 [INFO] httpx: HTTP Request: POST https://api.telegram.org/bot8677091828:AAF6Tsxq2JYSEX6EM8mPQFS_LUyStnHGXRE/getUpdates "HTTP/1.1 200 OK"
2026-06-14 13:04:21,246 [INFO] httpx: HTTP Request: POST https://api.telegram.org/bot8677091828:AAF6Tsxq2JYSEX6EM8mPQFS_LUyStnHGXRE/getUpdates "HTTP/1.1 200 OK"
2026-06-14 13:04:31,435 [INFO] httpx: HTTP Request: POST https://api.telegram.org/bot8677091828:AAF6Tsxq2JYSEX6EM8mPQFS_LUyStnHGXRE/getUpdates "HTTP/1.1 200 OK"
2026-06-14 13:04:41,642 [INFO] httpx: HTTP Request: POST https://api.telegram.org/bot8677091828:AAF6Tsxq2JYSEX6EM8mPQFS_LUyStnHGXRE/getUpdates "HTTP/1.1 200 OK"
2026-06-14 13:04:51,822 [INFO] httpx: HTTP Request: POST https://api.telegram.org/bot8677091828:AAF6Tsxq2JYSEX6EM8mPQFS_LUyStnHGXRE/getUpdates "HTTP/1.1 200 OK"
2026-06-14 13:05:02,056 [INFO] httpx: HTTP Request: POST https://api.telegram.org/bot8677091828:AAF6Tsxq2JYSEX6EM8mPQFS_LUyStnHGXRE/getUpdates "HTTP/1.1 200 OK"
2026-06-14 13:05:12,261 [INFO] httpx: HTTP Request: POST https://api.telegram.org/bot8677091828:AAF6Tsxq2JYSEX6EM8mPQFS_LUyStnHGXRE/getUpdates "HTTP/1.1 200 OK"
2026-06-14 13:05:22,449 [INFO] httpx: HTTP Request: POST https://api.telegram.org/bot8677091828:AAF6Tsxq2JYSEX6EM8mPQFS_LUyStnHGXRE/getUpdates "HTTP/1.1 200 OK"
2026-06-14 13:05:32,635 [INFO] httpx: HTTP Request: POST https://api.telegram.org/bot8677091828:AAF6Tsxq2JYSEX6EM8mPQFS_LUyStnHGXRE/getUpdates "HTTP/1.1 200 OK"
2026-06-14 13:05:42,837 [INFO] httpx: HTTP Request: POST https://api.telegram.org/bot8677091828:AAF6Tsxq2JYSEX6EM8mPQFS_LUyStnHGXRE/getUpdates "HTTP/1.1 200 OK"
2026-06-14 13:05:53,031 [INFO] httpx: HTTP Request: POST https://api.telegram.org/bot8677091828:AAF6Tsxq2JYSEX6EM8mPQFS_LUyStnHGXRE/getUpdates "HTTP/1.1 200 OK"
2026-06-14 13:06:03,215 [INFO] httpx: HTTP Request: POST https://api.telegram.org/bot8677091828:AAF6Tsxq2JYSEX6EM8mPQFS_LUyStnHGXRE/getUpdates "HTTP/1.1 200 OK"
2026-06-14 13:06:13,396 [INFO] httpx: HTTP Request: POST https://api.telegram.org/bot8677091828:AAF6Tsxq2JYSEX6EM8mPQFS_LUyStnHGXRE/getUpdates "HTTP/1.1 200 OK"
2026-06-14 13:06:23,581 [INFO] httpx: HTTP Request: POST https://api.telegram.org/bot8677091828:AAF6Tsxq2JYSEX6EM8mPQFS_LUyStnHGXRE/getUpdates "HTTP/1.1 200 OK"
2026-06-14 13:06:33,778 [INFO] httpx: HTTP Request: POST https://api.telegram.org/bot8677091828:AAF6Tsxq2JYSEX6EM8mPQFS_LUyStnHGXRE/getUpdates "HTTP/1.1 200 OK"
2026-06-14 13:06:43,967 [INFO] httpx: HTTP Request: POST https://api.telegram.org/bot8677091828:AAF6Tsxq2JYSEX6EM8mPQFS_LUyStnHGXRE/getUpdates "HTTP/1.1 200 OK"
2026-06-14 13:06:54,177 [INFO] httpx: HTTP Request: POST https://api.telegram.org/bot8677091828:AAF6Tsxq2JYSEX6EM8mPQFS_LUyStnHGXRE/getUpdates "HTTP/1.1 200 OK"
2026-06-14 13:07:04,360 [INFO] httpx: HTTP Request: POST https://api.telegram.org/bot8677091828:AAF6Tsxq2JYSEX6EM8mPQFS_LUyStnHGXRE/getUpdates "HTTP/1.1 200 OK"
2026-06-14 13:07:14,545 [INFO] httpx: HTTP Request: POST https://api.telegram.org/bot8677091828:AAF6Tsxq2JYSEX6EM8mPQFS_LUyStnHGXRE/getUpdates "HTTP/1.1 200 OK"
2026-06-14 13:07:24,778 [INFO] httpx: HTTP Request: POST https://api.telegram.org/bot8677091828:AAF6Tsxq2JYSEX6EM8mPQFS_LUyStnHGXRE/getUpdates "HTTP/1.1 200 OK"
2026-06-14 13:07:34,992 [INFO] httpx: HTTP Request: POST https://api.telegram.org/bot8677091828:AAF6Tsxq2JYSEX6EM8mPQFS_LUyStnHGXRE/getUpdates "HTTP/1.1 200 OK"
2026-06-14 13:07:45,179 [INFO] httpx: HTTP Request: POST https://api.telegram.org/bot8677091828:AAF6Tsxq2JYSEX6EM8mPQFS_LUyStnHGXRE/getUpdates "HTTP/1.1 200 OK"
2026-06-14 13:07:55,369 [INFO] httpx: HTTP Request: POST https://api.telegram.org/bot8677091828:AAF6Tsxq2JYSEX6EM8mPQFS_LUyStnHGXRE/getUpdates "HTTP/1.1 200 OK"
2026-06-14 13:08:05,572 [INFO] httpx: HTTP Request: POST https://api.telegram.org/bot8677091828:AAF6Tsxq2JYSEX6EM8mPQFS_LUyStnHGXRE/getUpdates "HTTP/1.1 200 OK"
2026-06-14 13:08:15,783 [INFO] httpx: HTTP Request: POST https://api.telegram.org/bot8677091828:AAF6Tsxq2JYSEX6EM8mPQFS_LUyStnHGXRE/getUpdates "HTTP/1.1 200 OK"
2026-06-14 13:08:25,994 [INFO] httpx: HTTP Request: POST https://api.telegram.org/bot8677091828:AAF6Tsxq2JYSEX6EM8mPQFS_LUyStnHGXRE/getUpdates "HTTP/1.1 200 OK"
2026-06-14 13:08:36,180 [INFO] httpx: HTTP Request: POST https://api.telegram.org/bot8677091828:AAF6Tsxq2JYSEX6EM8mPQFS_LUyStnHGXRE/getUpdates "HTTP/1.1 200 OK"
2026-06-14 13:08:46,368 [INFO] httpx: HTTP Request: POST https://api.telegram.org/bot8677091828:AAF6Tsxq2JYSEX6EM8mPQFS_LUyStnHGXRE/getUpdates "HTTP/1.1 200 OK"
2026-06-14 13:08:56,573 [INFO] httpx: HTTP Request: POST https://api.telegram.org/bot8677091828:AAF6Tsxq2JYSEX6EM8mPQFS_LUyStnHGXRE/getUpdates "HTTP/1.1 200 OK"
2026-06-14 13:09:06,759 [INFO] httpx: HTTP Request: POST https://api.telegram.org/bot8677091828:AAF6Tsxq2JYSEX6EM8mPQFS_LUyStnHGXRE/getUpdates "HTTP/1.1 200 OK"
2026-06-14 13:09:16,961 [INFO] httpx: HTTP Request: POST https://api.telegram.org/bot8677091828:AAF6Tsxq2JYSEX6EM8mPQFS_LUyStnHGXRE/getUpdates "HTTP/1.1 200 OK"
2026-06-14 13:09:27,145 [INFO] httpx: HTTP Request: POST https://api.telegram.org/bot8677091828:AAF6Tsxq2JYSEX6EM8mPQFS_LUyStnHGXRE/getUpdates "HTTP/1.1 200 OK"
2026-06-14 13:09:37,349 [INFO] httpx: HTTP Request: POST https://api.telegram.org/bot8677091828:AAF6Tsxq2JYSEX6EM8mPQFS_LUyStnHGXRE/getUpdates "HTTP/1.1 200 OK"
2026-06-14 13:09:47,531 [INFO] httpx: HTTP Request: POST https://api.telegram.org/bot8677091828:AAF6Tsxq2JYSEX6EM8mPQFS_LUyStnHGXRE/getUpdates "HTTP/1.1 200 OK"
2026-06-14 13:09:57,728 [INFO] httpx: HTTP Request: POST https://api.telegram.org/bot8677091828:AAF6Tsxq2JYSEX6EM8mPQFS_LUyStnHGXRE/getUpdates "HTTP/1.1 200 OK"
2026-06-14 13:10:07,921 [INFO] httpx: HTTP Request: POST https://api.telegram.org/bot8677091828:AAF6Tsxq2JYSEX6EM8mPQFS_LUyStnHGXRE/getUpdates "HTTP/1.1 200 OK"
2026-06-14 13:10:18,124 [INFO] httpx: HTTP Request: POST https://api.telegram.org/bot8677091828:AAF6Tsxq2JYSEX6EM8mPQFS_LUyStnHGXRE/getUpdates "HTTP/1.1 200 OK"
2026-06-14 13:10:28,332 [INFO] httpx: HTTP Request: POST https://api.telegram.org/bot8677091828:AAF6Tsxq2JYSEX6EM8mPQFS_LUyStnHGXRE/getUpdates "HTTP/1.1 200 OK"
2026-06-14 13:10:31,199 [INFO] apscheduler.executors.default: Running job "run_pending_scheduled_tasks (trigger: interval[0:15:00], next run at: 2026-06-14 13:25:31 IST)" (scheduled at 2026-06-14 13:10:31.191366+05:30)
2026-06-14 13:10:31,204 [INFO] apscheduler.executors.default: Job "run_pending_scheduled_tasks (trigger: interval[0:15:00], next run at: 2026-06-14 13:25:31 IST)" executed successfully
2026-06-14 13:10:38,536 [INFO] httpx: HTTP Request: POST https://api.telegram.org/bot8677091828:AAF6Tsxq2JYSEX6EM8mPQFS_LUyStnHGXRE/getUpdates "HTTP/1.1 200 OK"
2026-06-14 13:10:48,716 [INFO] httpx: HTTP Request: POST https://api.telegram.org/bot8677091828:AAF6Tsxq2JYSEX6EM8mPQFS_LUyStnHGXRE/getUpdates "HTTP/1.1 200 OK"
2026-06-14 13:10:58,906 [INFO] httpx: HTTP Request: POST https://api.telegram.org/bot8677091828:AAF6Tsxq2JYSEX6EM8mPQFS_LUyStnHGXRE/getUpdates "HTTP/1.1 200 OK"
2026-06-14 13:11:09,103 [INFO] httpx: HTTP Request: POST https://api.telegram.org/bot8677091828:AAF6Tsxq2JYSEX6EM8mPQFS_LUyStnHGXRE/getUpdates "HTTP/1.1 200 OK"
2026-06-14 13:11:19,288 [INFO] httpx: HTTP Request: POST https://api.telegram.org/bot8677091828:AAF6Tsxq2JYSEX6EM8mPQFS_LUyStnHGXRE/getUpdates "HTTP/1.1 200 OK"
2026-06-14 13:11:29,619 [INFO] httpx: HTTP Request: POST https://api.telegram.org/bot8677091828:AAF6Tsxq2JYSEX6EM8mPQFS_LUyStnHGXRE/getUpdates "HTTP/1.1 200 OK"
2026-06-14 13:11:39,815 [INFO] httpx: HTTP Request: POST https://api.telegram.org/bot8677091828:AAF6Tsxq2JYSEX6EM8mPQFS_LUyStnHGXRE/getUpdates "HTTP/1.1 200 OK"
2026-06-14 13:11:50,001 [INFO] httpx: HTTP Request: POST https://api.telegram.org/bot8677091828:AAF6Tsxq2JYSEX6EM8mPQFS_LUyStnHGXRE/getUpdates "HTTP/1.1 200 OK"
2026-06-14 13:12:00,202 [INFO] httpx: HTTP Request: POST https://api.telegram.org/bot8677091828:AAF6Tsxq2JYSEX6EM8mPQFS_LUyStnHGXRE/getUpdates "HTTP/1.1 200 OK"
2026-06-14 13:12:10,392 [INFO] httpx: HTTP Request: POST https://api.telegram.org/bot8677091828:AAF6Tsxq2JYSEX6EM8mPQFS_LUyStnHGXRE/getUpdates "HTTP/1.1 200 OK"
2026-06-14 13:12:20,575 [INFO] httpx: HTTP Request: POST https://api.telegram.org/bot8677091828:AAF6Tsxq2JYSEX6EM8mPQFS_LUyStnHGXRE/getUpdates "HTTP/1.1 200 OK"
2026-06-14 13:12:30,758 [INFO] httpx: HTTP Request: POST https://api.telegram.org/bot8677091828:AAF6Tsxq2JYSEX6EM8mPQFS_LUyStnHGXRE/getUpdates "HTTP/1.1 200 OK"
2026-06-14 13:12:40,963 [INFO] httpx: HTTP Request: POST https://api.telegram.org/bot8677091828:AAF6Tsxq2JYSEX6EM8mPQFS_LUyStnHGXRE/getUpdates "HTTP/1.1 200 OK"
2026-06-14 13:12:51,143 [INFO] httpx: HTTP Request: POST https://api.telegram.org/bot8677091828:AAF6Tsxq2JYSEX6EM8mPQFS_LUyStnHGXRE/getUpdates "HTTP/1.1 200 OK"
2026-06-14 13:13:01,325 [INFO] httpx: HTTP Request: POST https://api.telegram.org/bot8677091828:AAF6Tsxq2JYSEX6EM8mPQFS_LUyStnHGXRE/getUpdates "HTTP/1.1 200 OK"
2026-06-14 13:13:11,505 [INFO] httpx: HTTP Request: POST https://api.telegram.org/bot8677091828:AAF6Tsxq2JYSEX6EM8mPQFS_LUyStnHGXRE/getUpdates "HTTP/1.1 200 OK"
2026-06-14 13:13:21,685 [INFO] httpx: HTTP Request: POST https://api.telegram.org/bot8677091828:AAF6Tsxq2JYSEX6EM8mPQFS_LUyStnHGXRE/getUpdates "HTTP/1.1 200 OK"
2026-06-14 13:13:31,886 [INFO] httpx: HTTP Request: POST https://api.telegram.org/bot8677091828:AAF6Tsxq2JYSEX6EM8mPQFS_LUyStnHGXRE/getUpdates "HTTP/1.1 200 OK"
2026-06-14 13:13:42,069 [INFO] httpx: HTTP Request: POST https://api.telegram.org/bot8677091828:AAF6Tsxq2JYSEX6EM8mPQFS_LUyStnHGXRE/getUpdates "HTTP/1.1 200 OK"
2026-06-14 13:13:52,256 [INFO] httpx: HTTP Request: POST https://api.telegram.org/bot8677091828:AAF6Tsxq2JYSEX6EM8mPQFS_LUyStnHGXRE/getUpdates "HTTP/1.1 200 OK"
2026-06-14 13:14:02,439 [INFO] httpx: HTTP Request: POST https://api.telegram.org/bot8677091828:AAF6Tsxq2JYSEX6EM8mPQFS_LUyStnHGXRE/getUpdates "HTTP/1.1 200 OK"
2026-06-14 13:14:12,622 [INFO] httpx: HTTP Request: POST https://api.telegram.org/bot8677091828:AAF6Tsxq2JYSEX6EM8mPQFS_LUyStnHGXRE/getUpdates "HTTP/1.1 200 OK"
2026-06-14 13:14:22,804 [INFO] httpx: HTTP Request: POST https://api.telegram.org/bot8677091828:AAF6Tsxq2JYSEX6EM8mPQFS_LUyStnHGXRE/getUpdates "HTTP/1.1 200 OK"
2026-06-14 13:14:32,989 [INFO] httpx: HTTP Request: POST https://api.telegram.org/bot8677091828:AAF6Tsxq2JYSEX6EM8mPQFS_LUyStnHGXRE/getUpdates "HTTP/1.1 200 OK"
2026-06-14 13:14:43,172 [INFO] httpx: HTTP Request: POST https://api.telegram.org/bot8677091828:AAF6Tsxq2JYSEX6EM8mPQFS_LUyStnHGXRE/getUpdates "HTTP/1.1 200 OK"
2026-06-14 13:14:53,379 [INFO] httpx: HTTP Request: POST https://api.telegram.org/bot8677091828:AAF6Tsxq2JYSEX6EM8mPQFS_LUyStnHGXRE/getUpdates "HTTP/1.1 200 OK"
2026-06-14 13:15:03,562 [INFO] httpx: HTTP Request: POST https://api.telegram.org/bot8677091828:AAF6Tsxq2JYSEX6EM8mPQFS_LUyStnHGXRE/getUpdates "HTTP/1.1 200 OK"
2026-06-14 13:15:13,746 [INFO] httpx: HTTP Request: POST https://api.telegram.org/bot8677091828:AAF6Tsxq2JYSEX6EM8mPQFS_LUyStnHGXRE/getUpdates "HTTP/1.1 200 OK"
2026-06-14 13:15:23,934 [INFO] httpx: HTTP Request: POST https://api.telegram.org/bot8677091828:AAF6Tsxq2JYSEX6EM8mPQFS_LUyStnHGXRE/getUpdates "HTTP/1.1 200 OK"
2026-06-14 13:15:34,128 [INFO] httpx: HTTP Request: POST https://api.telegram.org/bot8677091828:AAF6Tsxq2JYSEX6EM8mPQFS_LUyStnHGXRE/getUpdates "HTTP/1.1 200 OK"
2026-06-14 13:15:44,311 [INFO] httpx: HTTP Request: POST https://api.telegram.org/bot8677091828:AAF6Tsxq2JYSEX6EM8mPQFS_LUyStnHGXRE/getUpdates "HTTP/1.1 200 OK"
2026-06-14 13:15:54,493 [INFO] httpx: HTTP Request: POST https://api.telegram.org/bot8677091828:AAF6Tsxq2JYSEX6EM8mPQFS_LUyStnHGXRE/getUpdates "HTTP/1.1 200 OK"
2026-06-14 13:16:04,674 [INFO] httpx: HTTP Request: POST https://api.telegram.org/bot8677091828:AAF6Tsxq2JYSEX6EM8mPQFS_LUyStnHGXRE/getUpdates "HTTP/1.1 200 OK"
2026-06-14 13:16:14,855 [INFO] httpx: HTTP Request: POST https://api.telegram.org/bot8677091828:AAF6Tsxq2JYSEX6EM8mPQFS_LUyStnHGXRE/getUpdates "HTTP/1.1 200 OK"
2026-06-14 13:16:25,039 [INFO] httpx: HTTP Request: POST https://api.telegram.org/bot8677091828:AAF6Tsxq2JYSEX6EM8mPQFS_LUyStnHGXRE/getUpdates "HTTP/1.1 200 OK"
2026-06-14 13:16:35,221 [INFO] httpx: HTTP Request: POST https://api.telegram.org/bot8677091828:AAF6Tsxq2JYSEX6EM8mPQFS_LUyStnHGXRE/getUpdates "HTTP/1.1 200 OK"
2026-06-14 13:16:45,401 [INFO] httpx: HTTP Request: POST https://api.telegram.org/bot8677091828:AAF6Tsxq2JYSEX6EM8mPQFS_LUyStnHGXRE/getUpdates "HTTP/1.1 200 OK"
2026-06-14 13:16:55,584 [INFO] httpx: HTTP Request: POST https://api.telegram.org/bot8677091828:AAF6Tsxq2JYSEX6EM8mPQFS_LUyStnHGXRE/getUpdates "HTTP/1.1 200 OK"
2026-06-14 13:17:05,765 [INFO] httpx: HTTP Request: POST https://api.telegram.org/bot8677091828:AAF6Tsxq2JYSEX6EM8mPQFS_LUyStnHGXRE/getUpdates "HTTP/1.1 200 OK"
2026-06-14 13:17:15,948 [INFO] httpx: HTTP Request: POST https://api.telegram.org/bot8677091828:AAF6Tsxq2JYSEX6EM8mPQFS_LUyStnHGXRE/getUpdates "HTTP/1.1 200 OK"
2026-06-14 13:17:26,128 [INFO] httpx: HTTP Request: POST https://api.telegram.org/bot8677091828:AAF6Tsxq2JYSEX6EM8mPQFS_LUyStnHGXRE/getUpdates "HTTP/1.1 200 OK"
2026-06-14 13:17:36,333 [INFO] httpx: HTTP Request: POST https://api.telegram.org/bot8677091828:AAF6Tsxq2JYSEX6EM8mPQFS_LUyStnHGXRE/getUpdates "HTTP/1.1 200 OK"
2026-06-14 13:17:46,517 [INFO] httpx: HTTP Request: POST https://api.telegram.org/bot8677091828:AAF6Tsxq2JYSEX6EM8mPQFS_LUyStnHGXRE/getUpdates "HTTP/1.1 200 OK"
2026-06-14 13:17:56,704 [INFO] httpx: HTTP Request: POST https://api.telegram.org/bot8677091828:AAF6Tsxq2JYSEX6EM8mPQFS_LUyStnHGXRE/getUpdates "HTTP/1.1 200 OK"
2026-06-14 13:18:06,885 [INFO] httpx: HTTP Request: POST https://api.telegram.org/bot8677091828:AAF6Tsxq2JYSEX6EM8mPQFS_LUyStnHGXRE/getUpdates "HTTP/1.1 200 OK"
2026-06-14 13:18:17,072 [INFO] httpx: HTTP Request: POST https://api.telegram.org/bot8677091828:AAF6Tsxq2JYSEX6EM8mPQFS_LUyStnHGXRE/getUpdates "HTTP/1.1 200 OK"
2026-06-14 13:18:27,253 [INFO] httpx: HTTP Request: POST https://api.telegram.org/bot8677091828:AAF6Tsxq2JYSEX6EM8mPQFS_LUyStnHGXRE/getUpdates "HTTP/1.1 200 OK"
2026-06-14 13:18:37,436 [INFO] httpx: HTTP Request: POST https://api.telegram.org/bot8677091828:AAF6Tsxq2JYSEX6EM8mPQFS_LUyStnHGXRE/getUpdates "HTTP/1.1 200 OK"
2026-06-14 13:18:47,619 [INFO] httpx: HTTP Request: POST https://api.telegram.org/bot8677091828:AAF6Tsxq2JYSEX6EM8mPQFS_LUyStnHGXRE/getUpdates "HTTP/1.1 200 OK"
2026-06-14 13:18:57,801 [INFO] httpx: HTTP Request: POST https://api.telegram.org/bot8677091828:AAF6Tsxq2JYSEX6EM8mPQFS_LUyStnHGXRE/getUpdates "HTTP/1.1 200 OK"
2026-06-14 13:19:07,982 [INFO] httpx: HTTP Request: POST https://api.telegram.org/bot8677091828:AAF6Tsxq2JYSEX6EM8mPQFS_LUyStnHGXRE/getUpdates "HTTP/1.1 200 OK"
2026-06-14 13:19:18,166 [INFO] httpx: HTTP Request: POST https://api.telegram.org/bot8677091828:AAF6Tsxq2JYSEX6EM8mPQFS_LUyStnHGXRE/getUpdates "HTTP/1.1 200 OK"
2026-06-14 13:19:28,365 [INFO] httpx: HTTP Request: POST https://api.telegram.org/bot8677091828:AAF6Tsxq2JYSEX6EM8mPQFS_LUyStnHGXRE/getUpdates "HTTP/1.1 200 OK"
2026-06-14 13:19:38,548 [INFO] httpx: HTTP Request: POST https://api.telegram.org/bot8677091828:AAF6Tsxq2JYSEX6EM8mPQFS_LUyStnHGXRE/getUpdates "HTTP/1.1 200 OK"
2026-06-14 13:19:48,732 [INFO] httpx: HTTP Request: POST https://api.telegram.org/bot8677091828:AAF6Tsxq2JYSEX6EM8mPQFS_LUyStnHGXRE/getUpdates "HTTP/1.1 200 OK"
2026-06-14 13:19:58,912 [INFO] httpx: HTTP Request: POST https://api.telegram.org/bot8677091828:AAF6Tsxq2JYSEX6EM8mPQFS_LUyStnHGXRE/getUpdates "HTTP/1.1 200 OK"
2026-06-14 13:20:09,091 [INFO] httpx: HTTP Request: POST https://api.telegram.org/bot8677091828:AAF6Tsxq2JYSEX6EM8mPQFS_LUyStnHGXRE/getUpdates "HTTP/1.1 200 OK"
2026-06-14 13:20:19,273 [INFO] httpx: HTTP Request: POST https://api.telegram.org/bot8677091828:AAF6Tsxq2JYSEX6EM8mPQFS_LUyStnHGXRE/getUpdates "HTTP/1.1 200 OK"
2026-06-14 13:20:29,456 [INFO] httpx: HTTP Request: POST https://api.telegram.org/bot8677091828:AAF6Tsxq2JYSEX6EM8mPQFS_LUyStnHGXRE/getUpdates "HTTP/1.1 200 OK"
2026-06-14 13:20:39,637 [INFO] httpx: HTTP Request: POST https://api.telegram.org/bot8677091828:AAF6Tsxq2JYSEX6EM8mPQFS_LUyStnHGXRE/getUpdates "HTTP/1.1 200 OK"
2026-06-14 13:20:49,821 [INFO] httpx: HTTP Request: POST https://api.telegram.org/bot8677091828:AAF6Tsxq2JYSEX6EM8mPQFS_LUyStnHGXRE/getUpdates "HTTP/1.1 200 OK"
2026-06-14 13:21:00,003 [INFO] httpx: HTTP Request: POST https://api.telegram.org/bot8677091828:AAF6Tsxq2JYSEX6EM8mPQFS_LUyStnHGXRE/getUpdates "HTTP/1.1 200 OK"
2026-06-14 13:21:10,187 [INFO] httpx: HTTP Request: POST https://api.telegram.org/bot8677091828:AAF6Tsxq2JYSEX6EM8mPQFS_LUyStnHGXRE/getUpdates "HTTP/1.1 200 OK"
2026-06-14 13:21:20,378 [INFO] httpx: HTTP Request: POST https://api.telegram.org/bot8677091828:AAF6Tsxq2JYSEX6EM8mPQFS_LUyStnHGXRE/getUpdates "HTTP/1.1 200 OK"
2026-06-14 13:21:30,570 [INFO] httpx: HTTP Request: POST https://api.telegram.org/bot8677091828:AAF6Tsxq2JYSEX6EM8mPQFS_LUyStnHGXRE/getUpdates "HTTP/1.1 200 OK"
2026-06-14 13:21:40,753 [INFO] httpx: HTTP Request: POST https://api.telegram.org/bot8677091828:AAF6Tsxq2JYSEX6EM8mPQFS_LUyStnHGXRE/getUpdates "HTTP/1.1 200 OK"
2026-06-14 13:21:50,934 [INFO] httpx: HTTP Request: POST https://api.telegram.org/bot8677091828:AAF6Tsxq2JYSEX6EM8mPQFS_LUyStnHGXRE/getUpdates "HTTP/1.1 200 OK"
2026-06-14 13:22:01,118 [INFO] httpx: HTTP Request: POST https://api.telegram.org/bot8677091828:AAF6Tsxq2JYSEX6EM8mPQFS_LUyStnHGXRE/getUpdates "HTTP/1.1 200 OK"
2026-06-14 13:22:11,301 [INFO] httpx: HTTP Request: POST https://api.telegram.org/bot8677091828:AAF6Tsxq2JYSEX6EM8mPQFS_LUyStnHGXRE/getUpdates "HTTP/1.1 200 OK"
2026-06-14 13:22:21,484 [INFO] httpx: HTTP Request: POST https://api.telegram.org/bot8677091828:AAF6Tsxq2JYSEX6EM8mPQFS_LUyStnHGXRE/getUpdates "HTTP/1.1 200 OK"
2026-06-14 13:22:31,671 [INFO] httpx: HTTP Request: POST https://api.telegram.org/bot8677091828:AAF6Tsxq2JYSEX6EM8mPQFS_LUyStnHGXRE/getUpdates "HTTP/1.1 200 OK"
2026-06-14 13:22:41,853 [INFO] httpx: HTTP Request: POST https://api.telegram.org/bot8677091828:AAF6Tsxq2JYSEX6EM8mPQFS_LUyStnHGXRE/getUpdates "HTTP/1.1 200 OK"
2026-06-14 13:22:52,033 [INFO] httpx: HTTP Request: POST https://api.telegram.org/bot8677091828:AAF6Tsxq2JYSEX6EM8mPQFS_LUyStnHGXRE/getUpdates "HTTP/1.1 200 OK"
2026-06-14 13:23:02,222 [INFO] httpx: HTTP Request: POST https://api.telegram.org/bot8677091828:AAF6Tsxq2JYSEX6EM8mPQFS_LUyStnHGXRE/getUpdates "HTTP/1.1 200 OK"
2026-06-14 13:23:12,407 [INFO] httpx: HTTP Request: POST https://api.telegram.org/bot8677091828:AAF6Tsxq2JYSEX6EM8mPQFS_LUyStnHGXRE/getUpdates "HTTP/1.1 200 OK"
2026-06-14 13:23:22,590 [INFO] httpx: HTTP Request: POST https://api.telegram.org/bot8677091828:AAF6Tsxq2JYSEX6EM8mPQFS_LUyStnHGXRE/getUpdates "HTTP/1.1 200 OK"
2026-06-14 13:23:32,779 [INFO] httpx: HTTP Request: POST https://api.telegram.org/bot8677091828:AAF6Tsxq2JYSEX6EM8mPQFS_LUyStnHGXRE/getUpdates "HTTP/1.1 200 OK"
2026-06-14 13:23:42,965 [INFO] httpx: HTTP Request: POST https://api.telegram.org/bot8677091828:AAF6Tsxq2JYSEX6EM8mPQFS_LUyStnHGXRE/getUpdates "HTTP/1.1 200 OK"
2026-06-14 13:23:53,147 [INFO] httpx: HTTP Request: POST https://api.telegram.org/bot8677091828:AAF6Tsxq2JYSEX6EM8mPQFS_LUyStnHGXRE/getUpdates "HTTP/1.1 200 OK"
2026-06-14 13:24:03,329 [INFO] httpx: HTTP Request: POST https://api.telegram.org/bot8677091828:AAF6Tsxq2JYSEX6EM8mPQFS_LUyStnHGXRE/getUpdates "HTTP/1.1 200 OK"
2026-06-14 13:24:13,512 [INFO] httpx: HTTP Request: POST https://api.telegram.org/bot8677091828:AAF6Tsxq2JYSEX6EM8mPQFS_LUyStnHGXRE/getUpdates "HTTP/1.1 200 OK"
2026-06-14 13:24:23,695 [INFO] httpx: HTTP Request: POST https://api.telegram.org/bot8677091828:AAF6Tsxq2JYSEX6EM8mPQFS_LUyStnHGXRE/getUpdates "HTTP/1.1 200 OK"
2026-06-14 13:24:33,878 [INFO] httpx: HTTP Request: POST https://api.telegram.org/bot8677091828:AAF6Tsxq2JYSEX6EM8mPQFS_LUyStnHGXRE/getUpdates "HTTP/1.1 200 OK"
2026-06-14 13:24:44,069 [INFO] httpx: HTTP Request: POST https://api.telegram.org/bot8677091828:AAF6Tsxq2JYSEX6EM8mPQFS_LUyStnHGXRE/getUpdates "HTTP/1.1 200 OK"
2026-06-14 13:24:54,252 [INFO] httpx: HTTP Request: POST https://api.telegram.org/bot8677091828:AAF6Tsxq2JYSEX6EM8mPQFS_LUyStnHGXRE/getUpdates "HTTP/1.1 200 OK"
2026-06-14 13:25:04,433 [INFO] httpx: HTTP Request: POST https://api.telegram.org/bot8677091828:AAF6Tsxq2JYSEX6EM8mPQFS_LUyStnHGXRE/getUpdates "HTTP/1.1 200 OK"
2026-06-14 13:25:14,618 [INFO] httpx: HTTP Request: POST https://api.telegram.org/bot8677091828:AAF6Tsxq2JYSEX6EM8mPQFS_LUyStnHGXRE/getUpdates "HTTP/1.1 200 OK"
2026-06-14 13:25:24,799 [INFO] httpx: HTTP Request: POST https://api.telegram.org/bot8677091828:AAF6Tsxq2JYSEX6EM8mPQFS_LUyStnHGXRE/getUpdates "HTTP/1.1 200 OK"
2026-06-14 13:25:31,179 [INFO] apscheduler.executors.default: Running job "health_check_task (trigger: interval[1:00:00], next run at: 2026-06-14 14:25:31 IST)" (scheduled at 2026-06-14 13:25:31.170006+05:30)
2026-06-14 13:25:31,192 [INFO] apscheduler.executors.default: Running job "run_pending_scheduled_tasks (trigger: interval[0:15:00], next run at: 2026-06-14 13:40:31 IST)" (scheduled at 2026-06-14 13:25:31.191366+05:30)
2026-06-14 13:25:31,198 [INFO] apscheduler.executors.default: Job "run_pending_scheduled_tasks (trigger: interval[0:15:00], next run at: 2026-06-14 13:40:31 IST)" executed successfully
2026-06-14 13:25:34,982 [INFO] httpx: HTTP Request: POST https://api.telegram.org/bot8677091828:AAF6Tsxq2JYSEX6EM8mPQFS_LUyStnHGXRE/getUpdates "HTTP/1.1 200 OK"
2026-06-14 13:25:39,721 [INFO] apscheduler.executors.default: Job "health_check_task (trigger: interval[1:00:00], next run at: 2026-06-14 14:25:31 IST)" executed successfully
2026-06-14 13:46:29,466 [WARNING] apscheduler.executors.default: Run time of job "run_pending_scheduled_tasks (trigger: interval[0:15:00], next run at: 2026-06-14 13:55:31 IST)" was missed by 0:05:58.275371
2026-06-14 13:46:45,109 [INFO] httpx: HTTP Request: POST https://api.telegram.org/bot8677091828:AAF6Tsxq2JYSEX6EM8mPQFS_LUyStnHGXRE/getUpdates "HTTP/1.1 200 OK"
2026-06-14 13:46:55,297 [INFO] httpx: HTTP Request: POST https://api.telegram.org/bot8677091828:AAF6Tsxq2JYSEX6EM8mPQFS_LUyStnHGXRE/getUpdates "HTTP/1.1 200 OK"
2026-06-14 13:47:05,484 [INFO] httpx: HTTP Request: POST https://api.telegram.org/bot8677091828:AAF6Tsxq2JYSEX6EM8mPQFS_LUyStnHGXRE/getUpdates "HTTP/1.1 200 OK"
2026-06-14 20:16:07,030 [INFO] apscheduler.scheduler: Adding job tentatively -- it will be properly scheduled when the scheduler starts
2026-06-14 20:16:07,046 [INFO] apscheduler.scheduler: Adding job tentatively -- it will be properly scheduled when the scheduler starts
2026-06-14 20:16:07,047 [INFO] apscheduler.scheduler: Adding job tentatively -- it will be properly scheduled when the scheduler starts
2026-06-14 20:16:07,048 [INFO] apscheduler.scheduler: Adding job tentatively -- it will be properly scheduled when the scheduler starts
2026-06-14 20:16:07,049 [INFO] apscheduler.scheduler: Added job "morning_brief_task" to job store "default"
2026-06-14 20:16:07,050 [INFO] apscheduler.scheduler: Added job "health_check_task" to job store "default"
2026-06-14 20:16:07,051 [INFO] apscheduler.scheduler: Added job "memory_cleanup_task" to job store "default"
2026-06-14 20:16:07,051 [INFO] apscheduler.scheduler: Added job "run_pending_scheduled_tasks" to job store "default"
2026-06-14 20:16:07,051 [INFO] apscheduler.scheduler: Scheduler started
2026-06-14 20:16:12,076 [INFO] httpx: HTTP Request: POST https://api.telegram.org/bot8677091828:AAF6Tsxq2JYSEX6EM8mPQFS_LUyStnHGXRE/getMe "HTTP/1.1 200 OK"
2026-06-14 20:16:12,301 [INFO] httpx: HTTP Request: POST https://api.telegram.org/bot8677091828:AAF6Tsxq2JYSEX6EM8mPQFS_LUyStnHGXRE/deleteWebhook "HTTP/1.1 200 OK"
2026-06-14 20:16:12,330 [INFO] apscheduler.scheduler: Scheduler started
2026-06-14 20:16:12,331 [INFO] telegram.ext.Application: Application started
2026-06-14 20:16:22,965 [INFO] httpx: HTTP Request: POST https://api.telegram.org/bot8677091828:AAF6Tsxq2JYSEX6EM8mPQFS_LUyStnHGXRE/getUpdates "HTTP/1.1 200 OK"
2026-06-14 20:16:33,204 [INFO] httpx: HTTP Request: POST https://api.telegram.org/bot8677091828:AAF6Tsxq2JYSEX6EM8mPQFS_LUyStnHGXRE/getUpdates "HTTP/1.1 200 OK"
2026-06-14 20:16:43,450 [INFO] httpx: HTTP Request: POST https://api.telegram.org/bot8677091828:AAF6Tsxq2JYSEX6EM8mPQFS_LUyStnHGXRE/getUpdates "HTTP/1.1 200 OK"
2026-06-14 20:16:53,719 [INFO] httpx: HTTP Request: POST https://api.telegram.org/bot8677091828:AAF6Tsxq2JYSEX6EM8mPQFS_LUyStnHGXRE/getUpdates "HTTP/1.1 200 OK"
2026-06-14 20:17:04,066 [INFO] httpx: HTTP Request: POST https://api.telegram.org/bot8677091828:AAF6Tsxq2JYSEX6EM8mPQFS_LUyStnHGXRE/getUpdates "HTTP/1.1 200 OK"
2026-06-14 20:17:14,353 [INFO] httpx: HTTP Request: POST https://api.telegram.org/bot8677091828:AAF6Tsxq2JYSEX6EM8mPQFS_LUyStnHGXRE/getUpdates "HTTP/1.1 200 OK"
2026-06-14 20:17:24,604 [INFO] httpx: HTTP Request: POST https://api.telegram.org/bot8677091828:AAF6Tsxq2JYSEX6EM8mPQFS_LUyStnHGXRE/getUpdates "HTTP/1.1 200 OK"
2026-06-14 20:17:34,941 [INFO] httpx: HTTP Request: POST https://api.telegram.org/bot8677091828:AAF6Tsxq2JYSEX6EM8mPQFS_LUyStnHGXRE/getUpdates "HTTP/1.1 200 OK"
2026-06-14 20:17:41,724 [INFO] apscheduler.scheduler: Adding job tentatively -- it will be properly scheduled when the scheduler starts
2026-06-14 20:17:41,732 [INFO] apscheduler.scheduler: Adding job tentatively -- it will be properly scheduled when the scheduler starts
2026-06-14 20:17:41,733 [INFO] apscheduler.scheduler: Adding job tentatively -- it will be properly scheduled when the scheduler starts
2026-06-14 20:17:41,734 [INFO] apscheduler.scheduler: Adding job tentatively -- it will be properly scheduled when the scheduler starts
2026-06-14 20:17:41,736 [INFO] apscheduler.scheduler: Added job "morning_brief_task" to job store "default"
2026-06-14 20:17:41,737 [INFO] apscheduler.scheduler: Added job "health_check_task" to job store "default"
2026-06-14 20:17:41,738 [INFO] apscheduler.scheduler: Added job "memory_cleanup_task" to job store "default"
2026-06-14 20:17:41,738 [INFO] apscheduler.scheduler: Added job "run_pending_scheduled_tasks" to job store "default"
2026-06-14 20:17:41,738 [INFO] apscheduler.scheduler: Scheduler started
2026-06-14 20:17:45,215 [INFO] httpx: HTTP Request: POST https://api.telegram.org/bot8677091828:AAF6Tsxq2JYSEX6EM8mPQFS_LUyStnHGXRE/getUpdates "HTTP/1.1 200 OK"
2026-06-14 20:17:55,916 [INFO] httpx: HTTP Request: POST https://api.telegram.org/bot8677091828:AAF6Tsxq2JYSEX6EM8mPQFS_LUyStnHGXRE/getUpdates "HTTP/1.1 200 OK"
2026-06-14 20:18:06,233 [INFO] httpx: HTTP Request: POST https://api.telegram.org/bot8677091828:AAF6Tsxq2JYSEX6EM8mPQFS_LUyStnHGXRE/getUpdates "HTTP/1.1 200 OK"
2026-06-14 20:18:16,685 [INFO] httpx: HTTP Request: POST https://api.telegram.org/bot8677091828:AAF6Tsxq2JYSEX6EM8mPQFS_LUyStnHGXRE/getUpdates "HTTP/1.1 200 OK"
2026-06-14 20:18:26,943 [INFO] httpx: HTTP Request: POST https://api.telegram.org/bot8677091828:AAF6Tsxq2JYSEX6EM8mPQFS_LUyStnHGXRE/getUpdates "HTTP/1.1 200 OK"
2026-06-14 20:18:37,372 [INFO] httpx: HTTP Request: POST https://api.telegram.org/bot8677091828:AAF6Tsxq2JYSEX6EM8mPQFS_LUyStnHGXRE/getUpdates "HTTP/1.1 200 OK"
2026-06-14 20:18:47,696 [INFO] httpx: HTTP Request: POST https://api.telegram.org/bot8677091828:AAF6Tsxq2JYSEX6EM8mPQFS_LUyStnHGXRE/getUpdates "HTTP/1.1 200 OK"
2026-06-14 20:18:57,906 [INFO] httpx: HTTP Request: POST https://api.telegram.org/bot8677091828:AAF6Tsxq2JYSEX6EM8mPQFS_LUyStnHGXRE/getUpdates "HTTP/1.1 200 OK"
2026-06-14 20:19:08,117 [INFO] httpx: HTTP Request: POST https://api.telegram.org/bot8677091828:AAF6Tsxq2JYSEX6EM8mPQFS_LUyStnHGXRE/getUpdates "HTTP/1.1 200 OK"
2026-06-14 20:19:18,381 [INFO] httpx: HTTP Request: POST https://api.telegram.org/bot8677091828:AAF6Tsxq2JYSEX6EM8mPQFS_LUyStnHGXRE/getUpdates "HTTP/1.1 200 OK"
2026-06-14 20:19:28,678 [INFO] httpx: HTTP Request: POST https://api.telegram.org/bot8677091828:AAF6Tsxq2JYSEX6EM8mPQFS_LUyStnHGXRE/getUpdates "HTTP/1.1 200 OK"
2026-06-14 20:19:38,990 [INFO] httpx: HTTP Request: POST https://api.telegram.org/bot8677091828:AAF6Tsxq2JYSEX6EM8mPQFS_LUyStnHGXRE/getUpdates "HTTP/1.1 200 OK"
2026-06-14 20:19:49,311 [INFO] httpx: HTTP Request: POST https://api.telegram.org/bot8677091828:AAF6Tsxq2JYSEX6EM8mPQFS_LUyStnHGXRE/getUpdates "HTTP/1.1 200 OK"
2026-06-14 20:19:59,626 [INFO] httpx: HTTP Request: POST https://api.telegram.org/bot8677091828:AAF6Tsxq2JYSEX6EM8mPQFS_LUyStnHGXRE/getUpdates "HTTP/1.1 200 OK"
2026-06-14 20:20:09,898 [INFO] httpx: HTTP Request: POST https://api.telegram.org/bot8677091828:AAF6Tsxq2JYSEX6EM8mPQFS_LUyStnHGXRE/getUpdates "HTTP/1.1 200 OK"
2026-06-14 20:20:20,231 [INFO] httpx: HTTP Request: POST https://api.telegram.org/bot8677091828:AAF6Tsxq2JYSEX6EM8mPQFS_LUyStnHGXRE/getUpdates "HTTP/1.1 200 OK"
2026-06-14 20:20:30,639 [INFO] httpx: HTTP Request: POST https://api.telegram.org/bot8677091828:AAF6Tsxq2JYSEX6EM8mPQFS_LUyStnHGXRE/getUpdates "HTTP/1.1 200 OK"
2026-06-14 20:20:40,828 [INFO] httpx: HTTP Request: POST https://api.telegram.org/bot8677091828:AAF6Tsxq2JYSEX6EM8mPQFS_LUyStnHGXRE/getUpdates "HTTP/1.1 200 OK"
2026-06-14 20:20:51,122 [INFO] httpx: HTTP Request: POST https://api.telegram.org/bot8677091828:AAF6Tsxq2JYSEX6EM8mPQFS_LUyStnHGXRE/getUpdates "HTTP/1.1 200 OK"
2026-06-14 20:21:01,419 [INFO] httpx: HTTP Request: POST https://api.telegram.org/bot8677091828:AAF6Tsxq2JYSEX6EM8mPQFS_LUyStnHGXRE/getUpdates "HTTP/1.1 200 OK"
2026-06-14 20:21:11,623 [INFO] httpx: HTTP Request: POST https://api.telegram.org/bot8677091828:AAF6Tsxq2JYSEX6EM8mPQFS_LUyStnHGXRE/getUpdates "HTTP/1.1 200 OK"
2026-06-14 20:21:21,880 [INFO] httpx: HTTP Request: POST https://api.telegram.org/bot8677091828:AAF6Tsxq2JYSEX6EM8mPQFS_LUyStnHGXRE/getUpdates "HTTP/1.1 200 OK"
2026-06-14 20:21:32,164 [INFO] httpx: HTTP Request: POST https://api.telegram.org/bot8677091828:AAF6Tsxq2JYSEX6EM8mPQFS_LUyStnHGXRE/getUpdates "HTTP/1.1 200 OK"
2026-06-14 20:21:42,397 [INFO] httpx: HTTP Request: POST https://api.telegram.org/bot8677091828:AAF6Tsxq2JYSEX6EM8mPQFS_LUyStnHGXRE/getUpdates "HTTP/1.1 200 OK"
2026-06-14 20:21:52,756 [INFO] httpx: HTTP Request: POST https://api.telegram.org/bot8677091828:AAF6Tsxq2JYSEX6EM8mPQFS_LUyStnHGXRE/getUpdates "HTTP/1.1 200 OK"
2026-06-14 20:22:03,107 [INFO] httpx: HTTP Request: POST https://api.telegram.org/bot8677091828:AAF6Tsxq2JYSEX6EM8mPQFS_LUyStnHGXRE/getUpdates "HTTP/1.1 200 OK"
2026-06-14 20:22:13,482 [INFO] httpx: HTTP Request: POST https://api.telegram.org/bot8677091828:AAF6Tsxq2JYSEX6EM8mPQFS_LUyStnHGXRE/getUpdates "HTTP/1.1 200 OK"
2026-06-14 20:22:23,822 [INFO] httpx: HTTP Request: POST https://api.telegram.org/bot8677091828:AAF6Tsxq2JYSEX6EM8mPQFS_LUyStnHGXRE/getUpdates "HTTP/1.1 200 OK"
2026-06-14 20:22:34,263 [INFO] httpx: HTTP Request: POST https://api.telegram.org/bot8677091828:AAF6Tsxq2JYSEX6EM8mPQFS_LUyStnHGXRE/getUpdates "HTTP/1.1 200 OK"
2026-06-14 20:22:44,603 [INFO] httpx: HTTP Request: POST https://api.telegram.org/bot8677091828:AAF6Tsxq2JYSEX6EM8mPQFS_LUyStnHGXRE/getUpdates "HTTP/1.1 200 OK"
2026-06-14 20:22:55,085 [INFO] httpx: HTTP Request: POST https://api.telegram.org/bot8677091828:AAF6Tsxq2JYSEX6EM8mPQFS_LUyStnHGXRE/getUpdates "HTTP/1.1 200 OK"
2026-06-14 20:23:06,309 [INFO] httpx: HTTP Request: POST https://api.telegram.org/bot8677091828:AAF6Tsxq2JYSEX6EM8mPQFS_LUyStnHGXRE/getUpdates "HTTP/1.1 200 OK"
2026-06-14 20:23:16,736 [INFO] httpx: HTTP Request: POST https://api.telegram.org/bot8677091828:AAF6Tsxq2JYSEX6EM8mPQFS_LUyStnHGXRE/getUpdates "HTTP/1.1 200 OK"
2026-06-14 20:23:27,533 [INFO] httpx: HTTP Request: POST https://api.telegram.org/bot8677091828:AAF6Tsxq2JYSEX6EM8mPQFS_LUyStnHGXRE/getUpdates "HTTP/1.1 200 OK"
2026-06-14 20:23:37,964 [INFO] httpx: HTTP Request: POST https://api.telegram.org/bot8677091828:AAF6Tsxq2JYSEX6EM8mPQFS_LUyStnHGXRE/getUpdates "HTTP/1.1 200 OK"
2026-06-14 20:23:48,247 [INFO] httpx: HTTP Request: POST https://api.telegram.org/bot8677091828:AAF6Tsxq2JYSEX6EM8mPQFS_LUyStnHGXRE/getUpdates "HTTP/1.1 200 OK"
2026-06-14 20:23:58,636 [INFO] httpx: HTTP Request: POST https://api.telegram.org/bot8677091828:AAF6Tsxq2JYSEX6EM8mPQFS_LUyStnHGXRE/getUpdates "HTTP/1.1 200 OK"
2026-06-14 20:24:08,980 [INFO] httpx: HTTP Request: POST https://api.telegram.org/bot8677091828:AAF6Tsxq2JYSEX6EM8mPQFS_LUyStnHGXRE/getUpdates "HTTP/1.1 200 OK"
2026-06-14 20:24:20,002 [INFO] httpx: HTTP Request: POST https://api.telegram.org/bot8677091828:AAF6Tsxq2JYSEX6EM8mPQFS_LUyStnHGXRE/getUpdates "HTTP/1.1 200 OK"
2026-06-14 20:24:46,665 [ERROR] telegram.ext.Application: No error handlers are registered, logging exception.
Traceback (most recent call last):
  File "C:\my_ai_team\.venv\Lib\site-packages\httpx\_transports\default.py", line 101, in map_httpcore_exceptions
    yield
  File "C:\my_ai_team\.venv\Lib\site-packages\httpx\_transports\default.py", line 394, in handle_async_request
    resp = await self._pool.handle_async_request(req)
           ^^^^^^^^^^^^^^^^^^^^^^^^^^^^^^^^^^^^^^^^^^
  File "C:\my_ai_team\.venv\Lib\site-packages\httpcore\_async\connection_pool.py", line 256, in handle_async_request
    raise exc from None
  File "C:\my_ai_team\.venv\Lib\site-packages\httpcore\_async\connection_pool.py", line 236, in handle_async_request
    response = await connection.handle_async_request(
               ^^^^^^^^^^^^^^^^^^^^^^^^^^^^^^^^^^^^^^
        pool_request.request
        ^^^^^^^^^^^^^^^^^^^^
    )
    ^
  File "C:\my_ai_team\.venv\Lib\site-packages\httpcore\_async\connection.py", line 101, in handle_async_request
    raise exc
  File "C:\my_ai_team\.venv\Lib\site-packages\httpcore\_async\connection.py", line 78, in handle_async_request
    stream = await self._connect(request)
             ^^^^^^^^^^^^^^^^^^^^^^^^^^^^
  File "C:\my_ai_team\.venv\Lib\site-packages\httpcore\_async\connection.py", line 124, in _connect
    stream = await self._network_backend.connect_tcp(**kwargs)
             ^^^^^^^^^^^^^^^^^^^^^^^^^^^^^^^^^^^^^^^^^^^^^^^^^
  File "C:\my_ai_team\.venv\Lib\site-packages\httpcore\_backends\auto.py", line 31, in connect_tcp
    return await self._backend.connect_tcp(
           ^^^^^^^^^^^^^^^^^^^^^^^^^^^^^^^^
    ...<5 lines>...
    )
    ^
  File "C:\my_ai_team\.venv\Lib\site-packages\httpcore\_backends\anyio.py", line 113, in connect_tcp
    with map_exceptions(exc_map):
         ~~~~~~~~~~~~~~^^^^^^^^^
  File "C:\Users\Sai kiran\AppData\Local\Programs\Python\Python314\Lib\contextlib.py", line 162, in __exit__
    self.gen.throw(value)
    ~~~~~~~~~~~~~~^^^^^^^
  File "C:\my_ai_team\.venv\Lib\site-packages\httpcore\_exceptions.py", line 14, in map_exceptions
    raise to_exc(exc) from exc
httpcore.ConnectError: [Errno 11001] getaddrinfo failed

The above exception was the direct cause of the following exception:

Traceback (most recent call last):
  File "C:\my_ai_team\.venv\Lib\site-packages\telegram\request\_httpxrequest.py", line 279, in do_request
    res = await self._client.request(
          ^^^^^^^^^^^^^^^^^^^^^^^^^^^
    ...<6 lines>...
    )
    ^
  File "C:\my_ai_team\.venv\Lib\site-packages\httpx\_client.py", line 1540, in request
    return await self.send(request, auth=auth, follow_redirects=follow_redirects)
           ^^^^^^^^^^^^^^^^^^^^^^^^^^^^^^^^^^^^^^^^^^^^^^^^^^^^^^^^^^^^^^^^^^^^^^
  File "C:\my_ai_team\.venv\Lib\site-packages\httpx\_client.py", line 1629, in send
    response = await self._send_handling_auth(
               ^^^^^^^^^^^^^^^^^^^^^^^^^^^^^^^
    ...<4 lines>...
    )
    ^
  File "C:\my_ai_team\.venv\Lib\site-packages\httpx\_client.py", line 1657, in _send_handling_auth
    response = await self._send_handling_redirects(
               ^^^^^^^^^^^^^^^^^^^^^^^^^^^^^^^^^^^^
    ...<3 lines>...
    )
    ^
  File "C:\my_ai_team\.venv\Lib\site-packages\httpx\_client.py", line 1694, in _send_handling_redirects
    response = await self._send_single_request(request)
               ^^^^^^^^^^^^^^^^^^^^^^^^^^^^^^^^^^^^^^^^
  File "C:\my_ai_team\.venv\Lib\site-packages\httpx\_client.py", line 1730, in _send_single_request
    response = await transport.handle_async_request(request)
               ^^^^^^^^^^^^^^^^^^^^^^^^^^^^^^^^^^^^^^^^^^^^^
  File "C:\my_ai_team\.venv\Lib\site-packages\httpx\_transports\default.py", line 393, in handle_async_request
    with map_httpcore_exceptions():
         ~~~~~~~~~~~~~~~~~~~~~~~^^
  File "C:\Users\Sai kiran\AppData\Local\Programs\Python\Python314\Lib\contextlib.py", line 162, in __exit__
    self.gen.throw(value)
    ~~~~~~~~~~~~~~^^^^^^^
  File "C:\my_ai_team\.venv\Lib\site-packages\httpx\_transports\default.py", line 118, in map_httpcore_exceptions
    raise mapped_exc(message) from exc
httpx.ConnectError: [Errno 11001] getaddrinfo failed

The above exception was the direct cause of the following exception:

Traceback (most recent call last):
  File "C:\my_ai_team\.venv\Lib\site-packages\telegram\ext\_utils\networkloop.py", line 161, in network_retry_loop
    await do_action()
  File "C:\my_ai_team\.venv\Lib\site-packages\telegram\ext\_utils\networkloop.py", line 154, in do_action
    action_cb_task.result()
    ~~~~~~~~~~~~~~~~~~~~~^^
  File "C:\my_ai_team\.venv\Lib\site-packages\telegram\ext\_updater.py", line 340, in polling_action_cb
    updates = await self.bot.get_updates(
              ^^^^^^^^^^^^^^^^^^^^^^^^^^^
    ...<3 lines>...
    )
    ^
  File "C:\my_ai_team\.venv\Lib\site-packages\telegram\ext\_extbot.py", line 672, in get_updates
    updates = await super().get_updates(
              ^^^^^^^^^^^^^^^^^^^^^^^^^^
    ...<9 lines>...
    )
    ^
  File "C:\my_ai_team\.venv\Lib\site-packages\telegram\_bot.py", line 4865, in get_updates
    await self._post(
    ^^^^^^^^^^^^^^^^^
    ...<7 lines>...
    ),
    ^
  File "C:\my_ai_team\.venv\Lib\site-packages\telegram\_bot.py", line 704, in _post
    return await self._do_post(
           ^^^^^^^^^^^^^^^^^^^^
    ...<6 lines>...
    )
    ^
  File "C:\my_ai_team\.venv\Lib\site-packages\telegram\ext\_extbot.py", line 370, in _do_post
    return await super()._do_post(
           ^^^^^^^^^^^^^^^^^^^^^^^
    ...<6 lines>...
    )
    ^
  File "C:\my_ai_team\.venv\Lib\site-packages\telegram\_bot.py", line 733, in _do_post
    result = await request.post(
             ^^^^^^^^^^^^^^^^^^^
    ...<6 lines>...
    )
    ^
  File "C:\my_ai_team\.venv\Lib\site-packages\telegram\request\_baserequest.py", line 198, in post
    result = await self._request_wrapper(
             ^^^^^^^^^^^^^^^^^^^^^^^^^^^^
    ...<7 lines>...
    )
    ^
  File "C:\my_ai_team\.venv\Lib\site-packages\telegram\request\_baserequest.py", line 305, in _request_wrapper
    code, payload = await self.do_request(
                    ^^^^^^^^^^^^^^^^^^^^^^
    ...<7 lines>...
    )
    ^
  File "C:\my_ai_team\.venv\Lib\site-packages\telegram\request\_httpxrequest.py", line 303, in do_request
    raise NetworkError(f"httpx.{err.__class__.__name__}: {err}") from err
telegram.error.NetworkError: httpx.ConnectError: [Errno 11001] getaddrinfo failed
2026-06-14 20:24:52,975 [ERROR] telegram.ext.Application: No error handlers are registered, logging exception.
Traceback (most recent call last):
  File "C:\my_ai_team\.venv\Lib\site-packages\httpx\_transports\default.py", line 101, in map_httpcore_exceptions
    yield
  File "C:\my_ai_team\.venv\Lib\site-packages\httpx\_transports\default.py", line 394, in handle_async_request
    resp = await self._pool.handle_async_request(req)
           ^^^^^^^^^^^^^^^^^^^^^^^^^^^^^^^^^^^^^^^^^^
  File "C:\my_ai_team\.venv\Lib\site-packages\httpcore\_async\connection_pool.py", line 256, in handle_async_request
    raise exc from None
  File "C:\my_ai_team\.venv\Lib\site-packages\httpcore\_async\connection_pool.py", line 236, in handle_async_request
    response = await connection.handle_async_request(
               ^^^^^^^^^^^^^^^^^^^^^^^^^^^^^^^^^^^^^^
        pool_request.request
        ^^^^^^^^^^^^^^^^^^^^
    )
    ^
  File "C:\my_ai_team\.venv\Lib\site-packages\httpcore\_async\connection.py", line 101, in handle_async_request
    raise exc
  File "C:\my_ai_team\.venv\Lib\site-packages\httpcore\_async\connection.py", line 78, in handle_async_request
    stream = await self._connect(request)
             ^^^^^^^^^^^^^^^^^^^^^^^^^^^^
  File "C:\my_ai_team\.venv\Lib\site-packages\httpcore\_async\connection.py", line 124, in _connect
    stream = await self._network_backend.connect_tcp(**kwargs)
             ^^^^^^^^^^^^^^^^^^^^^^^^^^^^^^^^^^^^^^^^^^^^^^^^^
  File "C:\my_ai_team\.venv\Lib\site-packages\httpcore\_backends\auto.py", line 31, in connect_tcp
    return await self._backend.connect_tcp(
           ^^^^^^^^^^^^^^^^^^^^^^^^^^^^^^^^
    ...<5 lines>...
    )
    ^
  File "C:\my_ai_team\.venv\Lib\site-packages\httpcore\_backends\anyio.py", line 113, in connect_tcp
    with map_exceptions(exc_map):
         ~~~~~~~~~~~~~~^^^^^^^^^
  File "C:\Users\Sai kiran\AppData\Local\Programs\Python\Python314\Lib\contextlib.py", line 162, in __exit__
    self.gen.throw(value)
    ~~~~~~~~~~~~~~^^^^^^^
  File "C:\my_ai_team\.venv\Lib\site-packages\httpcore\_exceptions.py", line 14, in map_exceptions
    raise to_exc(exc) from exc
httpcore.ConnectError: [Errno 11001] getaddrinfo failed

The above exception was the direct cause of the following exception:

Traceback (most recent call last):
  File "C:\my_ai_team\.venv\Lib\site-packages\telegram\request\_httpxrequest.py", line 279, in do_request
    res = await self._client.request(
          ^^^^^^^^^^^^^^^^^^^^^^^^^^^
    ...<6 lines>...
    )
    ^
  File "C:\my_ai_team\.venv\Lib\site-packages\httpx\_client.py", line 1540, in request
    return await self.send(request, auth=auth, follow_redirects=follow_redirects)
           ^^^^^^^^^^^^^^^^^^^^^^^^^^^^^^^^^^^^^^^^^^^^^^^^^^^^^^^^^^^^^^^^^^^^^^
  File "C:\my_ai_team\.venv\Lib\site-packages\httpx\_client.py", line 1629, in send
    response = await self._send_handling_auth(
               ^^^^^^^^^^^^^^^^^^^^^^^^^^^^^^^
    ...<4 lines>...
    )
    ^
  File "C:\my_ai_team\.venv\Lib\site-packages\httpx\_client.py", line 1657, in _send_handling_auth
    response = await self._send_handling_redirects(
               ^^^^^^^^^^^^^^^^^^^^^^^^^^^^^^^^^^^^
    ...<3 lines>...
    )
    ^
  File "C:\my_ai_team\.venv\Lib\site-packages\httpx\_client.py", line 1694, in _send_handling_redirects
    response = await self._send_single_request(request)
               ^^^^^^^^^^^^^^^^^^^^^^^^^^^^^^^^^^^^^^^^
  File "C:\my_ai_team\.venv\Lib\site-packages\httpx\_client.py", line 1730, in _send_single_request
    response = await transport.handle_async_request(request)
               ^^^^^^^^^^^^^^^^^^^^^^^^^^^^^^^^^^^^^^^^^^^^^
  File "C:\my_ai_team\.venv\Lib\site-packages\httpx\_transports\default.py", line 393, in handle_async_request
    with map_httpcore_exceptions():
         ~~~~~~~~~~~~~~~~~~~~~~~^^
  File "C:\Users\Sai kiran\AppData\Local\Programs\Python\Python314\Lib\contextlib.py", line 162, in __exit__
    self.gen.throw(value)
    ~~~~~~~~~~~~~~^^^^^^^
  File "C:\my_ai_team\.venv\Lib\site-packages\httpx\_transports\default.py", line 118, in map_httpcore_exceptions
    raise mapped_exc(message) from exc
httpx.ConnectError: [Errno 11001] getaddrinfo failed

The above exception was the direct cause of the following exception:

Traceback (most recent call last):
  File "C:\my_ai_team\.venv\Lib\site-packages\telegram\ext\_utils\networkloop.py", line 161, in network_retry_loop
    await do_action()
  File "C:\my_ai_team\.venv\Lib\site-packages\telegram\ext\_utils\networkloop.py", line 154, in do_action
    action_cb_task.result()
    ~~~~~~~~~~~~~~~~~~~~~^^
  File "C:\my_ai_team\.venv\Lib\site-packages\telegram\ext\_updater.py", line 340, in polling_action_cb
    updates = await self.bot.get_updates(
              ^^^^^^^^^^^^^^^^^^^^^^^^^^^
    ...<3 lines>...
    )
    ^
  File "C:\my_ai_team\.venv\Lib\site-packages\telegram\ext\_extbot.py", line 672, in get_updates
    updates = await super().get_updates(
              ^^^^^^^^^^^^^^^^^^^^^^^^^^
    ...<9 lines>...
    )
    ^
  File "C:\my_ai_team\.venv\Lib\site-packages\telegram\_bot.py", line 4865, in get_updates
    await self._post(
    ^^^^^^^^^^^^^^^^^
    ...<7 lines>...
    ),
    ^
  File "C:\my_ai_team\.venv\Lib\site-packages\telegram\_bot.py", line 704, in _post
    return await self._do_post(
           ^^^^^^^^^^^^^^^^^^^^
    ...<6 lines>...
    )
    ^
  File "C:\my_ai_team\.venv\Lib\site-packages\telegram\ext\_extbot.py", line 370, in _do_post
    return await super()._do_post(
           ^^^^^^^^^^^^^^^^^^^^^^^
    ...<6 lines>...
    )
    ^
  File "C:\my_ai_team\.venv\Lib\site-packages\telegram\_bot.py", line 733, in _do_post
    result = await request.post(
             ^^^^^^^^^^^^^^^^^^^
    ...<6 lines>...
    )
    ^
  File "C:\my_ai_team\.venv\Lib\site-packages\telegram\request\_baserequest.py", line 198, in post
    result = await self._request_wrapper(
             ^^^^^^^^^^^^^^^^^^^^^^^^^^^^
    ...<7 lines>...
    )
    ^
  File "C:\my_ai_team\.venv\Lib\site-packages\telegram\request\_baserequest.py", line 305, in _request_wrapper
    code, payload = await self.do_request(
                    ^^^^^^^^^^^^^^^^^^^^^^
    ...<7 lines>...
    )
    ^
  File "C:\my_ai_team\.venv\Lib\site-packages\telegram\request\_httpxrequest.py", line 303, in do_request
    raise NetworkError(f"httpx.{err.__class__.__name__}: {err}") from err
telegram.error.NetworkError: httpx.ConnectError: [Errno 11001] getaddrinfo failed
2026-06-14 20:24:54,138 [ERROR] telegram.ext.Application: No error handlers are registered, logging exception.
Traceback (most recent call last):
  File "C:\my_ai_team\.venv\Lib\site-packages\httpx\_transports\default.py", line 101, in map_httpcore_exceptions
    yield
  File "C:\my_ai_team\.venv\Lib\site-packages\httpx\_transports\default.py", line 394, in handle_async_request
    resp = await self._pool.handle_async_request(req)
           ^^^^^^^^^^^^^^^^^^^^^^^^^^^^^^^^^^^^^^^^^^
  File "C:\my_ai_team\.venv\Lib\site-packages\httpcore\_async\connection_pool.py", line 256, in handle_async_request
    raise exc from None
  File "C:\my_ai_team\.venv\Lib\site-packages\httpcore\_async\connection_pool.py", line 236, in handle_async_request
    response = await connection.handle_async_request(
               ^^^^^^^^^^^^^^^^^^^^^^^^^^^^^^^^^^^^^^
        pool_request.request
        ^^^^^^^^^^^^^^^^^^^^
    )
    ^
  File "C:\my_ai_team\.venv\Lib\site-packages\httpcore\_async\connection.py", line 101, in handle_async_request
    raise exc
  File "C:\my_ai_team\.venv\Lib\site-packages\httpcore\_async\connection.py", line 78, in handle_async_request
    stream = await self._connect(request)
             ^^^^^^^^^^^^^^^^^^^^^^^^^^^^
  File "C:\my_ai_team\.venv\Lib\site-packages\httpcore\_async\connection.py", line 124, in _connect
    stream = await self._network_backend.connect_tcp(**kwargs)
             ^^^^^^^^^^^^^^^^^^^^^^^^^^^^^^^^^^^^^^^^^^^^^^^^^
  File "C:\my_ai_team\.venv\Lib\site-packages\httpcore\_backends\auto.py", line 31, in connect_tcp
    return await self._backend.connect_tcp(
           ^^^^^^^^^^^^^^^^^^^^^^^^^^^^^^^^
    ...<5 lines>...
    )
    ^
  File "C:\my_ai_team\.venv\Lib\site-packages\httpcore\_backends\anyio.py", line 113, in connect_tcp
    with map_exceptions(exc_map):
         ~~~~~~~~~~~~~~^^^^^^^^^
  File "C:\Users\Sai kiran\AppData\Local\Programs\Python\Python314\Lib\contextlib.py", line 162, in __exit__
    self.gen.throw(value)
    ~~~~~~~~~~~~~~^^^^^^^
  File "C:\my_ai_team\.venv\Lib\site-packages\httpcore\_exceptions.py", line 14, in map_exceptions
    raise to_exc(exc) from exc
httpcore.ConnectError: [Errno 11001] getaddrinfo failed

The above exception was the direct cause of the following exception:

Traceback (most recent call last):
  File "C:\my_ai_team\.venv\Lib\site-packages\telegram\request\_httpxrequest.py", line 279, in do_request
    res = await self._client.request(
          ^^^^^^^^^^^^^^^^^^^^^^^^^^^
    ...<6 lines>...
    )
    ^
  File "C:\my_ai_team\.venv\Lib\site-packages\httpx\_client.py", line 1540, in request
    return await self.send(request, auth=auth, follow_redirects=follow_redirects)
           ^^^^^^^^^^^^^^^^^^^^^^^^^^^^^^^^^^^^^^^^^^^^^^^^^^^^^^^^^^^^^^^^^^^^^^
  File "C:\my_ai_team\.venv\Lib\site-packages\httpx\_client.py", line 1629, in send
    response = await self._send_handling_auth(
               ^^^^^^^^^^^^^^^^^^^^^^^^^^^^^^^
    ...<4 lines>...
    )
    ^
  File "C:\my_ai_team\.venv\Lib\site-packages\httpx\_client.py", line 1657, in _send_handling_auth
    response = await self._send_handling_redirects(
               ^^^^^^^^^^^^^^^^^^^^^^^^^^^^^^^^^^^^
    ...<3 lines>...
    )
    ^
  File "C:\my_ai_team\.venv\Lib\site-packages\httpx\_client.py", line 1694, in _send_handling_redirects
    response = await self._send_single_request(request)
               ^^^^^^^^^^^^^^^^^^^^^^^^^^^^^^^^^^^^^^^^
  File "C:\my_ai_team\.venv\Lib\site-packages\httpx\_client.py", line 1730, in _send_single_request
    response = await transport.handle_async_request(request)
               ^^^^^^^^^^^^^^^^^^^^^^^^^^^^^^^^^^^^^^^^^^^^^
  File "C:\my_ai_team\.venv\Lib\site-packages\httpx\_transports\default.py", line 393, in handle_async_request
    with map_httpcore_exceptions():
         ~~~~~~~~~~~~~~~~~~~~~~~^^
  File "C:\Users\Sai kiran\AppData\Local\Programs\Python\Python314\Lib\contextlib.py", line 162, in __exit__
    self.gen.throw(value)
    ~~~~~~~~~~~~~~^^^^^^^
  File "C:\my_ai_team\.venv\Lib\site-packages\httpx\_transports\default.py", line 118, in map_httpcore_exceptions
    raise mapped_exc(message) from exc
httpx.ConnectError: [Errno 11001] getaddrinfo failed

The above exception was the direct cause of the following exception:

Traceback (most recent call last):
  File "C:\my_ai_team\.venv\Lib\site-packages\telegram\ext\_utils\networkloop.py", line 161, in network_retry_loop
    await do_action()
  File "C:\my_ai_team\.venv\Lib\site-packages\telegram\ext\_utils\networkloop.py", line 154, in do_action
    action_cb_task.result()
    ~~~~~~~~~~~~~~~~~~~~~^^
  File "C:\my_ai_team\.venv\Lib\site-packages\telegram\ext\_updater.py", line 340, in polling_action_cb
    updates = await self.bot.get_updates(
              ^^^^^^^^^^^^^^^^^^^^^^^^^^^
    ...<3 lines>...
    )
    ^
  File "C:\my_ai_team\.venv\Lib\site-packages\telegram\ext\_extbot.py", line 672, in get_updates
    updates = await super().get_updates(
              ^^^^^^^^^^^^^^^^^^^^^^^^^^
    ...<9 lines>...
    )
    ^
  File "C:\my_ai_team\.venv\Lib\site-packages\telegram\_bot.py", line 4865, in get_updates
    await self._post(
    ^^^^^^^^^^^^^^^^^
    ...<7 lines>...
    ),
    ^
  File "C:\my_ai_team\.venv\Lib\site-packages\telegram\_bot.py", line 704, in _post
    return await self._do_post(
           ^^^^^^^^^^^^^^^^^^^^
    ...<6 lines>...
    )
    ^
  File "C:\my_ai_team\.venv\Lib\site-packages\telegram\ext\_extbot.py", line 370, in _do_post
    return await super()._do_post(
           ^^^^^^^^^^^^^^^^^^^^^^^
    ...<6 lines>...
    )
    ^
  File "C:\my_ai_team\.venv\Lib\site-packages\telegram\_bot.py", line 733, in _do_post
    result = await request.post(
             ^^^^^^^^^^^^^^^^^^^
    ...<6 lines>...
    )
    ^
  File "C:\my_ai_team\.venv\Lib\site-packages\telegram\request\_baserequest.py", line 198, in post
    result = await self._request_wrapper(
             ^^^^^^^^^^^^^^^^^^^^^^^^^^^^
    ...<7 lines>...
    )
    ^
  File "C:\my_ai_team\.venv\Lib\site-packages\telegram\request\_baserequest.py", line 305, in _request_wrapper
    code, payload = await self.do_request(
                    ^^^^^^^^^^^^^^^^^^^^^^
    ...<7 lines>...
    )
    ^
  File "C:\my_ai_team\.venv\Lib\site-packages\telegram\request\_httpxrequest.py", line 303, in do_request
    raise NetworkError(f"httpx.{err.__class__.__name__}: {err}") from err
telegram.error.NetworkError: httpx.ConnectError: [Errno 11001] getaddrinfo failed
2026-06-14 20:24:55,815 [ERROR] telegram.ext.Application: No error handlers are registered, logging exception.
Traceback (most recent call last):
  File "C:\my_ai_team\.venv\Lib\site-packages\httpx\_transports\default.py", line 101, in map_httpcore_exceptions
    yield
  File "C:\my_ai_team\.venv\Lib\site-packages\httpx\_transports\default.py", line 394, in handle_async_request
    resp = await self._pool.handle_async_request(req)
           ^^^^^^^^^^^^^^^^^^^^^^^^^^^^^^^^^^^^^^^^^^
  File "C:\my_ai_team\.venv\Lib\site-packages\httpcore\_async\connection_pool.py", line 256, in handle_async_request
    raise exc from None
  File "C:\my_ai_team\.venv\Lib\site-packages\httpcore\_async\connection_pool.py", line 236, in handle_async_request
    response = await connection.handle_async_request(
               ^^^^^^^^^^^^^^^^^^^^^^^^^^^^^^^^^^^^^^
        pool_request.request
        ^^^^^^^^^^^^^^^^^^^^
    )
    ^
  File "C:\my_ai_team\.venv\Lib\site-packages\httpcore\_async\connection.py", line 101, in handle_async_request
    raise exc
  File "C:\my_ai_team\.venv\Lib\site-packages\httpcore\_async\connection.py", line 78, in handle_async_request
    stream = await self._connect(request)
             ^^^^^^^^^^^^^^^^^^^^^^^^^^^^
  File "C:\my_ai_team\.venv\Lib\site-packages\httpcore\_async\connection.py", line 124, in _connect
    stream = await self._network_backend.connect_tcp(**kwargs)
             ^^^^^^^^^^^^^^^^^^^^^^^^^^^^^^^^^^^^^^^^^^^^^^^^^
  File "C:\my_ai_team\.venv\Lib\site-packages\httpcore\_backends\auto.py", line 31, in connect_tcp
    return await self._backend.connect_tcp(
           ^^^^^^^^^^^^^^^^^^^^^^^^^^^^^^^^
    ...<5 lines>...
    )
    ^
  File "C:\my_ai_team\.venv\Lib\site-packages\httpcore\_backends\anyio.py", line 113, in connect_tcp
    with map_exceptions(exc_map):
         ~~~~~~~~~~~~~~^^^^^^^^^
  File "C:\Users\Sai kiran\AppData\Local\Programs\Python\Python314\Lib\contextlib.py", line 162, in __exit__
    self.gen.throw(value)
    ~~~~~~~~~~~~~~^^^^^^^
  File "C:\my_ai_team\.venv\Lib\site-packages\httpcore\_exceptions.py", line 14, in map_exceptions
    raise to_exc(exc) from exc
httpcore.ConnectError: [Errno 11001] getaddrinfo failed

The above exception was the direct cause of the following exception:

Traceback (most recent call last):
  File "C:\my_ai_team\.venv\Lib\site-packages\telegram\request\_httpxrequest.py", line 279, in do_request
    res = await self._client.request(
          ^^^^^^^^^^^^^^^^^^^^^^^^^^^
    ...<6 lines>...
    )
    ^
  File "C:\my_ai_team\.venv\Lib\site-packages\httpx\_client.py", line 1540, in request
    return await self.send(request, auth=auth, follow_redirects=follow_redirects)
           ^^^^^^^^^^^^^^^^^^^^^^^^^^^^^^^^^^^^^^^^^^^^^^^^^^^^^^^^^^^^^^^^^^^^^^
  File "C:\my_ai_team\.venv\Lib\site-packages\httpx\_client.py", line 1629, in send
    response = await self._send_handling_auth(
               ^^^^^^^^^^^^^^^^^^^^^^^^^^^^^^^
    ...<4 lines>...
    )
    ^
  File "C:\my_ai_team\.venv\Lib\site-packages\httpx\_client.py", line 1657, in _send_handling_auth
    response = await self._send_handling_redirects(
               ^^^^^^^^^^^^^^^^^^^^^^^^^^^^^^^^^^^^
    ...<3 lines>...
    )
    ^
  File "C:\my_ai_team\.venv\Lib\site-packages\httpx\_client.py", line 1694, in _send_handling_redirects
    response = await self._send_single_request(request)
               ^^^^^^^^^^^^^^^^^^^^^^^^^^^^^^^^^^^^^^^^
  File "C:\my_ai_team\.venv\Lib\site-packages\httpx\_client.py", line 1730, in _send_single_request
    response = await transport.handle_async_request(request)
               ^^^^^^^^^^^^^^^^^^^^^^^^^^^^^^^^^^^^^^^^^^^^^
  File "C:\my_ai_team\.venv\Lib\site-packages\httpx\_transports\default.py", line 393, in handle_async_request
    with map_httpcore_exceptions():
         ~~~~~~~~~~~~~~~~~~~~~~~^^
  File "C:\Users\Sai kiran\AppData\Local\Programs\Python\Python314\Lib\contextlib.py", line 162, in __exit__
    self.gen.throw(value)
    ~~~~~~~~~~~~~~^^^^^^^
  File "C:\my_ai_team\.venv\Lib\site-packages\httpx\_transports\default.py", line 118, in map_httpcore_exceptions
    raise mapped_exc(message) from exc
httpx.ConnectError: [Errno 11001] getaddrinfo failed

The above exception was the direct cause of the following exception:

Traceback (most recent call last):
  File "C:\my_ai_team\.venv\Lib\site-packages\telegram\ext\_utils\networkloop.py", line 161, in network_retry_loop
    await do_action()
  File "C:\my_ai_team\.venv\Lib\site-packages\telegram\ext\_utils\networkloop.py", line 154, in do_action
    action_cb_task.result()
    ~~~~~~~~~~~~~~~~~~~~~^^
  File "C:\my_ai_team\.venv\Lib\site-packages\telegram\ext\_updater.py", line 340, in polling_action_cb
    updates = await self.bot.get_updates(
              ^^^^^^^^^^^^^^^^^^^^^^^^^^^
    ...<3 lines>...
    )
    ^
  File "C:\my_ai_team\.venv\Lib\site-packages\telegram\ext\_extbot.py", line 672, in get_updates
    updates = await super().get_updates(
              ^^^^^^^^^^^^^^^^^^^^^^^^^^
    ...<9 lines>...
    )
    ^
  File "C:\my_ai_team\.venv\Lib\site-packages\telegram\_bot.py", line 4865, in get_updates
    await self._post(
    ^^^^^^^^^^^^^^^^^
    ...<7 lines>...
    ),
    ^
  File "C:\my_ai_team\.venv\Lib\site-packages\telegram\_bot.py", line 704, in _post
    return await self._do_post(
           ^^^^^^^^^^^^^^^^^^^^
    ...<6 lines>...
    )
    ^
  File "C:\my_ai_team\.venv\Lib\site-packages\telegram\ext\_extbot.py", line 370, in _do_post
    return await super()._do_post(
           ^^^^^^^^^^^^^^^^^^^^^^^
    ...<6 lines>...
    )
    ^
  File "C:\my_ai_team\.venv\Lib\site-packages\telegram\_bot.py", line 733, in _do_post
    result = await request.post(
             ^^^^^^^^^^^^^^^^^^^
    ...<6 lines>...
    )
    ^
  File "C:\my_ai_team\.venv\Lib\site-packages\telegram\request\_baserequest.py", line 198, in post
    result = await self._request_wrapper(
             ^^^^^^^^^^^^^^^^^^^^^^^^^^^^
    ...<7 lines>...
    )
    ^
  File "C:\my_ai_team\.venv\Lib\site-packages\telegram\request\_baserequest.py", line 305, in _request_wrapper
    code, payload = await self.do_request(
                    ^^^^^^^^^^^^^^^^^^^^^^
    ...<7 lines>...
    )
    ^
  File "C:\my_ai_team\.venv\Lib\site-packages\telegram\request\_httpxrequest.py", line 303, in do_request
    raise NetworkError(f"httpx.{err.__class__.__name__}: {err}") from err
telegram.error.NetworkError: httpx.ConnectError: [Errno 11001] getaddrinfo failed
2026-06-14 20:24:59,071 [ERROR] telegram.ext.Application: No error handlers are registered, logging exception.
Traceback (most recent call last):
  File "C:\my_ai_team\.venv\Lib\site-packages\httpx\_transports\default.py", line 101, in map_httpcore_exceptions
    yield
  File "C:\my_ai_team\.venv\Lib\site-packages\httpx\_transports\default.py", line 394, in handle_async_request
    resp = await self._pool.handle_async_request(req)
           ^^^^^^^^^^^^^^^^^^^^^^^^^^^^^^^^^^^^^^^^^^
  File "C:\my_ai_team\.venv\Lib\site-packages\httpcore\_async\connection_pool.py", line 256, in handle_async_request
    raise exc from None
  File "C:\my_ai_team\.venv\Lib\site-packages\httpcore\_async\connection_pool.py", line 236, in handle_async_request
    response = await connection.handle_async_request(
               ^^^^^^^^^^^^^^^^^^^^^^^^^^^^^^^^^^^^^^
        pool_request.request
        ^^^^^^^^^^^^^^^^^^^^
    )
    ^
  File "C:\my_ai_team\.venv\Lib\site-packages\httpcore\_async\connection.py", line 101, in handle_async_request
    raise exc
  File "C:\my_ai_team\.venv\Lib\site-packages\httpcore\_async\connection.py", line 78, in handle_async_request
    stream = await self._connect(request)
             ^^^^^^^^^^^^^^^^^^^^^^^^^^^^
  File "C:\my_ai_team\.venv\Lib\site-packages\httpcore\_async\connection.py", line 124, in _connect
    stream = await self._network_backend.connect_tcp(**kwargs)
             ^^^^^^^^^^^^^^^^^^^^^^^^^^^^^^^^^^^^^^^^^^^^^^^^^
  File "C:\my_ai_team\.venv\Lib\site-packages\httpcore\_backends\auto.py", line 31, in connect_tcp
    return await self._backend.connect_tcp(
           ^^^^^^^^^^^^^^^^^^^^^^^^^^^^^^^^
    ...<5 lines>...
    )
    ^
  File "C:\my_ai_team\.venv\Lib\site-packages\httpcore\_backends\anyio.py", line 113, in connect_tcp
    with map_exceptions(exc_map):
         ~~~~~~~~~~~~~~^^^^^^^^^
  File "C:\Users\Sai kiran\AppData\Local\Programs\Python\Python314\Lib\contextlib.py", line 162, in __exit__
    self.gen.throw(value)
    ~~~~~~~~~~~~~~^^^^^^^
  File "C:\my_ai_team\.venv\Lib\site-packages\httpcore\_exceptions.py", line 14, in map_exceptions
    raise to_exc(exc) from exc
httpcore.ConnectError: [Errno 11001] getaddrinfo failed

The above exception was the direct cause of the following exception:

Traceback (most recent call last):
  File "C:\my_ai_team\.venv\Lib\site-packages\telegram\request\_httpxrequest.py", line 279, in do_request
    res = await self._client.request(
          ^^^^^^^^^^^^^^^^^^^^^^^^^^^
    ...<6 lines>...
    )
    ^
  File "C:\my_ai_team\.venv\Lib\site-packages\httpx\_client.py", line 1540, in request
    return await self.send(request, auth=auth, follow_redirects=follow_redirects)
           ^^^^^^^^^^^^^^^^^^^^^^^^^^^^^^^^^^^^^^^^^^^^^^^^^^^^^^^^^^^^^^^^^^^^^^
  File "C:\my_ai_team\.venv\Lib\site-packages\httpx\_client.py", line 1629, in send
    response = await self._send_handling_auth(
               ^^^^^^^^^^^^^^^^^^^^^^^^^^^^^^^
    ...<4 lines>...
    )
    ^
  File "C:\my_ai_team\.venv\Lib\site-packages\httpx\_client.py", line 1657, in _send_handling_auth
    response = await self._send_handling_redirects(
               ^^^^^^^^^^^^^^^^^^^^^^^^^^^^^^^^^^^^
    ...<3 lines>...
    )
    ^
  File "C:\my_ai_team\.venv\Lib\site-packages\httpx\_client.py", line 1694, in _send_handling_redirects
    response = await self._send_single_request(request)
               ^^^^^^^^^^^^^^^^^^^^^^^^^^^^^^^^^^^^^^^^
  File "C:\my_ai_team\.venv\Lib\site-packages\httpx\_client.py", line 1730, in _send_single_request
    response = await transport.handle_async_request(request)
               ^^^^^^^^^^^^^^^^^^^^^^^^^^^^^^^^^^^^^^^^^^^^^
  File "C:\my_ai_team\.venv\Lib\site-packages\httpx\_transports\default.py", line 393, in handle_async_request
    with map_httpcore_exceptions():
         ~~~~~~~~~~~~~~~~~~~~~~~^^
  File "C:\Users\Sai kiran\AppData\Local\Programs\Python\Python314\Lib\contextlib.py", line 162, in __exit__
    self.gen.throw(value)
    ~~~~~~~~~~~~~~^^^^^^^
  File "C:\my_ai_team\.venv\Lib\site-packages\httpx\_transports\default.py", line 118, in map_httpcore_exceptions
    raise mapped_exc(message) from exc
httpx.ConnectError: [Errno 11001] getaddrinfo failed

The above exception was the direct cause of the following exception:

Traceback (most recent call last):
  File "C:\my_ai_team\.venv\Lib\site-packages\telegram\ext\_utils\networkloop.py", line 161, in network_retry_loop
    await do_action()
  File "C:\my_ai_team\.venv\Lib\site-packages\telegram\ext\_utils\networkloop.py", line 154, in do_action
    action_cb_task.result()
    ~~~~~~~~~~~~~~~~~~~~~^^
  File "C:\my_ai_team\.venv\Lib\site-packages\telegram\ext\_updater.py", line 340, in polling_action_cb
    updates = await self.bot.get_updates(
              ^^^^^^^^^^^^^^^^^^^^^^^^^^^
    ...<3 lines>...
    )
    ^
  File "C:\my_ai_team\.venv\Lib\site-packages\telegram\ext\_extbot.py", line 672, in get_updates
    updates = await super().get_updates(
              ^^^^^^^^^^^^^^^^^^^^^^^^^^
    ...<9 lines>...
    )
    ^
  File "C:\my_ai_team\.venv\Lib\site-packages\telegram\_bot.py", line 4865, in get_updates
    await self._post(
    ^^^^^^^^^^^^^^^^^
    ...<7 lines>...
    ),
    ^
  File "C:\my_ai_team\.venv\Lib\site-packages\telegram\_bot.py", line 704, in _post
    return await self._do_post(
           ^^^^^^^^^^^^^^^^^^^^
    ...<6 lines>...
    )
    ^
  File "C:\my_ai_team\.venv\Lib\site-packages\telegram\ext\_extbot.py", line 370, in _do_post
    return await super()._do_post(
           ^^^^^^^^^^^^^^^^^^^^^^^
    ...<6 lines>...
    )
    ^
  File "C:\my_ai_team\.venv\Lib\site-packages\telegram\_bot.py", line 733, in _do_post
    result = await request.post(
             ^^^^^^^^^^^^^^^^^^^
    ...<6 lines>...
    )
    ^
  File "C:\my_ai_team\.venv\Lib\site-packages\telegram\request\_baserequest.py", line 198, in post
    result = await self._request_wrapper(
             ^^^^^^^^^^^^^^^^^^^^^^^^^^^^
    ...<7 lines>...
    )
    ^
  File "C:\my_ai_team\.venv\Lib\site-packages\telegram\request\_baserequest.py", line 305, in _request_wrapper
    code, payload = await self.do_request(
                    ^^^^^^^^^^^^^^^^^^^^^^
    ...<7 lines>...
    )
    ^
  File "C:\my_ai_team\.venv\Lib\site-packages\telegram\request\_httpxrequest.py", line 303, in do_request
    raise NetworkError(f"httpx.{err.__class__.__name__}: {err}") from err
telegram.error.NetworkError: httpx.ConnectError: [Errno 11001] getaddrinfo failed
2026-06-14 20:25:02,612 [ERROR] telegram.ext.Application: No error handlers are registered, logging exception.
Traceback (most recent call last):
  File "C:\my_ai_team\.venv\Lib\site-packages\httpx\_transports\default.py", line 101, in map_httpcore_exceptions
    yield
  File "C:\my_ai_team\.venv\Lib\site-packages\httpx\_transports\default.py", line 394, in handle_async_request
    resp = await self._pool.handle_async_request(req)
           ^^^^^^^^^^^^^^^^^^^^^^^^^^^^^^^^^^^^^^^^^^
  File "C:\my_ai_team\.venv\Lib\site-packages\httpcore\_async\connection_pool.py", line 256, in handle_async_request
    raise exc from None
  File "C:\my_ai_team\.venv\Lib\site-packages\httpcore\_async\connection_pool.py", line 236, in handle_async_request
    response = await connection.handle_async_request(
               ^^^^^^^^^^^^^^^^^^^^^^^^^^^^^^^^^^^^^^
        pool_request.request
        ^^^^^^^^^^^^^^^^^^^^
    )
    ^
  File "C:\my_ai_team\.venv\Lib\site-packages\httpcore\_async\connection.py", line 101, in handle_async_request
    raise exc
  File "C:\my_ai_team\.venv\Lib\site-packages\httpcore\_async\connection.py", line 78, in handle_async_request
    stream = await self._connect(request)
             ^^^^^^^^^^^^^^^^^^^^^^^^^^^^
  File "C:\my_ai_team\.venv\Lib\site-packages\httpcore\_async\connection.py", line 124, in _connect
    stream = await self._network_backend.connect_tcp(**kwargs)
             ^^^^^^^^^^^^^^^^^^^^^^^^^^^^^^^^^^^^^^^^^^^^^^^^^
  File "C:\my_ai_team\.venv\Lib\site-packages\httpcore\_backends\auto.py", line 31, in connect_tcp
    return await self._backend.connect_tcp(
           ^^^^^^^^^^^^^^^^^^^^^^^^^^^^^^^^
    ...<5 lines>...
    )
    ^
  File "C:\my_ai_team\.venv\Lib\site-packages\httpcore\_backends\anyio.py", line 113, in connect_tcp
    with map_exceptions(exc_map):
         ~~~~~~~~~~~~~~^^^^^^^^^
  File "C:\Users\Sai kiran\AppData\Local\Programs\Python\Python314\Lib\contextlib.py", line 162, in __exit__
    self.gen.throw(value)
    ~~~~~~~~~~~~~~^^^^^^^
  File "C:\my_ai_team\.venv\Lib\site-packages\httpcore\_exceptions.py", line 14, in map_exceptions
    raise to_exc(exc) from exc
httpcore.ConnectError: [Errno 11001] getaddrinfo failed

The above exception was the direct cause of the following exception:

Traceback (most recent call last):
  File "C:\my_ai_team\.venv\Lib\site-packages\telegram\request\_httpxrequest.py", line 279, in do_request
    res = await self._client.request(
          ^^^^^^^^^^^^^^^^^^^^^^^^^^^
    ...<6 lines>...
    )
    ^
  File "C:\my_ai_team\.venv\Lib\site-packages\httpx\_client.py", line 1540, in request
    return await self.send(request, auth=auth, follow_redirects=follow_redirects)
           ^^^^^^^^^^^^^^^^^^^^^^^^^^^^^^^^^^^^^^^^^^^^^^^^^^^^^^^^^^^^^^^^^^^^^^
  File "C:\my_ai_team\.venv\Lib\site-packages\httpx\_client.py", line 1629, in send
    response = await self._send_handling_auth(
               ^^^^^^^^^^^^^^^^^^^^^^^^^^^^^^^
    ...<4 lines>...
    )
    ^
  File "C:\my_ai_team\.venv\Lib\site-packages\httpx\_client.py", line 1657, in _send_handling_auth
    response = await self._send_handling_redirects(
               ^^^^^^^^^^^^^^^^^^^^^^^^^^^^^^^^^^^^
    ...<3 lines>...
    )
    ^
  File "C:\my_ai_team\.venv\Lib\site-packages\httpx\_client.py", line 1694, in _send_handling_redirects
    response = await self._send_single_request(request)
               ^^^^^^^^^^^^^^^^^^^^^^^^^^^^^^^^^^^^^^^^
  File "C:\my_ai_team\.venv\Lib\site-packages\httpx\_client.py", line 1730, in _send_single_request
    response = await transport.handle_async_request(request)
               ^^^^^^^^^^^^^^^^^^^^^^^^^^^^^^^^^^^^^^^^^^^^^
  File "C:\my_ai_team\.venv\Lib\site-packages\httpx\_transports\default.py", line 393, in handle_async_request
    with map_httpcore_exceptions():
         ~~~~~~~~~~~~~~~~~~~~~~~^^
  File "C:\Users\Sai kiran\AppData\Local\Programs\Python\Python314\Lib\contextlib.py", line 162, in __exit__
    self.gen.throw(value)
    ~~~~~~~~~~~~~~^^^^^^^
  File "C:\my_ai_team\.venv\Lib\site-packages\httpx\_transports\default.py", line 118, in map_httpcore_exceptions
    raise mapped_exc(message) from exc
httpx.ConnectError: [Errno 11001] getaddrinfo failed

The above exception was the direct cause of the following exception:

Traceback (most recent call last):
  File "C:\my_ai_team\.venv\Lib\site-packages\telegram\ext\_utils\networkloop.py", line 161, in network_retry_loop
    await do_action()
  File "C:\my_ai_team\.venv\Lib\site-packages\telegram\ext\_utils\networkloop.py", line 154, in do_action
    action_cb_task.result()
    ~~~~~~~~~~~~~~~~~~~~~^^
  File "C:\my_ai_team\.venv\Lib\site-packages\telegram\ext\_updater.py", line 340, in polling_action_cb
    updates = await self.bot.get_updates(
              ^^^^^^^^^^^^^^^^^^^^^^^^^^^
    ...<3 lines>...
    )
    ^
  File "C:\my_ai_team\.venv\Lib\site-packages\telegram\ext\_extbot.py", line 672, in get_updates
    updates = await super().get_updates(
              ^^^^^^^^^^^^^^^^^^^^^^^^^^
    ...<9 lines>...
    )
    ^
  File "C:\my_ai_team\.venv\Lib\site-packages\telegram\_bot.py", line 4865, in get_updates
    await self._post(
    ^^^^^^^^^^^^^^^^^
    ...<7 lines>...
    ),
    ^
  File "C:\my_ai_team\.venv\Lib\site-packages\telegram\_bot.py", line 704, in _post
    return await self._do_post(
           ^^^^^^^^^^^^^^^^^^^^
    ...<6 lines>...
    )
    ^
  File "C:\my_ai_team\.venv\Lib\site-packages\telegram\ext\_extbot.py", line 370, in _do_post
    return await super()._do_post(
           ^^^^^^^^^^^^^^^^^^^^^^^
    ...<6 lines>...
    )
    ^
  File "C:\my_ai_team\.venv\Lib\site-packages\telegram\_bot.py", line 733, in _do_post
    result = await request.post(
             ^^^^^^^^^^^^^^^^^^^
    ...<6 lines>...
    )
    ^
  File "C:\my_ai_team\.venv\Lib\site-packages\telegram\request\_baserequest.py", line 198, in post
    result = await self._request_wrapper(
             ^^^^^^^^^^^^^^^^^^^^^^^^^^^^
    ...<7 lines>...
    )
    ^
  File "C:\my_ai_team\.venv\Lib\site-packages\telegram\request\_baserequest.py", line 305, in _request_wrapper
    code, payload = await self.do_request(
                    ^^^^^^^^^^^^^^^^^^^^^^
    ...<7 lines>...
    )
    ^
  File "C:\my_ai_team\.venv\Lib\site-packages\telegram\request\_httpxrequest.py", line 303, in do_request
    raise NetworkError(f"httpx.{err.__class__.__name__}: {err}") from err
telegram.error.NetworkError: httpx.ConnectError: [Errno 11001] getaddrinfo failed
2026-06-14 20:25:25,566 [ERROR] telegram.ext.Application: No error handlers are registered, logging exception.
Traceback (most recent call last):
  File "C:\my_ai_team\.venv\Lib\site-packages\httpx\_transports\default.py", line 101, in map_httpcore_exceptions
    yield
  File "C:\my_ai_team\.venv\Lib\site-packages\httpx\_transports\default.py", line 394, in handle_async_request
    resp = await self._pool.handle_async_request(req)
           ^^^^^^^^^^^^^^^^^^^^^^^^^^^^^^^^^^^^^^^^^^
  File "C:\my_ai_team\.venv\Lib\site-packages\httpcore\_async\connection_pool.py", line 256, in handle_async_request
    raise exc from None
  File "C:\my_ai_team\.venv\Lib\site-packages\httpcore\_async\connection_pool.py", line 236, in handle_async_request
    response = await connection.handle_async_request(
               ^^^^^^^^^^^^^^^^^^^^^^^^^^^^^^^^^^^^^^
        pool_request.request
        ^^^^^^^^^^^^^^^^^^^^
    )
    ^
  File "C:\my_ai_team\.venv\Lib\site-packages\httpcore\_async\connection.py", line 101, in handle_async_request
    raise exc
  File "C:\my_ai_team\.venv\Lib\site-packages\httpcore\_async\connection.py", line 78, in handle_async_request
    stream = await self._connect(request)
             ^^^^^^^^^^^^^^^^^^^^^^^^^^^^
  File "C:\my_ai_team\.venv\Lib\site-packages\httpcore\_async\connection.py", line 124, in _connect
    stream = await self._network_backend.connect_tcp(**kwargs)
             ^^^^^^^^^^^^^^^^^^^^^^^^^^^^^^^^^^^^^^^^^^^^^^^^^
  File "C:\my_ai_team\.venv\Lib\site-packages\httpcore\_backends\auto.py", line 31, in connect_tcp
    return await self._backend.connect_tcp(
           ^^^^^^^^^^^^^^^^^^^^^^^^^^^^^^^^
    ...<5 lines>...
    )
    ^
  File "C:\my_ai_team\.venv\Lib\site-packages\httpcore\_backends\anyio.py", line 113, in connect_tcp
    with map_exceptions(exc_map):
         ~~~~~~~~~~~~~~^^^^^^^^^
  File "C:\Users\Sai kiran\AppData\Local\Programs\Python\Python314\Lib\contextlib.py", line 162, in __exit__
    self.gen.throw(value)
    ~~~~~~~~~~~~~~^^^^^^^
  File "C:\my_ai_team\.venv\Lib\site-packages\httpcore\_exceptions.py", line 14, in map_exceptions
    raise to_exc(exc) from exc
httpcore.ConnectError: [Errno 11001] getaddrinfo failed

The above exception was the direct cause of the following exception:

Traceback (most recent call last):
  File "C:\my_ai_team\.venv\Lib\site-packages\telegram\request\_httpxrequest.py", line 279, in do_request
    res = await self._client.request(
          ^^^^^^^^^^^^^^^^^^^^^^^^^^^
    ...<6 lines>...
    )
    ^
  File "C:\my_ai_team\.venv\Lib\site-packages\httpx\_client.py", line 1540, in request
    return await self.send(request, auth=auth, follow_redirects=follow_redirects)
           ^^^^^^^^^^^^^^^^^^^^^^^^^^^^^^^^^^^^^^^^^^^^^^^^^^^^^^^^^^^^^^^^^^^^^^
  File "C:\my_ai_team\.venv\Lib\site-packages\httpx\_client.py", line 1629, in send
    response = await self._send_handling_auth(
               ^^^^^^^^^^^^^^^^^^^^^^^^^^^^^^^
    ...<4 lines>...
    )
    ^
  File "C:\my_ai_team\.venv\Lib\site-packages\httpx\_client.py", line 1657, in _send_handling_auth
    response = await self._send_handling_redirects(
               ^^^^^^^^^^^^^^^^^^^^^^^^^^^^^^^^^^^^
    ...<3 lines>...
    )
    ^
  File "C:\my_ai_team\.venv\Lib\site-packages\httpx\_client.py", line 1694, in _send_handling_redirects
    response = await self._send_single_request(request)
               ^^^^^^^^^^^^^^^^^^^^^^^^^^^^^^^^^^^^^^^^
  File "C:\my_ai_team\.venv\Lib\site-packages\httpx\_client.py", line 1730, in _send_single_request
    response = await transport.handle_async_request(request)
               ^^^^^^^^^^^^^^^^^^^^^^^^^^^^^^^^^^^^^^^^^^^^^
  File "C:\my_ai_team\.venv\Lib\site-packages\httpx\_transports\default.py", line 393, in handle_async_request
    with map_httpcore_exceptions():
         ~~~~~~~~~~~~~~~~~~~~~~~^^
  File "C:\Users\Sai kiran\AppData\Local\Programs\Python\Python314\Lib\contextlib.py", line 162, in __exit__
    self.gen.throw(value)
    ~~~~~~~~~~~~~~^^^^^^^
  File "C:\my_ai_team\.venv\Lib\site-packages\httpx\_transports\default.py", line 118, in map_httpcore_exceptions
    raise mapped_exc(message) from exc
httpx.ConnectError: [Errno 11001] getaddrinfo failed

The above exception was the direct cause of the following exception:

Traceback (most recent call last):
  File "C:\my_ai_team\.venv\Lib\site-packages\telegram\ext\_utils\networkloop.py", line 161, in network_retry_loop
    await do_action()
  File "C:\my_ai_team\.venv\Lib\site-packages\telegram\ext\_utils\networkloop.py", line 154, in do_action
    action_cb_task.result()
    ~~~~~~~~~~~~~~~~~~~~~^^
  File "C:\my_ai_team\.venv\Lib\site-packages\telegram\ext\_updater.py", line 340, in polling_action_cb
    updates = await self.bot.get_updates(
              ^^^^^^^^^^^^^^^^^^^^^^^^^^^
    ...<3 lines>...
    )
    ^
  File "C:\my_ai_team\.venv\Lib\site-packages\telegram\ext\_extbot.py", line 672, in get_updates
    updates = await super().get_updates(
              ^^^^^^^^^^^^^^^^^^^^^^^^^^
    ...<9 lines>...
    )
    ^
  File "C:\my_ai_team\.venv\Lib\site-packages\telegram\_bot.py", line 4865, in get_updates
    await self._post(
    ^^^^^^^^^^^^^^^^^
    ...<7 lines>...
    ),
    ^
  File "C:\my_ai_team\.venv\Lib\site-packages\telegram\_bot.py", line 704, in _post
    return await self._do_post(
           ^^^^^^^^^^^^^^^^^^^^
    ...<6 lines>...
    )
    ^
  File "C:\my_ai_team\.venv\Lib\site-packages\telegram\ext\_extbot.py", line 370, in _do_post
    return await super()._do_post(
           ^^^^^^^^^^^^^^^^^^^^^^^
    ...<6 lines>...
    )
    ^
  File "C:\my_ai_team\.venv\Lib\site-packages\telegram\_bot.py", line 733, in _do_post
    result = await request.post(
             ^^^^^^^^^^^^^^^^^^^
    ...<6 lines>...
    )
    ^
  File "C:\my_ai_team\.venv\Lib\site-packages\telegram\request\_baserequest.py", line 198, in post
    result = await self._request_wrapper(
             ^^^^^^^^^^^^^^^^^^^^^^^^^^^^
    ...<7 lines>...
    )
    ^
  File "C:\my_ai_team\.venv\Lib\site-packages\telegram\request\_baserequest.py", line 305, in _request_wrapper
    code, payload = await self.do_request(
                    ^^^^^^^^^^^^^^^^^^^^^^
    ...<7 lines>...
    )
    ^
  File "C:\my_ai_team\.venv\Lib\site-packages\telegram\request\_httpxrequest.py", line 303, in do_request
    raise NetworkError(f"httpx.{err.__class__.__name__}: {err}") from err
telegram.error.NetworkError: httpx.ConnectError: [Errno 11001] getaddrinfo failed
2026-06-14 20:25:25,915 [INFO] httpx: HTTP Request: POST http://localhost:11434/api/embed "HTTP/1.1 200 OK"
2026-06-14 20:25:30,071 [ERROR] telegram.ext.Application: No error handlers are registered, logging exception.
Traceback (most recent call last):
  File "C:\my_ai_team\.venv\Lib\site-packages\httpx\_transports\default.py", line 101, in map_httpcore_exceptions
    yield
  File "C:\my_ai_team\.venv\Lib\site-packages\httpx\_transports\default.py", line 394, in handle_async_request
    resp = await self._pool.handle_async_request(req)
           ^^^^^^^^^^^^^^^^^^^^^^^^^^^^^^^^^^^^^^^^^^
  File "C:\my_ai_team\.venv\Lib\site-packages\httpcore\_async\connection_pool.py", line 256, in handle_async_request
    raise exc from None
  File "C:\my_ai_team\.venv\Lib\site-packages\httpcore\_async\connection_pool.py", line 236, in handle_async_request
    response = await connection.handle_async_request(
               ^^^^^^^^^^^^^^^^^^^^^^^^^^^^^^^^^^^^^^
        pool_request.request
        ^^^^^^^^^^^^^^^^^^^^
    )
    ^
  File "C:\my_ai_team\.venv\Lib\site-packages\httpcore\_async\connection.py", line 101, in handle_async_request
    raise exc
  File "C:\my_ai_team\.venv\Lib\site-packages\httpcore\_async\connection.py", line 78, in handle_async_request
    stream = await self._connect(request)
             ^^^^^^^^^^^^^^^^^^^^^^^^^^^^
  File "C:\my_ai_team\.venv\Lib\site-packages\httpcore\_async\connection.py", line 124, in _connect
    stream = await self._network_backend.connect_tcp(**kwargs)
             ^^^^^^^^^^^^^^^^^^^^^^^^^^^^^^^^^^^^^^^^^^^^^^^^^
  File "C:\my_ai_team\.venv\Lib\site-packages\httpcore\_backends\auto.py", line 31, in connect_tcp
    return await self._backend.connect_tcp(
           ^^^^^^^^^^^^^^^^^^^^^^^^^^^^^^^^
    ...<5 lines>...
    )
    ^
  File "C:\my_ai_team\.venv\Lib\site-packages\httpcore\_backends\anyio.py", line 113, in connect_tcp
    with map_exceptions(exc_map):
         ~~~~~~~~~~~~~~^^^^^^^^^
  File "C:\Users\Sai kiran\AppData\Local\Programs\Python\Python314\Lib\contextlib.py", line 162, in __exit__
    self.gen.throw(value)
    ~~~~~~~~~~~~~~^^^^^^^
  File "C:\my_ai_team\.venv\Lib\site-packages\httpcore\_exceptions.py", line 14, in map_exceptions
    raise to_exc(exc) from exc
httpcore.ConnectError: [Errno 11001] getaddrinfo failed

The above exception was the direct cause of the following exception:

Traceback (most recent call last):
  File "C:\my_ai_team\.venv\Lib\site-packages\telegram\request\_httpxrequest.py", line 279, in do_request
    res = await self._client.request(
          ^^^^^^^^^^^^^^^^^^^^^^^^^^^
    ...<6 lines>...
    )
    ^
  File "C:\my_ai_team\.venv\Lib\site-packages\httpx\_client.py", line 1540, in request
    return await self.send(request, auth=auth, follow_redirects=follow_redirects)
           ^^^^^^^^^^^^^^^^^^^^^^^^^^^^^^^^^^^^^^^^^^^^^^^^^^^^^^^^^^^^^^^^^^^^^^
  File "C:\my_ai_team\.venv\Lib\site-packages\httpx\_client.py", line 1629, in send
    response = await self._send_handling_auth(
               ^^^^^^^^^^^^^^^^^^^^^^^^^^^^^^^
    ...<4 lines>...
    )
    ^
  File "C:\my_ai_team\.venv\Lib\site-packages\httpx\_client.py", line 1657, in _send_handling_auth
    response = await self._send_handling_redirects(
               ^^^^^^^^^^^^^^^^^^^^^^^^^^^^^^^^^^^^
    ...<3 lines>...
    )
    ^
  File "C:\my_ai_team\.venv\Lib\site-packages\httpx\_client.py", line 1694, in _send_handling_redirects
    response = await self._send_single_request(request)
               ^^^^^^^^^^^^^^^^^^^^^^^^^^^^^^^^^^^^^^^^
  File "C:\my_ai_team\.venv\Lib\site-packages\httpx\_client.py", line 1730, in _send_single_request
    response = await transport.handle_async_request(request)
               ^^^^^^^^^^^^^^^^^^^^^^^^^^^^^^^^^^^^^^^^^^^^^
  File "C:\my_ai_team\.venv\Lib\site-packages\httpx\_transports\default.py", line 393, in handle_async_request
    with map_httpcore_exceptions():
         ~~~~~~~~~~~~~~~~~~~~~~~^^
  File "C:\Users\Sai kiran\AppData\Local\Programs\Python\Python314\Lib\contextlib.py", line 162, in __exit__
    self.gen.throw(value)
    ~~~~~~~~~~~~~~^^^^^^^
  File "C:\my_ai_team\.venv\Lib\site-packages\httpx\_transports\default.py", line 118, in map_httpcore_exceptions
    raise mapped_exc(message) from exc
httpx.ConnectError: [Errno 11001] getaddrinfo failed

The above exception was the direct cause of the following exception:

Traceback (most recent call last):
  File "C:\my_ai_team\.venv\Lib\site-packages\telegram\ext\_utils\networkloop.py", line 161, in network_retry_loop
    await do_action()
  File "C:\my_ai_team\.venv\Lib\site-packages\telegram\ext\_utils\networkloop.py", line 154, in do_action
    action_cb_task.result()
    ~~~~~~~~~~~~~~~~~~~~~^^
  File "C:\my_ai_team\.venv\Lib\site-packages\telegram\ext\_updater.py", line 340, in polling_action_cb
    updates = await self.bot.get_updates(
              ^^^^^^^^^^^^^^^^^^^^^^^^^^^
    ...<3 lines>...
    )
    ^
  File "C:\my_ai_team\.venv\Lib\site-packages\telegram\ext\_extbot.py", line 672, in get_updates
    updates = await super().get_updates(
              ^^^^^^^^^^^^^^^^^^^^^^^^^^
    ...<9 lines>...
    )
    ^
  File "C:\my_ai_team\.venv\Lib\site-packages\telegram\_bot.py", line 4865, in get_updates
    await self._post(
    ^^^^^^^^^^^^^^^^^
    ...<7 lines>...
    ),
    ^
  File "C:\my_ai_team\.venv\Lib\site-packages\telegram\_bot.py", line 704, in _post
    return await self._do_post(
           ^^^^^^^^^^^^^^^^^^^^
    ...<6 lines>...
    )
    ^
  File "C:\my_ai_team\.venv\Lib\site-packages\telegram\ext\_extbot.py", line 370, in _do_post
    return await super()._do_post(
           ^^^^^^^^^^^^^^^^^^^^^^^
    ...<6 lines>...
    )
    ^
  File "C:\my_ai_team\.venv\Lib\site-packages\telegram\_bot.py", line 733, in _do_post
    result = await request.post(
             ^^^^^^^^^^^^^^^^^^^
    ...<6 lines>...
    )
    ^
  File "C:\my_ai_team\.venv\Lib\site-packages\telegram\request\_baserequest.py", line 198, in post
    result = await self._request_wrapper(
             ^^^^^^^^^^^^^^^^^^^^^^^^^^^^
    ...<7 lines>...
    )
    ^
  File "C:\my_ai_team\.venv\Lib\site-packages\telegram\request\_baserequest.py", line 305, in _request_wrapper
    code, payload = await self.do_request(
                    ^^^^^^^^^^^^^^^^^^^^^^
    ...<7 lines>...
    )
    ^
  File "C:\my_ai_team\.venv\Lib\site-packages\telegram\request\_httpxrequest.py", line 303, in do_request
    raise NetworkError(f"httpx.{err.__class__.__name__}: {err}") from err
telegram.error.NetworkError: httpx.ConnectError: [Errno 11001] getaddrinfo failed
2026-06-14 20:25:31,582 [ERROR] telegram.ext.Application: No error handlers are registered, logging exception.
Traceback (most recent call last):
  File "C:\my_ai_team\.venv\Lib\site-packages\httpx\_transports\default.py", line 101, in map_httpcore_exceptions
    yield
  File "C:\my_ai_team\.venv\Lib\site-packages\httpx\_transports\default.py", line 394, in handle_async_request
    resp = await self._pool.handle_async_request(req)
           ^^^^^^^^^^^^^^^^^^^^^^^^^^^^^^^^^^^^^^^^^^
  File "C:\my_ai_team\.venv\Lib\site-packages\httpcore\_async\connection_pool.py", line 256, in handle_async_request
    raise exc from None
  File "C:\my_ai_team\.venv\Lib\site-packages\httpcore\_async\connection_pool.py", line 236, in handle_async_request
    response = await connection.handle_async_request(
               ^^^^^^^^^^^^^^^^^^^^^^^^^^^^^^^^^^^^^^
        pool_request.request
        ^^^^^^^^^^^^^^^^^^^^
    )
    ^
  File "C:\my_ai_team\.venv\Lib\site-packages\httpcore\_async\connection.py", line 101, in handle_async_request
    raise exc
  File "C:\my_ai_team\.venv\Lib\site-packages\httpcore\_async\connection.py", line 78, in handle_async_request
    stream = await self._connect(request)
             ^^^^^^^^^^^^^^^^^^^^^^^^^^^^
  File "C:\my_ai_team\.venv\Lib\site-packages\httpcore\_async\connection.py", line 124, in _connect
    stream = await self._network_backend.connect_tcp(**kwargs)
             ^^^^^^^^^^^^^^^^^^^^^^^^^^^^^^^^^^^^^^^^^^^^^^^^^
  File "C:\my_ai_team\.venv\Lib\site-packages\httpcore\_backends\auto.py", line 31, in connect_tcp
    return await self._backend.connect_tcp(
           ^^^^^^^^^^^^^^^^^^^^^^^^^^^^^^^^
    ...<5 lines>...
    )
    ^
  File "C:\my_ai_team\.venv\Lib\site-packages\httpcore\_backends\anyio.py", line 113, in connect_tcp
    with map_exceptions(exc_map):
         ~~~~~~~~~~~~~~^^^^^^^^^
  File "C:\Users\Sai kiran\AppData\Local\Programs\Python\Python314\Lib\contextlib.py", line 162, in __exit__
    self.gen.throw(value)
    ~~~~~~~~~~~~~~^^^^^^^
  File "C:\my_ai_team\.venv\Lib\site-packages\httpcore\_exceptions.py", line 14, in map_exceptions
    raise to_exc(exc) from exc
httpcore.ConnectError: [Errno 11001] getaddrinfo failed

The above exception was the direct cause of the following exception:

Traceback (most recent call last):
  File "C:\my_ai_team\.venv\Lib\site-packages\telegram\request\_httpxrequest.py", line 279, in do_request
    res = await self._client.request(
          ^^^^^^^^^^^^^^^^^^^^^^^^^^^
    ...<6 lines>...
    )
    ^
  File "C:\my_ai_team\.venv\Lib\site-packages\httpx\_client.py", line 1540, in request
    return await self.send(request, auth=auth, follow_redirects=follow_redirects)
           ^^^^^^^^^^^^^^^^^^^^^^^^^^^^^^^^^^^^^^^^^^^^^^^^^^^^^^^^^^^^^^^^^^^^^^
  File "C:\my_ai_team\.venv\Lib\site-packages\httpx\_client.py", line 1629, in send
    response = await self._send_handling_auth(
               ^^^^^^^^^^^^^^^^^^^^^^^^^^^^^^^
    ...<4 lines>...
    )
    ^
  File "C:\my_ai_team\.venv\Lib\site-packages\httpx\_client.py", line 1657, in _send_handling_auth
    response = await self._send_handling_redirects(
               ^^^^^^^^^^^^^^^^^^^^^^^^^^^^^^^^^^^^
    ...<3 lines>...
    )
    ^
  File "C:\my_ai_team\.venv\Lib\site-packages\httpx\_client.py", line 1694, in _send_handling_redirects
    response = await self._send_single_request(request)
               ^^^^^^^^^^^^^^^^^^^^^^^^^^^^^^^^^^^^^^^^
  File "C:\my_ai_team\.venv\Lib\site-packages\httpx\_client.py", line 1730, in _send_single_request
    response = await transport.handle_async_request(request)
               ^^^^^^^^^^^^^^^^^^^^^^^^^^^^^^^^^^^^^^^^^^^^^
  File "C:\my_ai_team\.venv\Lib\site-packages\httpx\_transports\default.py", line 393, in handle_async_request
    with map_httpcore_exceptions():
         ~~~~~~~~~~~~~~~~~~~~~~~^^
  File "C:\Users\Sai kiran\AppData\Local\Programs\Python\Python314\Lib\contextlib.py", line 162, in __exit__
    self.gen.throw(value)
    ~~~~~~~~~~~~~~^^^^^^^
  File "C:\my_ai_team\.venv\Lib\site-packages\httpx\_transports\default.py", line 118, in map_httpcore_exceptions
    raise mapped_exc(message) from exc
httpx.ConnectError: [Errno 11001] getaddrinfo failed

The above exception was the direct cause of the following exception:

Traceback (most recent call last):
  File "C:\my_ai_team\.venv\Lib\site-packages\telegram\ext\_utils\networkloop.py", line 161, in network_retry_loop
    await do_action()
  File "C:\my_ai_team\.venv\Lib\site-packages\telegram\ext\_utils\networkloop.py", line 154, in do_action
    action_cb_task.result()
    ~~~~~~~~~~~~~~~~~~~~~^^
  File "C:\my_ai_team\.venv\Lib\site-packages\telegram\ext\_updater.py", line 340, in polling_action_cb
    updates = await self.bot.get_updates(
              ^^^^^^^^^^^^^^^^^^^^^^^^^^^
    ...<3 lines>...
    )
    ^
  File "C:\my_ai_team\.venv\Lib\site-packages\telegram\ext\_extbot.py", line 672, in get_updates
    updates = await super().get_updates(
              ^^^^^^^^^^^^^^^^^^^^^^^^^^
    ...<9 lines>...
    )
    ^
  File "C:\my_ai_team\.venv\Lib\site-packages\telegram\_bot.py", line 4865, in get_updates
    await self._post(
    ^^^^^^^^^^^^^^^^^
    ...<7 lines>...
    ),
    ^
  File "C:\my_ai_team\.venv\Lib\site-packages\telegram\_bot.py", line 704, in _post
    return await self._do_post(
           ^^^^^^^^^^^^^^^^^^^^
    ...<6 lines>...
    )
    ^
  File "C:\my_ai_team\.venv\Lib\site-packages\telegram\ext\_extbot.py", line 370, in _do_post
    return await super()._do_post(
           ^^^^^^^^^^^^^^^^^^^^^^^
    ...<6 lines>...
    )
    ^
  File "C:\my_ai_team\.venv\Lib\site-packages\telegram\_bot.py", line 733, in _do_post
    result = await request.post(
             ^^^^^^^^^^^^^^^^^^^
    ...<6 lines>...
    )
    ^
  File "C:\my_ai_team\.venv\Lib\site-packages\telegram\request\_baserequest.py", line 198, in post
    result = await self._request_wrapper(
             ^^^^^^^^^^^^^^^^^^^^^^^^^^^^
    ...<7 lines>...
    )
    ^
  File "C:\my_ai_team\.venv\Lib\site-packages\telegram\request\_baserequest.py", line 305, in _request_wrapper
    code, payload = await self.do_request(
                    ^^^^^^^^^^^^^^^^^^^^^^
    ...<7 lines>...
    )
    ^
  File "C:\my_ai_team\.venv\Lib\site-packages\telegram\request\_httpxrequest.py", line 303, in do_request
    raise NetworkError(f"httpx.{err.__class__.__name__}: {err}") from err
telegram.error.NetworkError: httpx.ConnectError: [Errno 11001] getaddrinfo failed
2026-06-14 20:25:33,967 [ERROR] telegram.ext.Application: No error handlers are registered, logging exception.
Traceback (most recent call last):
  File "C:\my_ai_team\.venv\Lib\site-packages\httpx\_transports\default.py", line 101, in map_httpcore_exceptions
    yield
  File "C:\my_ai_team\.venv\Lib\site-packages\httpx\_transports\default.py", line 394, in handle_async_request
    resp = await self._pool.handle_async_request(req)
           ^^^^^^^^^^^^^^^^^^^^^^^^^^^^^^^^^^^^^^^^^^
  File "C:\my_ai_team\.venv\Lib\site-packages\httpcore\_async\connection_pool.py", line 256, in handle_async_request
    raise exc from None
  File "C:\my_ai_team\.venv\Lib\site-packages\httpcore\_async\connection_pool.py", line 236, in handle_async_request
    response = await connection.handle_async_request(
               ^^^^^^^^^^^^^^^^^^^^^^^^^^^^^^^^^^^^^^
        pool_request.request
        ^^^^^^^^^^^^^^^^^^^^
    )
    ^
  File "C:\my_ai_team\.venv\Lib\site-packages\httpcore\_async\connection.py", line 101, in handle_async_request
    raise exc
  File "C:\my_ai_team\.venv\Lib\site-packages\httpcore\_async\connection.py", line 78, in handle_async_request
    stream = await self._connect(request)
             ^^^^^^^^^^^^^^^^^^^^^^^^^^^^
  File "C:\my_ai_team\.venv\Lib\site-packages\httpcore\_async\connection.py", line 124, in _connect
    stream = await self._network_backend.connect_tcp(**kwargs)
             ^^^^^^^^^^^^^^^^^^^^^^^^^^^^^^^^^^^^^^^^^^^^^^^^^
  File "C:\my_ai_team\.venv\Lib\site-packages\httpcore\_backends\auto.py", line 31, in connect_tcp
    return await self._backend.connect_tcp(
           ^^^^^^^^^^^^^^^^^^^^^^^^^^^^^^^^
    ...<5 lines>...
    )
    ^
  File "C:\my_ai_team\.venv\Lib\site-packages\httpcore\_backends\anyio.py", line 113, in connect_tcp
    with map_exceptions(exc_map):
         ~~~~~~~~~~~~~~^^^^^^^^^
  File "C:\Users\Sai kiran\AppData\Local\Programs\Python\Python314\Lib\contextlib.py", line 162, in __exit__
    self.gen.throw(value)
    ~~~~~~~~~~~~~~^^^^^^^
  File "C:\my_ai_team\.venv\Lib\site-packages\httpcore\_exceptions.py", line 14, in map_exceptions
    raise to_exc(exc) from exc
httpcore.ConnectError: [Errno 11001] getaddrinfo failed

The above exception was the direct cause of the following exception:

Traceback (most recent call last):
  File "C:\my_ai_team\.venv\Lib\site-packages\telegram\request\_httpxrequest.py", line 279, in do_request
    res = await self._client.request(
          ^^^^^^^^^^^^^^^^^^^^^^^^^^^
    ...<6 lines>...
    )
    ^
  File "C:\my_ai_team\.venv\Lib\site-packages\httpx\_client.py", line 1540, in request
    return await self.send(request, auth=auth, follow_redirects=follow_redirects)
           ^^^^^^^^^^^^^^^^^^^^^^^^^^^^^^^^^^^^^^^^^^^^^^^^^^^^^^^^^^^^^^^^^^^^^^
  File "C:\my_ai_team\.venv\Lib\site-packages\httpx\_client.py", line 1629, in send
    response = await self._send_handling_auth(
               ^^^^^^^^^^^^^^^^^^^^^^^^^^^^^^^
    ...<4 lines>...
    )
    ^
  File "C:\my_ai_team\.venv\Lib\site-packages\httpx\_client.py", line 1657, in _send_handling_auth
    response = await self._send_handling_redirects(
               ^^^^^^^^^^^^^^^^^^^^^^^^^^^^^^^^^^^^
    ...<3 lines>...
    )
    ^
  File "C:\my_ai_team\.venv\Lib\site-packages\httpx\_client.py", line 1694, in _send_handling_redirects
    response = await self._send_single_request(request)
               ^^^^^^^^^^^^^^^^^^^^^^^^^^^^^^^^^^^^^^^^
  File "C:\my_ai_team\.venv\Lib\site-packages\httpx\_client.py", line 1730, in _send_single_request
    response = await transport.handle_async_request(request)
               ^^^^^^^^^^^^^^^^^^^^^^^^^^^^^^^^^^^^^^^^^^^^^
  File "C:\my_ai_team\.venv\Lib\site-packages\httpx\_transports\default.py", line 393, in handle_async_request
    with map_httpcore_exceptions():
         ~~~~~~~~~~~~~~~~~~~~~~~^^
  File "C:\Users\Sai kiran\AppData\Local\Programs\Python\Python314\Lib\contextlib.py", line 162, in __exit__
    self.gen.throw(value)
    ~~~~~~~~~~~~~~^^^^^^^
  File "C:\my_ai_team\.venv\Lib\site-packages\httpx\_transports\default.py", line 118, in map_httpcore_exceptions
    raise mapped_exc(message) from exc
httpx.ConnectError: [Errno 11001] getaddrinfo failed

The above exception was the direct cause of the following exception:

Traceback (most recent call last):
  File "C:\my_ai_team\.venv\Lib\site-packages\telegram\ext\_utils\networkloop.py", line 161, in network_retry_loop
    await do_action()
  File "C:\my_ai_team\.venv\Lib\site-packages\telegram\ext\_utils\networkloop.py", line 154, in do_action
    action_cb_task.result()
    ~~~~~~~~~~~~~~~~~~~~~^^
  File "C:\my_ai_team\.venv\Lib\site-packages\telegram\ext\_updater.py", line 340, in polling_action_cb
    updates = await self.bot.get_updates(
              ^^^^^^^^^^^^^^^^^^^^^^^^^^^
    ...<3 lines>...
    )
    ^
  File "C:\my_ai_team\.venv\Lib\site-packages\telegram\ext\_extbot.py", line 672, in get_updates
    updates = await super().get_updates(
              ^^^^^^^^^^^^^^^^^^^^^^^^^^
    ...<9 lines>...
    )
    ^
  File "C:\my_ai_team\.venv\Lib\site-packages\telegram\_bot.py", line 4865, in get_updates
    await self._post(
    ^^^^^^^^^^^^^^^^^
    ...<7 lines>...
    ),
    ^
  File "C:\my_ai_team\.venv\Lib\site-packages\telegram\_bot.py", line 704, in _post
    return await self._do_post(
           ^^^^^^^^^^^^^^^^^^^^
    ...<6 lines>...
    )
    ^
  File "C:\my_ai_team\.venv\Lib\site-packages\telegram\ext\_extbot.py", line 370, in _do_post
    return await super()._do_post(
           ^^^^^^^^^^^^^^^^^^^^^^^
    ...<6 lines>...
    )
    ^
  File "C:\my_ai_team\.venv\Lib\site-packages\telegram\_bot.py", line 733, in _do_post
    result = await request.post(
             ^^^^^^^^^^^^^^^^^^^
    ...<6 lines>...
    )
    ^
  File "C:\my_ai_team\.venv\Lib\site-packages\telegram\request\_baserequest.py", line 198, in post
    result = await self._request_wrapper(
             ^^^^^^^^^^^^^^^^^^^^^^^^^^^^
    ...<7 lines>...
    )
    ^
  File "C:\my_ai_team\.venv\Lib\site-packages\telegram\request\_baserequest.py", line 305, in _request_wrapper
    code, payload = await self.do_request(
                    ^^^^^^^^^^^^^^^^^^^^^^
    ...<7 lines>...
    )
    ^
  File "C:\my_ai_team\.venv\Lib\site-packages\telegram\request\_httpxrequest.py", line 303, in do_request
    raise NetworkError(f"httpx.{err.__class__.__name__}: {err}") from err
telegram.error.NetworkError: httpx.ConnectError: [Errno 11001] getaddrinfo failed
2026-06-14 20:25:37,503 [ERROR] telegram.ext.Application: No error handlers are registered, logging exception.
Traceback (most recent call last):
  File "C:\my_ai_team\.venv\Lib\site-packages\httpx\_transports\default.py", line 101, in map_httpcore_exceptions
    yield
  File "C:\my_ai_team\.venv\Lib\site-packages\httpx\_transports\default.py", line 394, in handle_async_request
    resp = await self._pool.handle_async_request(req)
           ^^^^^^^^^^^^^^^^^^^^^^^^^^^^^^^^^^^^^^^^^^
  File "C:\my_ai_team\.venv\Lib\site-packages\httpcore\_async\connection_pool.py", line 256, in handle_async_request
    raise exc from None
  File "C:\my_ai_team\.venv\Lib\site-packages\httpcore\_async\connection_pool.py", line 236, in handle_async_request
    response = await connection.handle_async_request(
               ^^^^^^^^^^^^^^^^^^^^^^^^^^^^^^^^^^^^^^
        pool_request.request
        ^^^^^^^^^^^^^^^^^^^^
    )
    ^
  File "C:\my_ai_team\.venv\Lib\site-packages\httpcore\_async\connection.py", line 101, in handle_async_request
    raise exc
  File "C:\my_ai_team\.venv\Lib\site-packages\httpcore\_async\connection.py", line 78, in handle_async_request
    stream = await self._connect(request)
             ^^^^^^^^^^^^^^^^^^^^^^^^^^^^
  File "C:\my_ai_team\.venv\Lib\site-packages\httpcore\_async\connection.py", line 124, in _connect
    stream = await self._network_backend.connect_tcp(**kwargs)
             ^^^^^^^^^^^^^^^^^^^^^^^^^^^^^^^^^^^^^^^^^^^^^^^^^
  File "C:\my_ai_team\.venv\Lib\site-packages\httpcore\_backends\auto.py", line 31, in connect_tcp
    return await self._backend.connect_tcp(
           ^^^^^^^^^^^^^^^^^^^^^^^^^^^^^^^^
    ...<5 lines>...
    )
    ^
  File "C:\my_ai_team\.venv\Lib\site-packages\httpcore\_backends\anyio.py", line 113, in connect_tcp
    with map_exceptions(exc_map):
         ~~~~~~~~~~~~~~^^^^^^^^^
  File "C:\Users\Sai kiran\AppData\Local\Programs\Python\Python314\Lib\contextlib.py", line 162, in __exit__
    self.gen.throw(value)
    ~~~~~~~~~~~~~~^^^^^^^
  File "C:\my_ai_team\.venv\Lib\site-packages\httpcore\_exceptions.py", line 14, in map_exceptions
    raise to_exc(exc) from exc
httpcore.ConnectError: [Errno 11001] getaddrinfo failed

The above exception was the direct cause of the following exception:

Traceback (most recent call last):
  File "C:\my_ai_team\.venv\Lib\site-packages\telegram\request\_httpxrequest.py", line 279, in do_request
    res = await self._client.request(
          ^^^^^^^^^^^^^^^^^^^^^^^^^^^
    ...<6 lines>...
    )
    ^
  File "C:\my_ai_team\.venv\Lib\site-packages\httpx\_client.py", line 1540, in request
    return await self.send(request, auth=auth, follow_redirects=follow_redirects)
           ^^^^^^^^^^^^^^^^^^^^^^^^^^^^^^^^^^^^^^^^^^^^^^^^^^^^^^^^^^^^^^^^^^^^^^
  File "C:\my_ai_team\.venv\Lib\site-packages\httpx\_client.py", line 1629, in send
    response = await self._send_handling_auth(
               ^^^^^^^^^^^^^^^^^^^^^^^^^^^^^^^
    ...<4 lines>...
    )
    ^
  File "C:\my_ai_team\.venv\Lib\site-packages\httpx\_client.py", line 1657, in _send_handling_auth
    response = await self._send_handling_redirects(
               ^^^^^^^^^^^^^^^^^^^^^^^^^^^^^^^^^^^^
    ...<3 lines>...
    )
    ^
  File "C:\my_ai_team\.venv\Lib\site-packages\httpx\_client.py", line 1694, in _send_handling_redirects
    response = await self._send_single_request(request)
               ^^^^^^^^^^^^^^^^^^^^^^^^^^^^^^^^^^^^^^^^
  File "C:\my_ai_team\.venv\Lib\site-packages\httpx\_client.py", line 1730, in _send_single_request
    response = await transport.handle_async_request(request)
               ^^^^^^^^^^^^^^^^^^^^^^^^^^^^^^^^^^^^^^^^^^^^^
  File "C:\my_ai_team\.venv\Lib\site-packages\httpx\_transports\default.py", line 393, in handle_async_request
    with map_httpcore_exceptions():
         ~~~~~~~~~~~~~~~~~~~~~~~^^
  File "C:\Users\Sai kiran\AppData\Local\Programs\Python\Python314\Lib\contextlib.py", line 162, in __exit__
    self.gen.throw(value)
    ~~~~~~~~~~~~~~^^^^^^^
  File "C:\my_ai_team\.venv\Lib\site-packages\httpx\_transports\default.py", line 118, in map_httpcore_exceptions
    raise mapped_exc(message) from exc
httpx.ConnectError: [Errno 11001] getaddrinfo failed

The above exception was the direct cause of the following exception:

Traceback (most recent call last):
  File "C:\my_ai_team\.venv\Lib\site-packages\telegram\ext\_utils\networkloop.py", line 161, in network_retry_loop
    await do_action()
  File "C:\my_ai_team\.venv\Lib\site-packages\telegram\ext\_utils\networkloop.py", line 154, in do_action
    action_cb_task.result()
    ~~~~~~~~~~~~~~~~~~~~~^^
  File "C:\my_ai_team\.venv\Lib\site-packages\telegram\ext\_updater.py", line 340, in polling_action_cb
    updates = await self.bot.get_updates(
              ^^^^^^^^^^^^^^^^^^^^^^^^^^^
    ...<3 lines>...
    )
    ^
  File "C:\my_ai_team\.venv\Lib\site-packages\telegram\ext\_extbot.py", line 672, in get_updates
    updates = await super().get_updates(
              ^^^^^^^^^^^^^^^^^^^^^^^^^^
    ...<9 lines>...
    )
    ^
  File "C:\my_ai_team\.venv\Lib\site-packages\telegram\_bot.py", line 4865, in get_updates
    await self._post(
    ^^^^^^^^^^^^^^^^^
    ...<7 lines>...
    ),
    ^
  File "C:\my_ai_team\.venv\Lib\site-packages\telegram\_bot.py", line 704, in _post
    return await self._do_post(
           ^^^^^^^^^^^^^^^^^^^^
    ...<6 lines>...
    )
    ^
  File "C:\my_ai_team\.venv\Lib\site-packages\telegram\ext\_extbot.py", line 370, in _do_post
    return await super()._do_post(
           ^^^^^^^^^^^^^^^^^^^^^^^
    ...<6 lines>...
    )
    ^
  File "C:\my_ai_team\.venv\Lib\site-packages\telegram\_bot.py", line 733, in _do_post
    result = await request.post(
             ^^^^^^^^^^^^^^^^^^^
    ...<6 lines>...
    )
    ^
  File "C:\my_ai_team\.venv\Lib\site-packages\telegram\request\_baserequest.py", line 198, in post
    result = await self._request_wrapper(
             ^^^^^^^^^^^^^^^^^^^^^^^^^^^^
    ...<7 lines>...
    )
    ^
  File "C:\my_ai_team\.venv\Lib\site-packages\telegram\request\_baserequest.py", line 305, in _request_wrapper
    code, payload = await self.do_request(
                    ^^^^^^^^^^^^^^^^^^^^^^
    ...<7 lines>...
    )
    ^
  File "C:\my_ai_team\.venv\Lib\site-packages\telegram\request\_httpxrequest.py", line 303, in do_request
    raise NetworkError(f"httpx.{err.__class__.__name__}: {err}") from err
telegram.error.NetworkError: httpx.ConnectError: [Errno 11001] getaddrinfo failed
2026-06-14 20:25:42,777 [ERROR] telegram.ext.Application: No error handlers are registered, logging exception.
Traceback (most recent call last):
  File "C:\my_ai_team\.venv\Lib\site-packages\httpx\_transports\default.py", line 101, in map_httpcore_exceptions
    yield
  File "C:\my_ai_team\.venv\Lib\site-packages\httpx\_transports\default.py", line 394, in handle_async_request
    resp = await self._pool.handle_async_request(req)
           ^^^^^^^^^^^^^^^^^^^^^^^^^^^^^^^^^^^^^^^^^^
  File "C:\my_ai_team\.venv\Lib\site-packages\httpcore\_async\connection_pool.py", line 256, in handle_async_request
    raise exc from None
  File "C:\my_ai_team\.venv\Lib\site-packages\httpcore\_async\connection_pool.py", line 236, in handle_async_request
    response = await connection.handle_async_request(
               ^^^^^^^^^^^^^^^^^^^^^^^^^^^^^^^^^^^^^^
        pool_request.request
        ^^^^^^^^^^^^^^^^^^^^
    )
    ^
  File "C:\my_ai_team\.venv\Lib\site-packages\httpcore\_async\connection.py", line 101, in handle_async_request
    raise exc
  File "C:\my_ai_team\.venv\Lib\site-packages\httpcore\_async\connection.py", line 78, in handle_async_request
    stream = await self._connect(request)
             ^^^^^^^^^^^^^^^^^^^^^^^^^^^^
  File "C:\my_ai_team\.venv\Lib\site-packages\httpcore\_async\connection.py", line 124, in _connect
    stream = await self._network_backend.connect_tcp(**kwargs)
             ^^^^^^^^^^^^^^^^^^^^^^^^^^^^^^^^^^^^^^^^^^^^^^^^^
  File "C:\my_ai_team\.venv\Lib\site-packages\httpcore\_backends\auto.py", line 31, in connect_tcp
    return await self._backend.connect_tcp(
           ^^^^^^^^^^^^^^^^^^^^^^^^^^^^^^^^
    ...<5 lines>...
    )
    ^
  File "C:\my_ai_team\.venv\Lib\site-packages\httpcore\_backends\anyio.py", line 113, in connect_tcp
    with map_exceptions(exc_map):
         ~~~~~~~~~~~~~~^^^^^^^^^
  File "C:\Users\Sai kiran\AppData\Local\Programs\Python\Python314\Lib\contextlib.py", line 162, in __exit__
    self.gen.throw(value)
    ~~~~~~~~~~~~~~^^^^^^^
  File "C:\my_ai_team\.venv\Lib\site-packages\httpcore\_exceptions.py", line 14, in map_exceptions
    raise to_exc(exc) from exc
httpcore.ConnectError: [Errno 11001] getaddrinfo failed

The above exception was the direct cause of the following exception:

Traceback (most recent call last):
  File "C:\my_ai_team\.venv\Lib\site-packages\telegram\request\_httpxrequest.py", line 279, in do_request
    res = await self._client.request(
          ^^^^^^^^^^^^^^^^^^^^^^^^^^^
    ...<6 lines>...
    )
    ^
  File "C:\my_ai_team\.venv\Lib\site-packages\httpx\_client.py", line 1540, in request
    return await self.send(request, auth=auth, follow_redirects=follow_redirects)
           ^^^^^^^^^^^^^^^^^^^^^^^^^^^^^^^^^^^^^^^^^^^^^^^^^^^^^^^^^^^^^^^^^^^^^^
  File "C:\my_ai_team\.venv\Lib\site-packages\httpx\_client.py", line 1629, in send
    response = await self._send_handling_auth(
               ^^^^^^^^^^^^^^^^^^^^^^^^^^^^^^^
    ...<4 lines>...
    )
    ^
  File "C:\my_ai_team\.venv\Lib\site-packages\httpx\_client.py", line 1657, in _send_handling_auth
    response = await self._send_handling_redirects(
               ^^^^^^^^^^^^^^^^^^^^^^^^^^^^^^^^^^^^
    ...<3 lines>...
    )
    ^
  File "C:\my_ai_team\.venv\Lib\site-packages\httpx\_client.py", line 1694, in _send_handling_redirects
    response = await self._send_single_request(request)
               ^^^^^^^^^^^^^^^^^^^^^^^^^^^^^^^^^^^^^^^^
  File "C:\my_ai_team\.venv\Lib\site-packages\httpx\_client.py", line 1730, in _send_single_request
    response = await transport.handle_async_request(request)
               ^^^^^^^^^^^^^^^^^^^^^^^^^^^^^^^^^^^^^^^^^^^^^
  File "C:\my_ai_team\.venv\Lib\site-packages\httpx\_transports\default.py", line 393, in handle_async_request
    with map_httpcore_exceptions():
         ~~~~~~~~~~~~~~~~~~~~~~~^^
  File "C:\Users\Sai kiran\AppData\Local\Programs\Python\Python314\Lib\contextlib.py", line 162, in __exit__
    self.gen.throw(value)
    ~~~~~~~~~~~~~~^^^^^^^
  File "C:\my_ai_team\.venv\Lib\site-packages\httpx\_transports\default.py", line 118, in map_httpcore_exceptions
    raise mapped_exc(message) from exc
httpx.ConnectError: [Errno 11001] getaddrinfo failed

The above exception was the direct cause of the following exception:

Traceback (most recent call last):
  File "C:\my_ai_team\.venv\Lib\site-packages\telegram\ext\_utils\networkloop.py", line 161, in network_retry_loop
    await do_action()
  File "C:\my_ai_team\.venv\Lib\site-packages\telegram\ext\_utils\networkloop.py", line 154, in do_action
    action_cb_task.result()
    ~~~~~~~~~~~~~~~~~~~~~^^
  File "C:\my_ai_team\.venv\Lib\site-packages\telegram\ext\_updater.py", line 340, in polling_action_cb
    updates = await self.bot.get_updates(
              ^^^^^^^^^^^^^^^^^^^^^^^^^^^
    ...<3 lines>...
    )
    ^
  File "C:\my_ai_team\.venv\Lib\site-packages\telegram\ext\_extbot.py", line 672, in get_updates
    updates = await super().get_updates(
              ^^^^^^^^^^^^^^^^^^^^^^^^^^
    ...<9 lines>...
    )
    ^
  File "C:\my_ai_team\.venv\Lib\site-packages\telegram\_bot.py", line 4865, in get_updates
    await self._post(
    ^^^^^^^^^^^^^^^^^
    ...<7 lines>...
    ),
    ^
  File "C:\my_ai_team\.venv\Lib\site-packages\telegram\_bot.py", line 704, in _post
    return await self._do_post(
           ^^^^^^^^^^^^^^^^^^^^
    ...<6 lines>...
    )
    ^
  File "C:\my_ai_team\.venv\Lib\site-packages\telegram\ext\_extbot.py", line 370, in _do_post
    return await super()._do_post(
           ^^^^^^^^^^^^^^^^^^^^^^^
    ...<6 lines>...
    )
    ^
  File "C:\my_ai_team\.venv\Lib\site-packages\telegram\_bot.py", line 733, in _do_post
    result = await request.post(
             ^^^^^^^^^^^^^^^^^^^
    ...<6 lines>...
    )
    ^
  File "C:\my_ai_team\.venv\Lib\site-packages\telegram\request\_baserequest.py", line 198, in post
    result = await self._request_wrapper(
             ^^^^^^^^^^^^^^^^^^^^^^^^^^^^
    ...<7 lines>...
    )
    ^
  File "C:\my_ai_team\.venv\Lib\site-packages\telegram\request\_baserequest.py", line 305, in _request_wrapper
    code, payload = await self.do_request(
                    ^^^^^^^^^^^^^^^^^^^^^^
    ...<7 lines>...
    )
    ^
  File "C:\my_ai_team\.venv\Lib\site-packages\telegram\request\_httpxrequest.py", line 303, in do_request
    raise NetworkError(f"httpx.{err.__class__.__name__}: {err}") from err
telegram.error.NetworkError: httpx.ConnectError: [Errno 11001] getaddrinfo failed
2026-06-14 20:25:50,557 [ERROR] telegram.ext.Application: No error handlers are registered, logging exception.
Traceback (most recent call last):
  File "C:\my_ai_team\.venv\Lib\site-packages\httpx\_transports\default.py", line 101, in map_httpcore_exceptions
    yield
  File "C:\my_ai_team\.venv\Lib\site-packages\httpx\_transports\default.py", line 394, in handle_async_request
    resp = await self._pool.handle_async_request(req)
           ^^^^^^^^^^^^^^^^^^^^^^^^^^^^^^^^^^^^^^^^^^
  File "C:\my_ai_team\.venv\Lib\site-packages\httpcore\_async\connection_pool.py", line 256, in handle_async_request
    raise exc from None
  File "C:\my_ai_team\.venv\Lib\site-packages\httpcore\_async\connection_pool.py", line 236, in handle_async_request
    response = await connection.handle_async_request(
               ^^^^^^^^^^^^^^^^^^^^^^^^^^^^^^^^^^^^^^
        pool_request.request
        ^^^^^^^^^^^^^^^^^^^^
    )
    ^
  File "C:\my_ai_team\.venv\Lib\site-packages\httpcore\_async\connection.py", line 101, in handle_async_request
    raise exc
  File "C:\my_ai_team\.venv\Lib\site-packages\httpcore\_async\connection.py", line 78, in handle_async_request
    stream = await self._connect(request)
             ^^^^^^^^^^^^^^^^^^^^^^^^^^^^
  File "C:\my_ai_team\.venv\Lib\site-packages\httpcore\_async\connection.py", line 124, in _connect
    stream = await self._network_backend.connect_tcp(**kwargs)
             ^^^^^^^^^^^^^^^^^^^^^^^^^^^^^^^^^^^^^^^^^^^^^^^^^
  File "C:\my_ai_team\.venv\Lib\site-packages\httpcore\_backends\auto.py", line 31, in connect_tcp
    return await self._backend.connect_tcp(
           ^^^^^^^^^^^^^^^^^^^^^^^^^^^^^^^^
    ...<5 lines>...
    )
    ^
  File "C:\my_ai_team\.venv\Lib\site-packages\httpcore\_backends\anyio.py", line 113, in connect_tcp
    with map_exceptions(exc_map):
         ~~~~~~~~~~~~~~^^^^^^^^^
  File "C:\Users\Sai kiran\AppData\Local\Programs\Python\Python314\Lib\contextlib.py", line 162, in __exit__
    self.gen.throw(value)
    ~~~~~~~~~~~~~~^^^^^^^
  File "C:\my_ai_team\.venv\Lib\site-packages\httpcore\_exceptions.py", line 14, in map_exceptions
    raise to_exc(exc) from exc
httpcore.ConnectError: [Errno 11001] getaddrinfo failed

The above exception was the direct cause of the following exception:

Traceback (most recent call last):
  File "C:\my_ai_team\.venv\Lib\site-packages\telegram\request\_httpxrequest.py", line 279, in do_request
    res = await self._client.request(
          ^^^^^^^^^^^^^^^^^^^^^^^^^^^
    ...<6 lines>...
    )
    ^
  File "C:\my_ai_team\.venv\Lib\site-packages\httpx\_client.py", line 1540, in request
    return await self.send(request, auth=auth, follow_redirects=follow_redirects)
           ^^^^^^^^^^^^^^^^^^^^^^^^^^^^^^^^^^^^^^^^^^^^^^^^^^^^^^^^^^^^^^^^^^^^^^
  File "C:\my_ai_team\.venv\Lib\site-packages\httpx\_client.py", line 1629, in send
    response = await self._send_handling_auth(
               ^^^^^^^^^^^^^^^^^^^^^^^^^^^^^^^
    ...<4 lines>...
    )
    ^
  File "C:\my_ai_team\.venv\Lib\site-packages\httpx\_client.py", line 1657, in _send_handling_auth
    response = await self._send_handling_redirects(
               ^^^^^^^^^^^^^^^^^^^^^^^^^^^^^^^^^^^^
    ...<3 lines>...
    )
    ^
  File "C:\my_ai_team\.venv\Lib\site-packages\httpx\_client.py", line 1694, in _send_handling_redirects
    response = await self._send_single_request(request)
               ^^^^^^^^^^^^^^^^^^^^^^^^^^^^^^^^^^^^^^^^
  File "C:\my_ai_team\.venv\Lib\site-packages\httpx\_client.py", line 1730, in _send_single_request
    response = await transport.handle_async_request(request)
               ^^^^^^^^^^^^^^^^^^^^^^^^^^^^^^^^^^^^^^^^^^^^^
  File "C:\my_ai_team\.venv\Lib\site-packages\httpx\_transports\default.py", line 393, in handle_async_request
    with map_httpcore_exceptions():
         ~~~~~~~~~~~~~~~~~~~~~~~^^
  File "C:\Users\Sai kiran\AppData\Local\Programs\Python\Python314\Lib\contextlib.py", line 162, in __exit__
    self.gen.throw(value)
    ~~~~~~~~~~~~~~^^^^^^^
  File "C:\my_ai_team\.venv\Lib\site-packages\httpx\_transports\default.py", line 118, in map_httpcore_exceptions
    raise mapped_exc(message) from exc
httpx.ConnectError: [Errno 11001] getaddrinfo failed

The above exception was the direct cause of the following exception:

Traceback (most recent call last):
  File "C:\my_ai_team\.venv\Lib\site-packages\telegram\ext\_utils\networkloop.py", line 161, in network_retry_loop
    await do_action()
  File "C:\my_ai_team\.venv\Lib\site-packages\telegram\ext\_utils\networkloop.py", line 154, in do_action
    action_cb_task.result()
    ~~~~~~~~~~~~~~~~~~~~~^^
  File "C:\my_ai_team\.venv\Lib\site-packages\telegram\ext\_updater.py", line 340, in polling_action_cb
    updates = await self.bot.get_updates(
              ^^^^^^^^^^^^^^^^^^^^^^^^^^^
    ...<3 lines>...
    )
    ^
  File "C:\my_ai_team\.venv\Lib\site-packages\telegram\ext\_extbot.py", line 672, in get_updates
    updates = await super().get_updates(
              ^^^^^^^^^^^^^^^^^^^^^^^^^^
    ...<9 lines>...
    )
    ^
  File "C:\my_ai_team\.venv\Lib\site-packages\telegram\_bot.py", line 4865, in get_updates
    await self._post(
    ^^^^^^^^^^^^^^^^^
    ...<7 lines>...
    ),
    ^
  File "C:\my_ai_team\.venv\Lib\site-packages\telegram\_bot.py", line 704, in _post
    return await self._do_post(
           ^^^^^^^^^^^^^^^^^^^^
    ...<6 lines>...
    )
    ^
  File "C:\my_ai_team\.venv\Lib\site-packages\telegram\ext\_extbot.py", line 370, in _do_post
    return await super()._do_post(
           ^^^^^^^^^^^^^^^^^^^^^^^
    ...<6 lines>...
    )
    ^
  File "C:\my_ai_team\.venv\Lib\site-packages\telegram\_bot.py", line 733, in _do_post
    result = await request.post(
             ^^^^^^^^^^^^^^^^^^^
    ...<6 lines>...
    )
    ^
  File "C:\my_ai_team\.venv\Lib\site-packages\telegram\request\_baserequest.py", line 198, in post
    result = await self._request_wrapper(
             ^^^^^^^^^^^^^^^^^^^^^^^^^^^^
    ...<7 lines>...
    )
    ^
  File "C:\my_ai_team\.venv\Lib\site-packages\telegram\request\_baserequest.py", line 305, in _request_wrapper
    code, payload = await self.do_request(
                    ^^^^^^^^^^^^^^^^^^^^^^
    ...<7 lines>...
    )
    ^
  File "C:\my_ai_team\.venv\Lib\site-packages\telegram\request\_httpxrequest.py", line 303, in do_request
    raise NetworkError(f"httpx.{err.__class__.__name__}: {err}") from err
telegram.error.NetworkError: httpx.ConnectError: [Errno 11001] getaddrinfo failed
2026-06-14 20:26:01,977 [ERROR] telegram.ext.Application: No error handlers are registered, logging exception.
Traceback (most recent call last):
  File "C:\my_ai_team\.venv\Lib\site-packages\httpx\_transports\default.py", line 101, in map_httpcore_exceptions
    yield
  File "C:\my_ai_team\.venv\Lib\site-packages\httpx\_transports\default.py", line 394, in handle_async_request
    resp = await self._pool.handle_async_request(req)
           ^^^^^^^^^^^^^^^^^^^^^^^^^^^^^^^^^^^^^^^^^^
  File "C:\my_ai_team\.venv\Lib\site-packages\httpcore\_async\connection_pool.py", line 256, in handle_async_request
    raise exc from None
  File "C:\my_ai_team\.venv\Lib\site-packages\httpcore\_async\connection_pool.py", line 236, in handle_async_request
    response = await connection.handle_async_request(
               ^^^^^^^^^^^^^^^^^^^^^^^^^^^^^^^^^^^^^^
        pool_request.request
        ^^^^^^^^^^^^^^^^^^^^
    )
    ^
  File "C:\my_ai_team\.venv\Lib\site-packages\httpcore\_async\connection.py", line 101, in handle_async_request
    raise exc
  File "C:\my_ai_team\.venv\Lib\site-packages\httpcore\_async\connection.py", line 78, in handle_async_request
    stream = await self._connect(request)
             ^^^^^^^^^^^^^^^^^^^^^^^^^^^^
  File "C:\my_ai_team\.venv\Lib\site-packages\httpcore\_async\connection.py", line 124, in _connect
    stream = await self._network_backend.connect_tcp(**kwargs)
             ^^^^^^^^^^^^^^^^^^^^^^^^^^^^^^^^^^^^^^^^^^^^^^^^^
  File "C:\my_ai_team\.venv\Lib\site-packages\httpcore\_backends\auto.py", line 31, in connect_tcp
    return await self._backend.connect_tcp(
           ^^^^^^^^^^^^^^^^^^^^^^^^^^^^^^^^
    ...<5 lines>...
    )
    ^
  File "C:\my_ai_team\.venv\Lib\site-packages\httpcore\_backends\anyio.py", line 113, in connect_tcp
    with map_exceptions(exc_map):
         ~~~~~~~~~~~~~~^^^^^^^^^
  File "C:\Users\Sai kiran\AppData\Local\Programs\Python\Python314\Lib\contextlib.py", line 162, in __exit__
    self.gen.throw(value)
    ~~~~~~~~~~~~~~^^^^^^^
  File "C:\my_ai_team\.venv\Lib\site-packages\httpcore\_exceptions.py", line 14, in map_exceptions
    raise to_exc(exc) from exc
httpcore.ConnectError: [Errno 11001] getaddrinfo failed

The above exception was the direct cause of the following exception:

Traceback (most recent call last):
  File "C:\my_ai_team\.venv\Lib\site-packages\telegram\request\_httpxrequest.py", line 279, in do_request
    res = await self._client.request(
          ^^^^^^^^^^^^^^^^^^^^^^^^^^^
    ...<6 lines>...
    )
    ^
  File "C:\my_ai_team\.venv\Lib\site-packages\httpx\_client.py", line 1540, in request
    return await self.send(request, auth=auth, follow_redirects=follow_redirects)
           ^^^^^^^^^^^^^^^^^^^^^^^^^^^^^^^^^^^^^^^^^^^^^^^^^^^^^^^^^^^^^^^^^^^^^^
  File "C:\my_ai_team\.venv\Lib\site-packages\httpx\_client.py", line 1629, in send
    response = await self._send_handling_auth(
               ^^^^^^^^^^^^^^^^^^^^^^^^^^^^^^^
    ...<4 lines>...
    )
    ^
  File "C:\my_ai_team\.venv\Lib\site-packages\httpx\_client.py", line 1657, in _send_handling_auth
    response = await self._send_handling_redirects(
               ^^^^^^^^^^^^^^^^^^^^^^^^^^^^^^^^^^^^
    ...<3 lines>...
    )
    ^
  File "C:\my_ai_team\.venv\Lib\site-packages\httpx\_client.py", line 1694, in _send_handling_redirects
    response = await self._send_single_request(request)
               ^^^^^^^^^^^^^^^^^^^^^^^^^^^^^^^^^^^^^^^^
  File "C:\my_ai_team\.venv\Lib\site-packages\httpx\_client.py", line 1730, in _send_single_request
    response = await transport.handle_async_request(request)
               ^^^^^^^^^^^^^^^^^^^^^^^^^^^^^^^^^^^^^^^^^^^^^
  File "C:\my_ai_team\.venv\Lib\site-packages\httpx\_transports\default.py", line 393, in handle_async_request
    with map_httpcore_exceptions():
         ~~~~~~~~~~~~~~~~~~~~~~~^^
  File "C:\Users\Sai kiran\AppData\Local\Programs\Python\Python314\Lib\contextlib.py", line 162, in __exit__
    self.gen.throw(value)
    ~~~~~~~~~~~~~~^^^^^^^
  File "C:\my_ai_team\.venv\Lib\site-packages\httpx\_transports\default.py", line 118, in map_httpcore_exceptions
    raise mapped_exc(message) from exc
httpx.ConnectError: [Errno 11001] getaddrinfo failed

The above exception was the direct cause of the following exception:

Traceback (most recent call last):
  File "C:\my_ai_team\.venv\Lib\site-packages\telegram\ext\_utils\networkloop.py", line 161, in network_retry_loop
    await do_action()
  File "C:\my_ai_team\.venv\Lib\site-packages\telegram\ext\_utils\networkloop.py", line 154, in do_action
    action_cb_task.result()
    ~~~~~~~~~~~~~~~~~~~~~^^
  File "C:\my_ai_team\.venv\Lib\site-packages\telegram\ext\_updater.py", line 340, in polling_action_cb
    updates = await self.bot.get_updates(
              ^^^^^^^^^^^^^^^^^^^^^^^^^^^
    ...<3 lines>...
    )
    ^
  File "C:\my_ai_team\.venv\Lib\site-packages\telegram\ext\_extbot.py", line 672, in get_updates
    updates = await super().get_updates(
              ^^^^^^^^^^^^^^^^^^^^^^^^^^
    ...<9 lines>...
    )
    ^
  File "C:\my_ai_team\.venv\Lib\site-packages\telegram\_bot.py", line 4865, in get_updates
    await self._post(
    ^^^^^^^^^^^^^^^^^
    ...<7 lines>...
    ),
    ^
  File "C:\my_ai_team\.venv\Lib\site-packages\telegram\_bot.py", line 704, in _post
    return await self._do_post(
           ^^^^^^^^^^^^^^^^^^^^
    ...<6 lines>...
    )
    ^
  File "C:\my_ai_team\.venv\Lib\site-packages\telegram\ext\_extbot.py", line 370, in _do_post
    return await super()._do_post(
           ^^^^^^^^^^^^^^^^^^^^^^^
    ...<6 lines>...
    )
    ^
  File "C:\my_ai_team\.venv\Lib\site-packages\telegram\_bot.py", line 733, in _do_post
    result = await request.post(
             ^^^^^^^^^^^^^^^^^^^
    ...<6 lines>...
    )
    ^
  File "C:\my_ai_team\.venv\Lib\site-packages\telegram\request\_baserequest.py", line 198, in post
    result = await self._request_wrapper(
             ^^^^^^^^^^^^^^^^^^^^^^^^^^^^
    ...<7 lines>...
    )
    ^
  File "C:\my_ai_team\.venv\Lib\site-packages\telegram\request\_baserequest.py", line 305, in _request_wrapper
    code, payload = await self.do_request(
                    ^^^^^^^^^^^^^^^^^^^^^^
    ...<7 lines>...
    )
    ^
  File "C:\my_ai_team\.venv\Lib\site-packages\telegram\request\_httpxrequest.py", line 303, in do_request
    raise NetworkError(f"httpx.{err.__class__.__name__}: {err}") from err
telegram.error.NetworkError: httpx.ConnectError: [Errno 11001] getaddrinfo failed
2026-06-14 20:26:24,452 [ERROR] telegram.ext.Application: No error handlers are registered, logging exception.
Traceback (most recent call last):
  File "C:\my_ai_team\.venv\Lib\site-packages\httpx\_transports\default.py", line 101, in map_httpcore_exceptions
    yield
  File "C:\my_ai_team\.venv\Lib\site-packages\httpx\_transports\default.py", line 394, in handle_async_request
    resp = await self._pool.handle_async_request(req)
           ^^^^^^^^^^^^^^^^^^^^^^^^^^^^^^^^^^^^^^^^^^
  File "C:\my_ai_team\.venv\Lib\site-packages\httpcore\_async\connection_pool.py", line 256, in handle_async_request
    raise exc from None
  File "C:\my_ai_team\.venv\Lib\site-packages\httpcore\_async\connection_pool.py", line 236, in handle_async_request
    response = await connection.handle_async_request(
               ^^^^^^^^^^^^^^^^^^^^^^^^^^^^^^^^^^^^^^
        pool_request.request
        ^^^^^^^^^^^^^^^^^^^^
    )
    ^
  File "C:\my_ai_team\.venv\Lib\site-packages\httpcore\_async\connection.py", line 101, in handle_async_request
    raise exc
  File "C:\my_ai_team\.venv\Lib\site-packages\httpcore\_async\connection.py", line 78, in handle_async_request
    stream = await self._connect(request)
             ^^^^^^^^^^^^^^^^^^^^^^^^^^^^
  File "C:\my_ai_team\.venv\Lib\site-packages\httpcore\_async\connection.py", line 124, in _connect
    stream = await self._network_backend.connect_tcp(**kwargs)
             ^^^^^^^^^^^^^^^^^^^^^^^^^^^^^^^^^^^^^^^^^^^^^^^^^
  File "C:\my_ai_team\.venv\Lib\site-packages\httpcore\_backends\auto.py", line 31, in connect_tcp
    return await self._backend.connect_tcp(
           ^^^^^^^^^^^^^^^^^^^^^^^^^^^^^^^^
    ...<5 lines>...
    )
    ^
  File "C:\my_ai_team\.venv\Lib\site-packages\httpcore\_backends\anyio.py", line 113, in connect_tcp
    with map_exceptions(exc_map):
         ~~~~~~~~~~~~~~^^^^^^^^^
  File "C:\Users\Sai kiran\AppData\Local\Programs\Python\Python314\Lib\contextlib.py", line 162, in __exit__
    self.gen.throw(value)
    ~~~~~~~~~~~~~~^^^^^^^
  File "C:\my_ai_team\.venv\Lib\site-packages\httpcore\_exceptions.py", line 14, in map_exceptions
    raise to_exc(exc) from exc
httpcore.ConnectError: All connection attempts failed

The above exception was the direct cause of the following exception:

Traceback (most recent call last):
  File "C:\my_ai_team\.venv\Lib\site-packages\telegram\request\_httpxrequest.py", line 279, in do_request
    res = await self._client.request(
          ^^^^^^^^^^^^^^^^^^^^^^^^^^^
    ...<6 lines>...
    )
    ^
  File "C:\my_ai_team\.venv\Lib\site-packages\httpx\_client.py", line 1540, in request
    return await self.send(request, auth=auth, follow_redirects=follow_redirects)
           ^^^^^^^^^^^^^^^^^^^^^^^^^^^^^^^^^^^^^^^^^^^^^^^^^^^^^^^^^^^^^^^^^^^^^^
  File "C:\my_ai_team\.venv\Lib\site-packages\httpx\_client.py", line 1629, in send
    response = await self._send_handling_auth(
               ^^^^^^^^^^^^^^^^^^^^^^^^^^^^^^^
    ...<4 lines>...
    )
    ^
  File "C:\my_ai_team\.venv\Lib\site-packages\httpx\_client.py", line 1657, in _send_handling_auth
    response = await self._send_handling_redirects(
               ^^^^^^^^^^^^^^^^^^^^^^^^^^^^^^^^^^^^
    ...<3 lines>...
    )
    ^
  File "C:\my_ai_team\.venv\Lib\site-packages\httpx\_client.py", line 1694, in _send_handling_redirects
    response = await self._send_single_request(request)
               ^^^^^^^^^^^^^^^^^^^^^^^^^^^^^^^^^^^^^^^^
  File "C:\my_ai_team\.venv\Lib\site-packages\httpx\_client.py", line 1730, in _send_single_request
    response = await transport.handle_async_request(request)
               ^^^^^^^^^^^^^^^^^^^^^^^^^^^^^^^^^^^^^^^^^^^^^
  File "C:\my_ai_team\.venv\Lib\site-packages\httpx\_transports\default.py", line 393, in handle_async_request
    with map_httpcore_exceptions():
         ~~~~~~~~~~~~~~~~~~~~~~~^^
  File "C:\Users\Sai kiran\AppData\Local\Programs\Python\Python314\Lib\contextlib.py", line 162, in __exit__
    self.gen.throw(value)
    ~~~~~~~~~~~~~~^^^^^^^
  File "C:\my_ai_team\.venv\Lib\site-packages\httpx\_transports\default.py", line 118, in map_httpcore_exceptions
    raise mapped_exc(message) from exc
httpx.ConnectError: All connection attempts failed

The above exception was the direct cause of the following exception:

Traceback (most recent call last):
  File "C:\my_ai_team\.venv\Lib\site-packages\telegram\ext\_utils\networkloop.py", line 161, in network_retry_loop
    await do_action()
  File "C:\my_ai_team\.venv\Lib\site-packages\telegram\ext\_utils\networkloop.py", line 154, in do_action
    action_cb_task.result()
    ~~~~~~~~~~~~~~~~~~~~~^^
  File "C:\my_ai_team\.venv\Lib\site-packages\telegram\ext\_updater.py", line 340, in polling_action_cb
    updates = await self.bot.get_updates(
              ^^^^^^^^^^^^^^^^^^^^^^^^^^^
    ...<3 lines>...
    )
    ^
  File "C:\my_ai_team\.venv\Lib\site-packages\telegram\ext\_extbot.py", line 672, in get_updates
    updates = await super().get_updates(
              ^^^^^^^^^^^^^^^^^^^^^^^^^^
    ...<9 lines>...
    )
    ^
  File "C:\my_ai_team\.venv\Lib\site-packages\telegram\_bot.py", line 4865, in get_updates
    await self._post(
    ^^^^^^^^^^^^^^^^^
    ...<7 lines>...
    ),
    ^
  File "C:\my_ai_team\.venv\Lib\site-packages\telegram\_bot.py", line 704, in _post
    return await self._do_post(
           ^^^^^^^^^^^^^^^^^^^^
    ...<6 lines>...
    )
    ^
  File "C:\my_ai_team\.venv\Lib\site-packages\telegram\ext\_extbot.py", line 370, in _do_post
    return await super()._do_post(
           ^^^^^^^^^^^^^^^^^^^^^^^
    ...<6 lines>...
    )
    ^
  File "C:\my_ai_team\.venv\Lib\site-packages\telegram\_bot.py", line 733, in _do_post
    result = await request.post(
             ^^^^^^^^^^^^^^^^^^^
    ...<6 lines>...
    )
    ^
  File "C:\my_ai_team\.venv\Lib\site-packages\telegram\request\_baserequest.py", line 198, in post
    result = await self._request_wrapper(
             ^^^^^^^^^^^^^^^^^^^^^^^^^^^^
    ...<7 lines>...
    )
    ^
  File "C:\my_ai_team\.venv\Lib\site-packages\telegram\request\_baserequest.py", line 305, in _request_wrapper
    code, payload = await self.do_request(
                    ^^^^^^^^^^^^^^^^^^^^^^
    ...<7 lines>...
    )
    ^
  File "C:\my_ai_team\.venv\Lib\site-packages\telegram\request\_httpxrequest.py", line 303, in do_request
    raise NetworkError(f"httpx.{err.__class__.__name__}: {err}") from err
telegram.error.NetworkError: httpx.ConnectError: All connection attempts failed
2026-06-14 20:28:27,852 [INFO] sentence_transformers.base.model: No device provided, using cpu
2026-06-14 20:28:33,222 [INFO] sentence_transformers.base.model: No modules.json found for cross-encoder/ms-marco-MiniLM-L-6-v2, initializing a new CrossEncoder model.
2026-06-14 20:30:34,537 [INFO] httpx: HTTP Request: POST http://localhost:11434/api/embed "HTTP/1.1 200 OK"
2026-06-14 20:30:39,289 [INFO] httpx: HTTP Request: POST http://localhost:11434/api/embed "HTTP/1.1 200 OK"
2026-06-14 20:30:52,601 [INFO] httpx: HTTP Request: POST https://api.telegram.org/bot8677091828:AAF6Tsxq2JYSEX6EM8mPQFS_LUyStnHGXRE/getUpdates "HTTP/1.1 200 OK"
2026-06-14 20:31:02,861 [INFO] httpx: HTTP Request: POST https://api.telegram.org/bot8677091828:AAF6Tsxq2JYSEX6EM8mPQFS_LUyStnHGXRE/getUpdates "HTTP/1.1 200 OK"
2026-06-14 20:31:07,066 [INFO] apscheduler.executors.default: Running job "run_pending_scheduled_tasks (trigger: interval[0:15:00], next run at: 2026-06-14 20:46:07 IST)" (scheduled at 2026-06-14 20:31:07.048243+05:30)
2026-06-14 20:31:07,070 [INFO] apscheduler.executors.default: Job "run_pending_scheduled_tasks (trigger: interval[0:15:00], next run at: 2026-06-14 20:46:07 IST)" executed successfully
2026-06-14 20:31:30,919 [INFO] httpx: HTTP Request: POST https://api.telegram.org/bot8677091828:AAF6Tsxq2JYSEX6EM8mPQFS_LUyStnHGXRE/getUpdates "HTTP/1.1 200 OK"
2026-06-14 20:31:41,400 [INFO] httpx: HTTP Request: POST https://api.telegram.org/bot8677091828:AAF6Tsxq2JYSEX6EM8mPQFS_LUyStnHGXRE/getUpdates "HTTP/1.1 200 OK"
2026-06-14 20:31:51,664 [INFO] httpx: HTTP Request: POST https://api.telegram.org/bot8677091828:AAF6Tsxq2JYSEX6EM8mPQFS_LUyStnHGXRE/getUpdates "HTTP/1.1 200 OK"
2026-06-14 20:32:02,290 [INFO] httpx: HTTP Request: POST https://api.telegram.org/bot8677091828:AAF6Tsxq2JYSEX6EM8mPQFS_LUyStnHGXRE/getUpdates "HTTP/1.1 200 OK"
2026-06-14 20:32:12,704 [INFO] httpx: HTTP Request: POST https://api.telegram.org/bot8677091828:AAF6Tsxq2JYSEX6EM8mPQFS_LUyStnHGXRE/getUpdates "HTTP/1.1 200 OK"
2026-06-14 20:32:23,570 [INFO] httpx: HTTP Request: POST https://api.telegram.org/bot8677091828:AAF6Tsxq2JYSEX6EM8mPQFS_LUyStnHGXRE/getUpdates "HTTP/1.1 200 OK"
2026-06-14 20:32:34,892 [INFO] httpx: HTTP Request: POST https://api.telegram.org/bot8677091828:AAF6Tsxq2JYSEX6EM8mPQFS_LUyStnHGXRE/getUpdates "HTTP/1.1 200 OK"
2026-06-14 20:32:45,227 [INFO] httpx: HTTP Request: POST https://api.telegram.org/bot8677091828:AAF6Tsxq2JYSEX6EM8mPQFS_LUyStnHGXRE/getUpdates "HTTP/1.1 200 OK"
2026-06-14 20:32:56,296 [INFO] httpx: HTTP Request: POST https://api.telegram.org/bot8677091828:AAF6Tsxq2JYSEX6EM8mPQFS_LUyStnHGXRE/getUpdates "HTTP/1.1 200 OK"
2026-06-14 20:33:06,567 [INFO] httpx: HTTP Request: POST https://api.telegram.org/bot8677091828:AAF6Tsxq2JYSEX6EM8mPQFS_LUyStnHGXRE/getUpdates "HTTP/1.1 200 OK"
2026-06-14 20:33:16,916 [INFO] httpx: HTTP Request: POST https://api.telegram.org/bot8677091828:AAF6Tsxq2JYSEX6EM8mPQFS_LUyStnHGXRE/getUpdates "HTTP/1.1 200 OK"
2026-06-14 20:33:28,073 [INFO] httpx: HTTP Request: POST https://api.telegram.org/bot8677091828:AAF6Tsxq2JYSEX6EM8mPQFS_LUyStnHGXRE/getUpdates "HTTP/1.1 200 OK"
2026-06-14 20:33:38,449 [INFO] httpx: HTTP Request: POST https://api.telegram.org/bot8677091828:AAF6Tsxq2JYSEX6EM8mPQFS_LUyStnHGXRE/getUpdates "HTTP/1.1 200 OK"
2026-06-14 20:33:48,687 [INFO] httpx: HTTP Request: POST https://api.telegram.org/bot8677091828:AAF6Tsxq2JYSEX6EM8mPQFS_LUyStnHGXRE/getUpdates "HTTP/1.1 200 OK"
2026-06-14 20:34:00,209 [INFO] httpx: HTTP Request: POST https://api.telegram.org/bot8677091828:AAF6Tsxq2JYSEX6EM8mPQFS_LUyStnHGXRE/getUpdates "HTTP/1.1 200 OK"
2026-06-14 20:34:13,586 [INFO] httpx: HTTP Request: POST https://api.telegram.org/bot8677091828:AAF6Tsxq2JYSEX6EM8mPQFS_LUyStnHGXRE/getUpdates "HTTP/1.1 200 OK"
2026-06-14 20:34:27,540 [INFO] httpx: HTTP Request: POST https://api.telegram.org/bot8677091828:AAF6Tsxq2JYSEX6EM8mPQFS_LUyStnHGXRE/getUpdates "HTTP/1.1 200 OK"
2026-06-14 20:34:39,568 [INFO] httpx: HTTP Request: POST https://api.telegram.org/bot8677091828:AAF6Tsxq2JYSEX6EM8mPQFS_LUyStnHGXRE/getUpdates "HTTP/1.1 200 OK"
2026-06-14 20:36:17,935 [INFO] apscheduler.scheduler: Adding job tentatively -- it will be properly scheduled when the scheduler starts
2026-06-14 20:36:17,962 [INFO] apscheduler.scheduler: Adding job tentatively -- it will be properly scheduled when the scheduler starts
2026-06-14 20:36:17,963 [INFO] apscheduler.scheduler: Adding job tentatively -- it will be properly scheduled when the scheduler starts
2026-06-14 20:36:17,972 [INFO] apscheduler.scheduler: Adding job tentatively -- it will be properly scheduled when the scheduler starts
2026-06-14 20:36:17,974 [INFO] apscheduler.scheduler: Added job "morning_brief_task" to job store "default"
2026-06-14 20:36:17,976 [INFO] apscheduler.scheduler: Added job "health_check_task" to job store "default"
2026-06-14 20:36:17,977 [INFO] apscheduler.scheduler: Added job "memory_cleanup_task" to job store "default"
2026-06-14 20:36:17,977 [INFO] apscheduler.scheduler: Added job "run_pending_scheduled_tasks" to job store "default"
2026-06-14 20:36:17,978 [INFO] apscheduler.scheduler: Scheduler started
2026-06-14 20:36:31,014 [ERROR] telegram.ext: Network Retry Loop (Bootstrap Initialize Application): Timed out: Timed out. Failed run number 0 of 0. Aborting.
Traceback (most recent call last):
  File "C:\my_ai_team\.venv\Lib\site-packages\httpx\_transports\default.py", line 101, in map_httpcore_exceptions
    yield
  File "C:\my_ai_team\.venv\Lib\site-packages\httpx\_transports\default.py", line 394, in handle_async_request
    resp = await self._pool.handle_async_request(req)
           ^^^^^^^^^^^^^^^^^^^^^^^^^^^^^^^^^^^^^^^^^^
  File "C:\my_ai_team\.venv\Lib\site-packages\httpcore\_async\connection_pool.py", line 256, in handle_async_request
    raise exc from None
  File "C:\my_ai_team\.venv\Lib\site-packages\httpcore\_async\connection_pool.py", line 236, in handle_async_request
    response = await connection.handle_async_request(
               ^^^^^^^^^^^^^^^^^^^^^^^^^^^^^^^^^^^^^^
        pool_request.request
        ^^^^^^^^^^^^^^^^^^^^
    )
    ^
  File "C:\my_ai_team\.venv\Lib\site-packages\httpcore\_async\connection.py", line 101, in handle_async_request
    raise exc
  File "C:\my_ai_team\.venv\Lib\site-packages\httpcore\_async\connection.py", line 78, in handle_async_request
    stream = await self._connect(request)
             ^^^^^^^^^^^^^^^^^^^^^^^^^^^^
  File "C:\my_ai_team\.venv\Lib\site-packages\httpcore\_async\connection.py", line 124, in _connect
    stream = await self._network_backend.connect_tcp(**kwargs)
             ^^^^^^^^^^^^^^^^^^^^^^^^^^^^^^^^^^^^^^^^^^^^^^^^^
  File "C:\my_ai_team\.venv\Lib\site-packages\httpcore\_backends\auto.py", line 31, in connect_tcp
    return await self._backend.connect_tcp(
           ^^^^^^^^^^^^^^^^^^^^^^^^^^^^^^^^
    ...<5 lines>...
    )
    ^
  File "C:\my_ai_team\.venv\Lib\site-packages\httpcore\_backends\anyio.py", line 113, in connect_tcp
    with map_exceptions(exc_map):
         ~~~~~~~~~~~~~~^^^^^^^^^
  File "C:\Users\Sai kiran\AppData\Local\Programs\Python\Python314\Lib\contextlib.py", line 162, in __exit__
    self.gen.throw(value)
    ~~~~~~~~~~~~~~^^^^^^^
  File "C:\my_ai_team\.venv\Lib\site-packages\httpcore\_exceptions.py", line 14, in map_exceptions
    raise to_exc(exc) from exc
httpcore.ConnectTimeout

The above exception was the direct cause of the following exception:

Traceback (most recent call last):
  File "C:\my_ai_team\.venv\Lib\site-packages\telegram\request\_httpxrequest.py", line 279, in do_request
    res = await self._client.request(
          ^^^^^^^^^^^^^^^^^^^^^^^^^^^
    ...<6 lines>...
    )
    ^
  File "C:\my_ai_team\.venv\Lib\site-packages\httpx\_client.py", line 1540, in request
    return await self.send(request, auth=auth, follow_redirects=follow_redirects)
           ^^^^^^^^^^^^^^^^^^^^^^^^^^^^^^^^^^^^^^^^^^^^^^^^^^^^^^^^^^^^^^^^^^^^^^
  File "C:\my_ai_team\.venv\Lib\site-packages\httpx\_client.py", line 1629, in send
    response = await self._send_handling_auth(
               ^^^^^^^^^^^^^^^^^^^^^^^^^^^^^^^
    ...<4 lines>...
    )
    ^
  File "C:\my_ai_team\.venv\Lib\site-packages\httpx\_client.py", line 1657, in _send_handling_auth
    response = await self._send_handling_redirects(
               ^^^^^^^^^^^^^^^^^^^^^^^^^^^^^^^^^^^^
    ...<3 lines>...
    )
    ^
  File "C:\my_ai_team\.venv\Lib\site-packages\httpx\_client.py", line 1694, in _send_handling_redirects
    response = await self._send_single_request(request)
               ^^^^^^^^^^^^^^^^^^^^^^^^^^^^^^^^^^^^^^^^
  File "C:\my_ai_team\.venv\Lib\site-packages\httpx\_client.py", line 1730, in _send_single_request
    response = await transport.handle_async_request(request)
               ^^^^^^^^^^^^^^^^^^^^^^^^^^^^^^^^^^^^^^^^^^^^^
  File "C:\my_ai_team\.venv\Lib\site-packages\httpx\_transports\default.py", line 393, in handle_async_request
    with map_httpcore_exceptions():
         ~~~~~~~~~~~~~~~~~~~~~~~^^
  File "C:\Users\Sai kiran\AppData\Local\Programs\Python\Python314\Lib\contextlib.py", line 162, in __exit__
    self.gen.throw(value)
    ~~~~~~~~~~~~~~^^^^^^^
  File "C:\my_ai_team\.venv\Lib\site-packages\httpx\_transports\default.py", line 118, in map_httpcore_exceptions
    raise mapped_exc(message) from exc
httpx.ConnectTimeout

The above exception was the direct cause of the following exception:

Traceback (most recent call last):
  File "C:\my_ai_team\.venv\Lib\site-packages\telegram\ext\_utils\networkloop.py", line 161, in network_retry_loop
    await do_action()
  File "C:\my_ai_team\.venv\Lib\site-packages\telegram\ext\_utils\networkloop.py", line 136, in do_action
    await action_cb()
  File "C:\my_ai_team\.venv\Lib\site-packages\telegram\ext\_application.py", line 489, in initialize
    await self.bot.initialize()
  File "C:\my_ai_team\.venv\Lib\site-packages\telegram\ext\_extbot.py", line 316, in initialize
    await super().initialize()
  File "C:\my_ai_team\.venv\Lib\site-packages\telegram\_bot.py", line 857, in initialize
    await self.get_me()
  File "C:\my_ai_team\.venv\Lib\site-packages\telegram\ext\_extbot.py", line 2008, in get_me
    return await super().get_me(
           ^^^^^^^^^^^^^^^^^^^^^
    ...<5 lines>...
    )
    ^
  File "C:\my_ai_team\.venv\Lib\site-packages\telegram\_bot.py", line 990, in get_me
    result = await self._post(
             ^^^^^^^^^^^^^^^^^
    ...<6 lines>...
    )
    ^
  File "C:\my_ai_team\.venv\Lib\site-packages\telegram\_bot.py", line 704, in _post
    return await self._do_post(
           ^^^^^^^^^^^^^^^^^^^^
    ...<6 lines>...
    )
    ^
  File "C:\my_ai_team\.venv\Lib\site-packages\telegram\ext\_extbot.py", line 370, in _do_post
    return await super()._do_post(
           ^^^^^^^^^^^^^^^^^^^^^^^
    ...<6 lines>...
    )
    ^
  File "C:\my_ai_team\.venv\Lib\site-packages\telegram\_bot.py", line 733, in _do_post
    result = await request.post(
             ^^^^^^^^^^^^^^^^^^^
    ...<6 lines>...
    )
    ^
  File "C:\my_ai_team\.venv\Lib\site-packages\telegram\request\_baserequest.py", line 198, in post
    result = await self._request_wrapper(
             ^^^^^^^^^^^^^^^^^^^^^^^^^^^^
    ...<7 lines>...
    )
    ^
  File "C:\my_ai_team\.venv\Lib\site-packages\telegram\request\_baserequest.py", line 305, in _request_wrapper
    code, payload = await self.do_request(
                    ^^^^^^^^^^^^^^^^^^^^^^
    ...<7 lines>...
    )
    ^
  File "C:\my_ai_team\.venv\Lib\site-packages\telegram\request\_httpxrequest.py", line 296, in do_request
    raise TimedOut from err
telegram.error.TimedOut: Timed out
2026-06-14 20:37:47,139 [INFO] apscheduler.scheduler: Adding job tentatively -- it will be properly scheduled when the scheduler starts
2026-06-14 20:37:47,140 [INFO] apscheduler.scheduler: Adding job tentatively -- it will be properly scheduled when the scheduler starts
2026-06-14 20:37:47,140 [INFO] apscheduler.scheduler: Adding job tentatively -- it will be properly scheduled when the scheduler starts
2026-06-14 20:37:47,140 [INFO] apscheduler.scheduler: Adding job tentatively -- it will be properly scheduled when the scheduler starts
2026-06-14 20:37:47,141 [INFO] apscheduler.scheduler: Added job "morning_brief_task" to job store "default"
2026-06-14 20:37:47,141 [INFO] apscheduler.scheduler: Added job "health_check_task" to job store "default"
2026-06-14 20:37:47,141 [INFO] apscheduler.scheduler: Added job "memory_cleanup_task" to job store "default"
2026-06-14 20:37:47,141 [INFO] apscheduler.scheduler: Added job "run_pending_scheduled_tasks" to job store "default"
2026-06-14 20:37:47,141 [INFO] apscheduler.scheduler: Scheduler started
